pool_size,take_up,years,initial_capital_mult,subsidy_fraction_of_premium,subsidy_per_enrollee,member_contribution,initial_capital,psi,mc_se,mean_terminal_surplus,p05_terminal_surplus,income_per_enrollee
5000,Random,1,0.0,0.0,0.0,8571.47462433637,0.0,1.0,0.0,-62798243.97000864,-76968283.33859271,8571.47462433637
5000,Random,1,0.0,0.05,1293.1980001611598,8571.47462433637,0.0,1.0,0.0,-56978852.969283424,-71148892.3378675,9864.672624497529
5000,Random,1,0.0,0.1,2586.3960003223197,8571.47462433637,0.0,1.0,0.0,-51159461.9685582,-65329501.33714225,11157.87062465869
5000,Random,1,0.0,0.15,3879.594000483479,8571.47462433637,0.0,1.0,0.0,-45340070.96783298,-59510110.336417034,12451.068624819849
5000,Random,1,0.0,0.2,5172.792000644639,8571.47462433637,0.0,1.0,0.0,-39520679.96710776,-53690719.33569181,13744.26662498101
5000,Random,1,0.0,0.25,6465.990000805798,8571.47462433637,0.0,1.0,0.0,-33701288.96638254,-47871328.33496659,15037.46462514217
5000,Random,1,0.0,0.3,7759.188000966958,8571.47462433637,0.0,1.0,0.0,-27881897.96565733,-42051937.33424138,16330.662625303328
5000,Random,1,0.0,0.35,9052.386001128118,8571.47462433637,0.0,0.9993,0.00026448251359967713,-22062506.964932103,-36232546.33351616,17623.860625464487
5000,Random,1,0.0,0.4,10345.584001289279,8571.47462433637,0.0,0.9851,0.0012115275481803963,-16243115.964206878,-30413155.332790937,18917.05862562565
5000,Random,1,0.0,0.45,11638.782001450438,8571.47462433637,0.0,0.9039,0.0029472833253693133,-10423724.96348167,-24593764.332065728,20210.25662578681
5000,Random,1,0.0,0.5,12931.980001611597,8571.47462433637,0.0,0.6976,0.004592975506139784,-4604333.962756447,-18774373.331340503,21503.45462594797
5000,Random,1,0.0,0.55,14225.178001772758,8571.47462433637,0.0,0.4211,0.004937355466238987,1215057.0379687634,-12954982.330615291,22796.652626109128
5000,Random,1,0.0,0.6,15518.376001933915,8571.47462433637,0.0,0.192,0.0039387307600291755,7034448.038693988,-7135591.329890068,24089.850626270287
5000,Random,1,0.0,0.65,16811.574002095076,8571.47462433637,0.0,0.0649,0.00246349325146224,12853839.039419211,-1316200.329164843,25383.048626431446
5000,Random,1,0.0,0.7,18104.772002256235,8571.47462433637,0.0,0.0178,0.0013222390101641987,18673230.04014442,4503190.671560367,26676.246626592605
5000,Random,1,0.0,0.75,19397.970002417394,8571.47462433637,0.0,0.0046,0.0006766712643521964,24492621.040869646,10322581.672285592,27969.444626753764
5000,Random,1,0.0,0.8,20691.168002578557,8571.47462433637,0.0,0.001,0.0003160696125855822,30312012.04159486,16141972.673010802,29262.642626914927
5000,Random,1,0.0,0.85,21984.366002739713,8571.47462433637,0.0,0.0001,9.999499987499375e-05,36131403.042320065,21961363.67373601,30555.840627076082
5000,Random,1,0.0,0.9,23277.564002900875,8571.47462433637,0.0,0.0,0.0,41950794.043045275,27780754.67446122,31849.038627237245
5000,Random,1,0.0,0.95,24570.762003062035,8571.47462433637,0.0,0.0,0.0,47770185.043770544,33600145.67518649,33142.23662739841
5000,Random,1,0.0,1.0,25863.960003223194,8571.47462433637,0.0,0.0,0.0,53589576.044495724,39419536.67591167,34435.43462755956
5000,Random,1,0.0,1.05,27157.158003384353,8571.47462433637,0.0,0.0,0.0,59408967.04522095,45238927.67663691,35728.632627720726
5000,Random,1,0.0,1.1,28450.356003545516,8571.47462433637,0.0,0.0,0.0,65228358.045946166,51058318.67736212,37021.830627881885
5000,Random,1,0.0,1.15,29743.55400370667,8571.47462433637,0.0,0.0,0.0,71047749.04667139,56877709.67808733,38315.028628043045
5000,Random,1,0.0,1.2,31036.75200386783,8571.47462433637,0.0,0.0,0.0,76867140.0473966,62697100.67881254,39608.2266282042
5000,Random,1,0.0,1.25,32329.950004028993,8571.47462433637,0.0,0.0,0.0,82686531.04812182,68516491.67953777,40901.42462836536
5000,Random,1,0.0,1.3,33623.14800419015,8571.47462433637,0.0,0.0,0.0,88505922.04884705,74335882.68026298,42194.62262852652
5000,Random,1,0.0,1.35,34916.34600435131,8571.47462433637,0.0,0.0,0.0,94325313.04957224,80155273.6809882,43487.82062868768
5000,Random,1,0.0,1.4,36209.54400451247,8571.47462433637,0.0,0.0,0.0,100144704.05029745,85974664.6817134,44781.01862884884
5000,Random,1,0.0,1.45,37502.74200467363,8571.47462433637,0.0,0.0,0.0,105964095.05102271,91794055.68243864,46074.21662901
5000,Random,1,0.0,1.5,38795.94000483479,8571.47462433637,0.0,0.0,0.0,111783486.0517479,97613446.68316385,47367.41462917116
5000,Random,1,0.0,1.55,40089.13800499595,8571.47462433637,0.0,0.0,0.0,117602877.05247311,103432837.68388906,48660.61262933232
5000,Random,1,0.0,1.6,41382.336005157114,8571.47462433637,0.0,0.0,0.0,123422268.05319838,109252228.68461433,49953.810629493484
5000,Random,1,0.0,1.65,42675.534005318266,8571.47462433637,0.0,0.0,0.0,129241659.05392353,115071619.68533948,51247.008629654636
5000,Random,1,0.0,1.7,43968.732005479425,8571.47462433637,0.0,0.0,0.0,135061050.0546488,120891010.68606472,52540.206629815795
5000,Random,1,0.0,1.75,45261.93000564059,8571.47462433637,0.0,0.0,0.0,140880441.05537406,126710401.68678999,53833.40462997696
5000,Random,1,0.0,1.8,46555.12800580175,8571.47462433637,0.0,0.0,0.0,146699832.05609927,132529792.6875152,55126.60263013812
5000,Random,1,0.0,1.85,47848.32600596291,8571.47462433637,0.0,0.0,0.0,152519223.05682448,138349183.6882404,56419.80063029928
5000,Random,1,0.0,1.9,49141.52400612407,8571.47462433637,0.0,0.0,0.0,158338614.0575497,144168574.68896562,57712.99863046044
5000,Random,1,0.0,1.95,50434.72200628523,8571.47462433637,0.0,0.0,0.0,164158005.0582749,149987965.68969083,59006.1966306216
5000,Random,1,0.0,2.0,51727.92000644639,8571.47462433637,0.0,0.0,0.0,169977396.05900013,155807356.69041607,60299.39463078276
5000,Random,1,0.0,2.05,53021.11800660754,8571.47462433637,0.0,0.0,0.0,175796787.05972528,161626747.69114122,61592.59263094391
5000,Random,1,0.0,2.1,54314.316006768706,8571.47462433637,0.0,0.0,0.0,181616178.06045052,167446138.6918665,62885.790631105076
5000,Random,1,0.0,2.15,55607.514006929865,8571.47462433637,0.0,0.0,0.0,187435569.06117576,173265529.6925917,64178.988631266235
5000,Random,1,0.0,2.2,56900.71200709103,8571.47462433637,0.0,0.0,0.0,193254960.06190097,179084920.6933169,65472.1866314274
5000,Random,1,0.0,2.25,58193.91000725218,8571.47462433637,0.0,0.0,0.0,199074351.06262618,184904311.69404212,66765.38463158856
5000,Random,1,0.0,2.3,59487.10800741334,8571.47462433637,0.0,0.0,0.0,204893742.0633514,190723702.69476733,68058.58263174971
5000,Random,1,0.0,2.35,60780.30600757451,8571.47462433637,0.0,0.0,0.0,210713133.06407666,196543093.6954926,69351.78063191088
5000,Random,1,0.0,2.4,62073.50400773566,8571.47462433637,0.0,0.0,0.0,216532524.06480184,202362484.6962178,70644.97863207203
5000,Random,1,0.0,2.45,63366.70200789683,8571.47462433637,0.0,0.0,0.0,222351915.06552714,208181875.69694307,71938.1766322332
5000,Random,1,0.0,2.5,64659.900008057986,8571.47462433637,0.0,0.0,0.0,228171306.06625223,214001266.69766822,73231.37463239435
5000,Random,1,0.1,0.0,0.0,8571.47462433637,4285737.312168185,1.0,0.0,-58512506.65784045,-72682546.02642451,8571.47462433637
5000,Random,1,0.1,0.05,1293.1980001611598,8571.47462433637,4932336.312248765,1.0,0.0,-52046516.657034665,-66216556.02561872,9864.672624497529
5000,Random,1,0.1,0.1,2586.3960003223197,8571.47462433637,5578935.312329345,1.0,0.0,-45580526.65622885,-59750566.02481291,11157.87062465869
5000,Random,1,0.1,0.15,3879.594000483479,8571.47462433637,6225534.312409924,1.0,0.0,-39114536.65542306,-53284576.02400711,12451.068624819849
5000,Random,1,0.1,0.2,5172.792000644639,8571.47462433637,6872133.312490505,1.0,0.0,-32648546.654617254,-46818586.02320131,13744.26662498101
5000,Random,1,0.1,0.25,6465.990000805798,8571.47462433637,7518732.312571084,1.0,0.0,-26182556.65381146,-40352596.022395514,15037.46462514217
5000,Random,1,0.1,0.3,7759.188000966958,8571.47462433637,8165331.312651664,0.9978,0.0004685253461660297,-19716566.653005667,-33886606.02158972,16330.662625303328
5000,Random,1,0.1,0.35,9052.386001128118,8571.47462433637,8811930.312732244,0.9599,0.0019619375627170205,-13250576.652199857,-27420616.020783912,17623.860625464487
5000,Random,1,0.1,0.4,10345.584001289279,8571.47462433637,9458529.312812826,0.7878,0.004088656992216394,-6784586.651394061,-20954626.019978117,18917.05862562565
5000,Random,1,0.1,0.45,11638.782001450438,8571.47462433637,10105128.312893406,0.4954,0.004999788395522354,-318596.6505882655,-14488636.01917232,20210.25662578681
5000,Random,1,0.1,0.5,12931.980001611597,8571.47462433637,10751727.312973984,0.2197,0.004140433672938138,6147393.3502175445,-8022646.018366511,21503.45462594797
5000,Random,1,0.1,0.55,14225.178001772758,8571.47462433637,11398326.313054563,0.0676,0.0025105824025512483,12613383.351023324,-1556656.0175607307,22796.652626109128
5000,Random,1,0.1,0.6,15518.376001933915,8571.47462433637,12044925.313135143,0.0163,0.0012662665596153127,19079373.351829138,4909333.983245079,24089.850626270287
5000,Random,1,0.1,0.65,16811.574002095076,8571.47462433637,12691524.313215723,0.0034,0.0005821030836544331,25545363.35263493,11375323.984050876,25383.048626431446
5000,Random,1,0.1,0.7,18104.772002256235,8571.47462433637,13338123.313296303,0.0005,0.0002235508890610816,32011353.353440724,17841313.98485667,26676.246626592605
5000,Random,1,0.1,0.75,19397.970002417394,8571.47462433637,13984722.313376881,0.0001,9.999499987499375e-05,38477343.35424652,24307303.985662464,27969.444626753764
5000,Random,1,0.1,0.8,20691.168002578557,8571.47462433637,14631321.313457463,0.0,0.0,44943333.355052315,30773293.98646826,29262.642626914927
5000,Random,1,0.1,0.85,21984.366002739713,8571.47462433637,15277920.313538041,0.0,0.0,51409323.35585811,37239283.98727406,30555.840627076082
5000,Random,1,0.1,0.9,23277.564002900875,8571.47462433637,15924519.313618623,0.0,0.0,57875313.35666391,43705273.98807985,31849.038627237245
5000,Random,1,0.1,0.95,24570.762003062035,8571.47462433637,16571118.313699204,0.0,0.0,64341303.357469775,50171263.98888571,33142.23662739841
5000,Random,1,0.1,1.0,25863.960003223194,8571.47462433637,17217717.31377978,0.0,0.0,70807293.3582755,56637253.989691444,34435.43462755956
5000,Random,1,0.1,1.05,27157.158003384353,8571.47462433637,17864316.313860364,0.0,0.0,77273283.35908133,63103243.99049727,35728.632627720726
5000,Random,1,0.1,1.1,28450.356003545516,8571.47462433637,18510915.313940942,0.0,0.0,83739273.35988711,69569233.99130306,37021.830627881885
5000,Random,1,0.1,1.15,29743.55400370667,8571.47462433637,19157514.314021524,0.0,0.0,90205263.36069292,76035223.99210885,38315.028628043045
5000,Random,1,0.1,1.2,31036.75200386783,8571.47462433637,19804113.3141021,0.0,0.0,96671253.36149871,82501213.99291465,39608.2266282042
5000,Random,1,0.1,1.25,32329.950004028993,8571.47462433637,20450712.31418268,0.0,0.0,103137243.3623045,88967203.99372044,40901.42462836536
5000,Random,1,0.1,1.3,33623.14800419015,8571.47462433637,21097311.31426326,0.0,0.0,109603233.3631103,95433193.99452624,42194.62262852652
5000,Random,1,0.1,1.35,34916.34600435131,8571.47462433637,21743910.31434384,0.0,0.0,116069223.36391608,101899183.99533203,43487.82062868768
5000,Random,1,0.1,1.4,36209.54400451247,8571.47462433637,22390509.31442442,0.0,0.0,122535213.36472188,108365173.99613783,44781.01862884884
5000,Random,1,0.1,1.45,37502.74200467363,8571.47462433637,23037108.314505,0.0,0.0,129001203.3655277,114831163.99694365,46074.21662901
5000,Random,1,0.1,1.5,38795.94000483479,8571.47462433637,23683707.314585578,0.0,0.0,135467193.36633348,121297153.99774942,47367.41462917116
5000,Random,1,0.1,1.55,40089.13800499595,8571.47462433637,24330306.31466616,0.0,0.0,141933183.36713925,127763143.99855521,48660.61262933232
5000,Random,1,0.1,1.6,41382.336005157114,8571.47462433637,24976905.31474674,0.0,0.0,148399173.36794513,134229133.99936107,49953.810629493484
5000,Random,1,0.1,1.65,42675.534005318266,8571.47462433637,25623504.31482732,0.0,0.0,154865163.36875084,140695124.0001668,51247.008629654636
5000,Random,1,0.1,1.7,43968.732005479425,8571.47462433637,26270103.314907897,0.0,0.0,161331153.3695567,147161114.00097263,52540.206629815795
5000,Random,1,0.1,1.75,45261.93000564059,8571.47462433637,26916702.31498848,0.0,0.0,167797143.3703625,153627104.00177845,53833.40462997696
5000,Random,1,0.1,1.8,46555.12800580175,8571.47462433637,27563301.31506906,0.0,0.0,174263133.37116832,160093094.00258425,55126.60263013812
5000,Random,1,0.1,1.85,47848.32600596291,8571.47462433637,28209900.31514964,0.0,0.0,180729123.3719741,166559084.00339004,56419.80063029928
5000,Random,1,0.1,1.9,49141.52400612407,8571.47462433637,28856499.31523022,0.0,0.0,187195113.37277988,173025074.00419584,57712.99863046044
5000,Random,1,0.1,1.95,50434.72200628523,8571.47462433637,29503098.3153108,0.0,0.0,193661103.3735857,179491064.00500163,59006.1966306216
5000,Random,1,0.1,2.0,51727.92000644639,8571.47462433637,30149697.31539138,0.0,0.0,200127093.37439147,185957054.00580743,60299.39463078276
5000,Random,1,0.1,2.05,53021.11800660754,8571.47462433637,30796296.315471955,0.0,0.0,206593083.3751972,192423044.00661317,61592.59263094391
5000,Random,1,0.1,2.1,54314.316006768706,8571.47462433637,31442895.315552536,0.0,0.0,213059073.3760031,198889034.00741902,62885.790631105076
5000,Random,1,0.1,2.15,55607.514006929865,8571.47462433637,32089494.31563312,0.0,0.0,219525063.37680888,205355024.00822482,64178.988631266235
5000,Random,1,0.1,2.2,56900.71200709103,8571.47462433637,32736093.3157137,0.0,0.0,225991053.37761465,211821014.0090306,65472.1866314274
5000,Random,1,0.1,2.25,58193.91000725218,8571.47462433637,33382692.31579428,0.0,0.0,232457043.3784205,218287004.0098364,66765.38463158856
5000,Random,1,0.1,2.3,59487.10800741334,8571.47462433637,34029291.31587486,0.0,0.0,238923033.37922627,224752994.0106422,68058.58263174971
5000,Random,1,0.1,2.35,60780.30600757451,8571.47462433637,34675890.31595544,0.0,0.0,245389023.38003212,231218984.01144806,69351.78063191088
5000,Random,1,0.1,2.4,62073.50400773566,8571.47462433637,35322489.316036016,0.0,0.0,251855013.3808379,237684974.01225385,70644.97863207203
5000,Random,1,0.1,2.45,63366.70200789683,8571.47462433637,35969088.3161166,0.0,0.0,258321003.38164374,244150964.0130597,71938.1766322332
5000,Random,1,0.1,2.5,64659.900008057986,8571.47462433637,36615687.31619717,0.0,0.0,264786993.38244942,250616954.01386538,73231.37463239435
5000,Random,1,0.25,0.0,0.0,8571.47462433637,10714343.280420462,1.0,0.0,-52083900.68958818,-66253940.05817223,8571.47462433637
5000,Random,1,0.25,0.05,1293.1980001611598,8571.47462433637,12330840.78062191,1.0,0.0,-44648012.188661516,-58818051.557245575,9864.672624497529
5000,Random,1,0.25,0.1,2586.3960003223197,8571.47462433637,13947338.280823363,1.0,0.0,-37212123.68773484,-51382163.05631889,11157.87062465869
5000,Random,1,0.25,0.15,3879.594000483479,8571.47462433637,15563835.781024812,1.0,0.0,-29776235.186808173,-43946274.55539223,12451.068624819849
5000,Random,1,0.25,0.2,5172.792000644639,8571.47462433637,17180333.281226262,0.9995,0.00022355088906106927,-22340346.6858815,-36510386.054465555,13744.26662498101
5000,Random,1,0.25,0.25,6465.990000805798,8571.47462433637,18796830.78142771,0.9763,0.0015211281997254554,-14904458.184954828,-29074497.553538885,15037.46462514217
5000,Random,1,0.25,0.3,7759.188000966958,8571.47462433637,20413328.28162916,0.8129,0.0038999178196469733,-7468569.684028169,-21638609.052612226,16330.662625303328
5000,Random,1,0.25,0.35,9052.386001128118,8571.47462433637,22029825.78183061,0.4807,0.004996273711477385,-32681.183101496506,-14202720.551685551,17623.860625464487
5000,Random,1,0.25,0.4,10345.584001289279,8571.47462433637,23646323.28203206,0.1826,0.0038633824558280535,7403207.317825177,-6766832.050758879,18917.05862562565
5000,Random,1,0.25,0.45,11638.782001450438,8571.47462433637,25262820.78223351,0.0431,0.0020308222472683324,14839095.818751838,669056.4501677799,20210.25662578681
5000,Random,1,0.25,0.5,12931.980001611597,8571.47462433637,26879318.28243496,0.0076,0.0008684607072285999,22274984.319678508,8104944.951094453,21503.45462594797
5000,Random,1,0.25,0.55,14225.178001772758,8571.47462433637,28495815.782636408,0.0013,0.00036032069049667407,29710872.82060517,15540833.452021113,22796.652626109128
5000,Random,1,0.25,0.6,15518.376001933915,8571.47462433637,30112313.28283786,0.0001,9.999499987499375e-05,37146761.321531855,22976721.9529478,24089.850626270287
5000,Random,1,0.25,0.65,16811.574002095076,8571.47462433637,31728810.78303931,0.0,0.0,44582649.82245853,30412610.453874473,25383.048626431446
5000,Random,1,0.25,0.7,18104.772002256235,8571.47462433637,33345308.283240758,0.0,0.0,52018538.32338517,37848498.95480112,26676.246626592605
5000,Random,1,0.25,0.75,19397.970002417394,8571.47462433637,34961805.78344221,0.0,0.0,59454426.82431184,45284387.45572779,27969.444626753764
5000,Random,1,0.25,0.8,20691.168002578557,8571.47462433637,36578303.283643655,0.0,0.0,66890315.325238526,52720275.95665447,29262.642626914927
5000,Random,1,0.25,0.85,21984.366002739713,8571.47462433637,38194800.783845104,0.0,0.0,74326203.82616515,60156164.45758111,30555.840627076082
5000,Random,1,0.25,0.9,23277.564002900875,8571.47462433637,39811298.28404655,0.0,0.0,81762092.32709184,67592052.95850778,31849.038627237245
5000,Random,1,0.25,0.95,24570.762003062035,8571.47462433637,41427795.78424801,0.0,0.0,89197980.82801853,75027941.45943448,33142.23662739841
5000,Random,1,0.25,1.0,25863.960003223194,8571.47462433637,43044293.28444945,0.0,0.0,96633869.32894519,82463829.96036112,34435.43462755956
5000,Random,1,0.25,1.05,27157.158003384353,8571.47462433637,44660790.78465091,0.0,0.0,104069757.82987188,89899718.46128783,35728.632627720726
5000,Random,1,0.25,1.1,28450.356003545516,8571.47462433637,46277288.284852356,0.0,0.0,111505646.33079854,97335606.96221447,37021.830627881885
5000,Random,1,0.25,1.15,29743.55400370667,8571.47462433637,47893785.785053805,0.0,0.0,118941534.83172517,104771495.46314111,38315.028628043045
5000,Random,1,0.25,1.2,31036.75200386783,8571.47462433637,49510283.285255246,0.0,0.0,126377423.33265185,112207383.96406779,39608.2266282042
5000,Random,1,0.25,1.25,32329.950004028993,8571.47462433637,51126780.7854567,0.0,0.0,133813311.83357851,119643272.46499446,40901.42462836536
5000,Random,1,0.25,1.3,33623.14800419015,8571.47462433637,52743278.28565815,0.0,0.0,141249200.33450517,127079160.96592113,42194.62262852652
5000,Random,1,0.25,1.35,34916.34600435131,8571.47462433637,54359775.7858596,0.0,0.0,148685088.83543187,134515049.4668478,43487.82062868768
5000,Random,1,0.25,1.4,36209.54400451247,8571.47462433637,55976273.28606105,0.0,0.0,156120977.33635852,141950937.96777445,44781.01862884884
5000,Random,1,0.25,1.45,37502.74200467363,8571.47462433637,57592770.7862625,0.0,0.0,163556865.8372852,149386826.46870115,46074.21662901
5000,Random,1,0.25,1.5,38795.94000483479,8571.47462433637,59209268.286463946,0.0,0.0,170992754.3382119,156822714.96962783,47367.41462917116
5000,Random,1,0.25,1.55,40089.13800499595,8571.47462433637,60825765.786665395,0.0,0.0,178428642.8391385,164258603.47055444,48660.61262933232
5000,Random,1,0.25,1.6,41382.336005157114,8571.47462433637,62442263.28686686,0.0,0.0,185864531.34006524,171694491.97148117,49953.810629493484
5000,Random,1,0.25,1.65,42675.534005318266,8571.47462433637,64058760.78706829,0.0,0.0,193300419.84099185,179130380.4724078,51247.008629654636
5000,Random,1,0.25,1.7,43968.732005479425,8571.47462433637,65675258.28726974,0.0,0.0,200736308.34191853,186566268.97333446,52540.206629815795
5000,Random,1,0.25,1.75,45261.93000564059,8571.47462433637,67291755.7874712,0.0,0.0,208172196.84284526,194002157.4742612,53833.40462997696
5000,Random,1,0.25,1.8,46555.12800580175,8571.47462433637,68908253.28767265,0.0,0.0,215608085.34377193,201438045.97518787,55126.60263013812
5000,Random,1,0.25,1.85,47848.32600596291,8571.47462433637,70524750.7878741,0.0,0.0,223043973.84469855,208873934.47611448,56419.80063029928
5000,Random,1,0.25,1.9,49141.52400612407,8571.47462433637,72141248.28807555,0.0,0.0,230479862.3456252,216309822.97704116,57712.99863046044
5000,Random,1,0.25,1.95,50434.72200628523,8571.47462433637,73757745.788277,0.0,0.0,237915750.8465519,223745711.47796783,59006.1966306216
5000,Random,1,0.25,2.0,51727.92000644639,8571.47462433637,75374243.28847845,0.0,0.0,245351639.34747857,231181599.9788945,60299.39463078276
5000,Random,1,0.25,2.05,53021.11800660754,8571.47462433637,76990740.78867988,0.0,0.0,252787527.84840518,238617488.47982112,61592.59263094391
5000,Random,1,0.25,2.1,54314.316006768706,8571.47462433637,78607238.28888135,0.0,0.0,260223416.3493319,246053376.98074785,62885.790631105076
5000,Random,1,0.25,2.15,55607.514006929865,8571.47462433637,80223735.7890828,0.0,0.0,267659304.8502586,253489265.48167452,64178.988631266235
5000,Random,1,0.25,2.2,56900.71200709103,8571.47462433637,81840233.28928424,0.0,0.0,275095193.35118526,260925153.98260114,65472.1866314274
5000,Random,1,0.25,2.25,58193.91000725218,8571.47462433637,83456730.7894857,0.0,0.0,282531081.8521119,268361042.4835278,66765.38463158856
5000,Random,1,0.25,2.3,59487.10800741334,8571.47462433637,85073228.28968714,0.0,0.0,289966970.35303855,275796930.9844545,68058.58263174971
5000,Random,1,0.25,2.35,60780.30600757451,8571.47462433637,86689725.7898886,0.0,0.0,297402858.8539652,283232819.48538125,69351.78063191088
5000,Random,1,0.25,2.4,62073.50400773566,8571.47462433637,88306223.29009004,0.0,0.0,304838747.3548919,290668707.98630786,70644.97863207203
5000,Random,1,0.25,2.45,63366.70200789683,8571.47462433637,89922720.7902915,0.0,0.0,312274635.8558186,298104596.4872346,71938.1766322332
5000,Random,1,0.25,2.5,64659.900008057986,8571.47462433637,91539218.29049294,0.0,0.0,319710524.35674524,305540484.9881612,73231.37463239435
5000,Random,1,0.5,0.0,0.0,8571.47462433637,21428686.560840923,1.0,0.0,-41369557.409167714,-55539596.777751766,8571.47462433637
5000,Random,1,0.5,0.05,1293.1980001611598,8571.47462433637,24661681.56124382,1.0,0.0,-32317171.408039607,-46487210.77662366,9864.672624497529
5000,Random,1,0.5,0.1,2586.3960003223197,8571.47462433637,27894676.561646726,0.9997,0.00017317909804591517,-23264785.40691147,-37434824.77549552,11157.87062465869
5000,Random,1,0.5,0.15,3879.594000483479,8571.47462433637,31127671.562049624,0.9704,0.0016948109039063904,-14212399.405783363,-28382438.77436742,12451.068624819849
5000,Random,1,0.5,0.2,5172.792000644639,8571.47462433637,34360666.562452525,0.7211,0.004484582366285628,-5160013.404655225,-19330052.77323928,13744.26662498101
5000,Random,1,0.5,0.25,6465.990000805798,8571.47462433637,37593661.56285542,0.3065,0.004610398572791728,3892372.5964728827,-10277666.772111172,15037.46462514217
5000,Random,1,0.5,0.3,7759.188000966958,8571.47462433637,40826656.56325832,0.064,0.002447529366524537,12944758.59760099,-1225280.7709830655,16330.662625303328
5000,Random,1,0.5,0.35,9052.386001128118,8571.47462433637,44059651.56366122,0.0079,0.0008853016435091489,21997144.59872911,7827105.230145057,17623.860625464487
5000,Random,1,0.5,0.4,10345.584001289279,8571.47462433637,47292646.56406412,0.0009,0.0002998649696113236,31049530.599857233,16879491.231273178,18917.05862562565
5000,Random,1,0.5,0.45,11638.782001450438,8571.47462433637,50525641.56446702,0.0,0.0,40101916.60098534,25931877.232401285,20210.25662578681
5000,Random,1,0.5,0.5,12931.980001611597,8571.47462433637,53758636.56486992,0.0,0.0,49154302.60211348,34984263.233529426,21503.45462594797
5000,Random,1,0.5,0.55,14225.178001772758,8571.47462433637,56991631.565272816,0.0,0.0,58206688.60324158,44036649.23465753,22796.652626109128
5000,Random,1,0.5,0.6,15518.376001933915,8571.47462433637,60224626.56567572,0.0,0.0,67259074.6043697,53089035.23578564,24089.850626270287
5000,Random,1,0.5,0.65,16811.574002095076,8571.47462433637,63457621.56607862,0.0,0.0,76311460.60549782,62141421.23691378,25383.048626431446
5000,Random,1,0.5,0.7,18104.772002256235,8571.47462433637,66690616.566481516,0.0,0.0,85363846.60662596,71193807.23804188,26676.246626592605
5000,Random,1,0.5,0.75,19397.970002417394,8571.47462433637,69923611.56688441,0.0,0.0,94416232.60775405,80246193.23916999,27969.444626753764
5000,Random,1,0.5,0.8,20691.168002578557,8571.47462433637,73156606.56728731,0.0,0.0,103468618.60888217,89298579.24029812,29262.642626914927
5000,Random,1,0.5,0.85,21984.366002739713,8571.47462433637,76389601.56769021,0.0,0.0,112521004.61001025,98350965.2414262,30555.840627076082
5000,Random,1,0.5,0.9,23277.564002900875,8571.47462433637,79622596.5680931,0.0,0.0,121573390.6111384,107403351.24255434,31849.038627237245
5000,Random,1,0.5,0.95,24570.762003062035,8571.47462433637,82855591.56849602,0.0,0.0,130625776.61226657,116455737.2436825,33142.23662739841
5000,Random,1,0.5,1.0,25863.960003223194,8571.47462433637,86088586.5688989,0.0,0.0,139678162.61339462,125508123.24481055,34435.43462755956
5000,Random,1,0.5,1.05,27157.158003384353,8571.47462433637,89321581.56930181,0.0,0.0,148730548.61452278,134560509.24593872,35728.632627720726
5000,Random,1,0.5,1.1,28450.356003545516,8571.47462433637,92554576.56970471,0.0,0.0,157782934.6156509,143612895.24706683,37021.830627881885
5000,Random,1,0.5,1.15,29743.55400370667,8571.47462433637,95787571.57010761,0.0,0.0,166835320.616779,152665281.24819493,38315.028628043045
5000,Random,1,0.5,1.2,31036.75200386783,8571.47462433637,99020566.57051049,0.0,0.0,175887706.6179071,161717667.24932304,39608.2266282042
5000,Random,1,0.5,1.25,32329.950004028993,8571.47462433637,102253561.5709134,0.0,0.0,184940092.61903524,170770053.25045118,40901.42462836536
5000,Random,1,0.5,1.3,33623.14800419015,8571.47462433637,105486556.5713163,0.0,0.0,193992478.6201633,179822439.25157925,42194.62262852652
5000,Random,1,0.5,1.35,34916.34600435131,8571.47462433637,108719551.5717192,0.0,0.0,203044864.62129146,188874825.2527074,43487.82062868768
5000,Random,1,0.5,1.4,36209.54400451247,8571.47462433637,111952546.5721221,0.0,0.0,212097250.62241957,197927211.25383553,44781.01862884884
5000,Random,1,0.5,1.45,37502.74200467363,8571.47462433637,115185541.572525,0.0,0.0,221149636.62354764,206979597.2549636,46074.21662901
5000,Random,1,0.5,1.5,38795.94000483479,8571.47462433637,118418536.57292789,0.0,0.0,230202022.62467578,216031983.25609174,47367.41462917116
5000,Random,1,0.5,1.55,40089.13800499595,8571.47462433637,121651531.57333079,0.0,0.0,239254408.62580392,225084369.25721988,48660.61262933232
5000,Random,1,0.5,1.6,41382.336005157114,8571.47462433637,124884526.57373372,0.0,0.0,248306794.6269321,234136755.25834808,49953.810629493484
5000,Random,1,0.5,1.65,42675.534005318266,8571.47462433637,128117521.57413658,0.0,0.0,257359180.62806007,243189141.25947604,51247.008629654636
5000,Random,1,0.5,1.7,43968.732005479425,8571.47462433637,131350516.57453948,0.0,0.0,266411566.62918827,252241527.26060423,52540.206629815795
5000,Random,1,0.5,1.75,45261.93000564059,8571.47462433637,134583511.5749424,0.0,0.0,275463952.6303165,261293913.26173243,53833.40462997696
5000,Random,1,0.5,1.8,46555.12800580175,8571.47462433637,137816506.5753453,0.0,0.0,284516338.6314445,270346299.26286054,55126.60263013812
5000,Random,1,0.5,1.85,47848.32600596291,8571.47462433637,141049501.5757482,0.0,0.0,293568724.63257265,279398685.2639886,56419.80063029928
5000,Random,1,0.5,1.9,49141.52400612407,8571.47462433637,144282496.5761511,0.0,0.0,302621110.6337008,288451071.26511675,57712.99863046044
5000,Random,1,0.5,1.95,50434.72200628523,8571.47462433637,147515491.576554,0.0,0.0,311673496.6348289,297503457.2662449,59006.1966306216
5000,Random,1,0.5,2.0,51727.92000644639,8571.47462433637,150748486.5769569,0.0,0.0,320725882.635957,306555843.26737297,60299.39463078276
5000,Random,1,0.5,2.05,53021.11800660754,8571.47462433637,153981481.57735977,0.0,0.0,329778268.6370851,315608229.26850104,61592.59263094391
5000,Random,1,0.5,2.1,54314.316006768706,8571.47462433637,157214476.5777627,0.0,0.0,338830654.6382133,324660615.26962924,62885.790631105076
5000,Random,1,0.5,2.15,55607.514006929865,8571.47462433637,160447471.5781656,0.0,0.0,347883040.63934135,333713001.2707573,64178.988631266235
5000,Random,1,0.5,2.2,56900.71200709103,8571.47462433637,163680466.5785685,0.0,0.0,356935426.64046943,342765387.2718854,65472.1866314274
5000,Random,1,0.5,2.25,58193.91000725218,8571.47462433637,166913461.5789714,0.0,0.0,365987812.64159757,351817773.27301353,66765.38463158856
5000,Random,1,0.5,2.3,59487.10800741334,8571.47462433637,170146456.57937428,0.0,0.0,375040198.6427257,360870159.27414167,68058.58263174971
5000,Random,1,0.5,2.35,60780.30600757451,8571.47462433637,173379451.5797772,0.0,0.0,384092584.6438539,369922545.27526987,69351.78063191088
5000,Random,1,0.5,2.4,62073.50400773566,8571.47462433637,176612446.58018008,0.0,0.0,393144970.6449819,378974931.27639794,70644.97863207203
5000,Random,1,0.5,2.45,63366.70200789683,8571.47462433637,179845441.580583,0.0,0.0,402197356.6461102,388027317.27752614,71938.1766322332
5000,Random,1,0.5,2.5,64659.900008057986,8571.47462433637,183078436.58098587,0.0,0.0,411249742.6472381,397079703.2786541,73231.37463239435
5000,Random,3,0.0,0.0,0.0,8571.47462433637,0.0,1.0,0.0,-188315064.49894172,-212403454.45097595,8571.47462433637
5000,Random,3,0.0,0.05,1293.1980001611598,8571.47462433637,0.0,1.0,0.0,-170856891.49676612,-194945281.44880033,9864.672624497529
5000,Random,3,0.0,0.1,2586.3960003223197,8571.47462433637,0.0,1.0,0.0,-153398718.49459037,-177487108.44662464,11157.87062465869
5000,Random,3,0.0,0.15,3879.594000483479,8571.47462433637,0.0,1.0,0.0,-135940545.49241474,-160028935.44444898,12451.068624819849
5000,Random,3,0.0,0.2,5172.792000644639,8571.47462433637,0.0,1.0,0.0,-118482372.49023908,-142570762.44227332,13744.26662498101
5000,Random,3,0.0,0.25,6465.990000805798,8571.47462433637,0.0,1.0,0.0,-101024199.48806342,-125112589.44009767,15037.46462514217
5000,Random,3,0.0,0.3,7759.188000966958,8571.47462433637,0.0,1.0,0.0,-83566026.4858878,-107654416.43792205,16330.662625303328
5000,Random,3,0.0,0.35,9052.386001128118,8571.47462433637,0.0,1.0,0.0,-66109308.38754895,-90196243.43574639,17623.860625464487
5000,Random,3,0.0,0.4,10345.584001289279,8571.47462433637,0.0,1.0,0.0,-48691705.48013304,-72738070.4335707,18917.05862562565
5000,Random,3,0.0,0.45,11638.782001450438,8571.47462433637,0.0,0.9958,0.0006467116822819873,-31573611.990388148,-55279897.43139507,20210.25662578681
5000,Random,3,0.0,0.5,12931.980001611597,8571.47462433637,0.0,0.9076,0.002895897788251513,-15410953.635585016,-38072736.06990687,21503.45462594797
5000,Random,3,0.0,0.55,14225.178001772758,8571.47462433637,0.0,0.5897,0.004918881071951222,303249.33493526233,-21989874.243497457,22796.652626109128
5000,Random,3,0.0,0.6,15518.376001933915,8571.47462433637,0.0,0.248,0.004318518264405049,17856168.948616635,-9837067.327664295,24089.850626270287
5000,Random,3,0.0,0.65,16811.574002095076,8571.47462433637,0.0,0.0719,0.002583222599777263,36851204.05219017,-1851587.708480612,25383.048626431446
5000,Random,3,0.0,0.7,18104.772002256235,8571.47462433637,0.0,0.0183,0.001340339882268673,55393301.76173521,30019776.33936374,26676.246626592605
5000,Random,3,0.0,0.75,19397.970002417394,8571.47462433637,0.0,0.0046,0.0006766712643521964,73327947.84099764,49112085.98333273,27969.444626753764
5000,Random,3,0.0,0.8,20691.168002578557,8571.47462433637,0.0,0.001,0.0003160696125855822,90957457.60884577,66905338.87688179,29262.642626914927
5000,Random,3,0.0,0.85,21984.366002739713,8571.47462433637,0.0,0.0001,9.999499987499375e-05,108465679.29396483,84385486.58601014,30555.840627076082
5000,Random,3,0.0,0.9,23277.564002900875,8571.47462433637,0.0,0.0,0.0,125932049.54022002,101843659.58818577,31849.038627237245
5000,Random,3,0.0,0.95,24570.762003062035,8571.47462433637,0.0,0.0,0.0,143390222.54239586,119301832.59036158,33142.23662739841
5000,Random,3,0.0,1.0,25863.960003223194,8571.47462433637,0.0,0.0,0.0,160848395.5445714,136760005.59253716,34435.43462755956
5000,Random,3,0.0,1.05,27157.158003384353,8571.47462433637,0.0,0.0,0.0,178306568.5467471,154218178.59471285,35728.632627720726
5000,Random,3,0.0,1.1,28450.356003545516,8571.47462433637,0.0,0.0,0.0,195764741.54892272,171676351.59688848,37021.830627881885
5000,Random,3,0.0,1.15,29743.55400370667,8571.47462433637,0.0,0.0,0.0,213222914.55109835,189134524.5990641,38315.028628043045
5000,Random,3,0.0,1.2,31036.75200386783,8571.47462433637,0.0,0.0,0.0,230681087.55327398,206592697.60123974,39608.2266282042
5000,Random,3,0.0,1.25,32329.950004028993,8571.47462433637,0.0,0.0,0.0,248139260.5554497,224050870.6034155,40901.42462836536
5000,Random,3,0.0,1.3,33623.14800419015,8571.47462433637,0.0,0.0,0.0,265597433.5576253,241509043.60559106,42194.62262852652
5000,Random,3,0.0,1.35,34916.34600435131,8571.47462433637,0.0,0.0,0.0,283055606.559801,258967216.60776675,43487.82062868768
5000,Random,3,0.0,1.4,36209.54400451247,8571.47462433637,0.0,0.0,0.0,300513779.56197655,276425389.6099423,44781.01862884884
5000,Random,3,0.0,1.45,37502.74200467363,8571.47462433637,0.0,0.0,0.0,317971952.56415236,293883562.6121181,46074.21662901
5000,Random,3,0.0,1.5,38795.94000483479,8571.47462433637,0.0,0.0,0.0,335430125.5663279,311341735.6142937,47367.41462917116
5000,Random,3,0.0,1.55,40089.13800499595,8571.47462433637,0.0,0.0,0.0,352888298.5685035,328799908.61646926,48660.61262933232
5000,Random,3,0.0,1.6,41382.336005157114,8571.47462433637,0.0,0.0,0.0,370346471.5706793,346258081.6186451,49953.810629493484
5000,Random,3,0.0,1.65,42675.534005318266,8571.47462433637,0.0,0.0,0.0,387804644.5728549,363716254.62082064,51247.008629654636
5000,Random,3,0.0,1.7,43968.732005479425,8571.47462433637,0.0,0.0,0.0,405262817.57503057,381174427.62299633,52540.206629815795
5000,Random,3,0.0,1.75,45261.93000564059,8571.47462433637,0.0,0.0,0.0,422720990.5772064,398632600.62517214,53833.40462997696
5000,Random,3,0.0,1.8,46555.12800580175,8571.47462433637,0.0,0.0,0.0,440179163.57938194,416090773.6273477,55126.60263013812
5000,Random,3,0.0,1.85,47848.32600596291,8571.47462433637,0.0,0.0,0.0,457637336.58155763,433548946.6295234,56419.80063029928
5000,Random,3,0.0,1.9,49141.52400612407,8571.47462433637,0.0,0.0,0.0,475095509.5837332,451007119.63169897,57712.99863046044
5000,Random,3,0.0,1.95,50434.72200628523,8571.47462433637,0.0,0.0,0.0,492553682.5859089,468465292.63387465,59006.1966306216
5000,Random,3,0.0,2.0,51727.92000644639,8571.47462433637,0.0,0.0,0.0,510011855.5880846,485923465.63605034,60299.39463078276
5000,Random,3,0.0,2.05,53021.11800660754,8571.47462433637,0.0,0.0,0.0,527470028.59025997,503381638.6382258,61592.59263094391
5000,Random,3,0.0,2.1,54314.316006768706,8571.47462433637,0.0,0.0,0.0,544928201.5924358,520839811.6404016,62885.790631105076
5000,Random,3,0.0,2.15,55607.514006929865,8571.47462433637,0.0,0.0,0.0,562386374.5946115,538297984.6425773,64178.988631266235
5000,Random,3,0.0,2.2,56900.71200709103,8571.47462433637,0.0,0.0,0.0,579844547.5967871,555756157.6447529,65472.1866314274
5000,Random,3,0.0,2.25,58193.91000725218,8571.47462433637,0.0,0.0,0.0,597302720.5989627,573214330.6469284,66765.38463158856
5000,Random,3,0.0,2.3,59487.10800741334,8571.47462433637,0.0,0.0,0.0,614760893.6011382,590672503.6491041,68058.58263174971
5000,Random,3,0.0,2.35,60780.30600757451,8571.47462433637,0.0,0.0,0.0,632219066.6033142,608130676.6512799,69351.78063191088
5000,Random,3,0.0,2.4,62073.50400773566,8571.47462433637,0.0,0.0,0.0,649677239.6054899,625588849.6534556,70644.97863207203
5000,Random,3,0.0,2.45,63366.70200789683,8571.47462433637,0.0,0.0,0.0,667135412.6076658,643047022.6556314,71938.1766322332
5000,Random,3,0.0,2.5,64659.900008057986,8571.47462433637,0.0,0.0,0.0,684593585.609841,660505195.6578068,73231.37463239435
5000,Random,3,0.1,0.0,0.0,8571.47462433637,4285737.312168185,1.0,0.0,-184029327.18677354,-208117717.13880777,8571.47462433637
5000,Random,3,0.1,0.05,1293.1980001611598,8571.47462433637,4932336.312248765,1.0,0.0,-165924555.18451732,-190012945.13655156,9864.672624497529
5000,Random,3,0.1,0.1,2586.3960003223197,8571.47462433637,5578935.312329345,1.0,0.0,-147819783.18226105,-171908173.13429528,11157.87062465869
5000,Random,3,0.1,0.15,3879.594000483479,8571.47462433637,6225534.312409924,1.0,0.0,-129715011.1800048,-153803401.13203904,12451.068624819849
5000,Random,3,0.1,0.2,5172.792000644639,8571.47462433637,6872133.312490505,1.0,0.0,-111610239.17774859,-135698629.12978283,13744.26662498101
5000,Random,3,0.1,0.25,6465.990000805798,8571.47462433637,7518732.312571084,1.0,0.0,-93505467.17549235,-117593857.1275266,15037.46462514217
5000,Random,3,0.1,0.3,7759.188000966958,8571.47462433637,8165331.312651664,1.0,0.0,-75400695.17323613,-99489085.12527038,16330.662625303328
5000,Random,3,0.1,0.35,9052.386001128118,8571.47462433637,8811930.312732244,1.0,0.0,-57297378.0748167,-81384313.12301414,17623.860625464487
5000,Random,3,0.1,0.4,10345.584001289279,8571.47462433637,9458529.312812826,0.9988,0.0003462022530255947,-39231951.08313695,-63279541.12075786,18917.05862562565
5000,Random,3,0.1,0.45,11638.782001450438,8571.47462433637,10105128.312893406,0.9507,0.0021649367196294677,-21397766.115345627,-45174769.11850168,20210.25662578681
5000,Random,3,0.1,0.5,12931.980001611597,8571.47462433637,10751727.312973984,0.6276,0.004834441436195085,-3767182.877992551,-27321008.756932892,21503.45462594797
5000,Random,3,0.1,0.55,14225.178001772758,8571.47462433637,11398326.313054563,0.2005,0.004003745121757878,14325697.305754147,-10591547.930442896,22796.652626109128
5000,Random,3,0.1,0.6,15518.376001933915,8571.47462433637,12044925.313135143,0.0337,0.0018045583947326283,32875689.71205852,6867819.90356184,24089.850626270287
5000,Random,3,0.1,0.65,16811.574002095076,8571.47462433637,12691524.313215723,0.004,0.00063118935352238,51237524.375231326,26993307.24983581,25383.048626431446
5000,Random,3,0.1,0.7,18104.772002256235,8571.47462433637,13338123.313296303,0.0005,0.0002235508890610816,69423054.31340432,45349090.892779514,26676.246626592605
5000,Random,3,0.1,0.75,19397.970002417394,8571.47462433637,13984722.313376881,0.0001,9.999499987499375e-05,87536383.35939077,63453862.89503579,27969.444626753764
5000,Random,3,0.1,0.8,20691.168002578557,8571.47462433637,14631321.313457463,0.0,0.0,105647024.84932624,81558634.897292,29262.642626914927
5000,Random,3,0.1,0.85,21984.366002739713,8571.47462433637,15277920.313538041,0.0,0.0,123751796.85158242,99663406.89954816,30555.840627076082
5000,Random,3,0.1,0.9,23277.564002900875,8571.47462433637,15924519.313618623,0.0,0.0,141856568.85383862,117768178.90180437,31849.038627237245
5000,Random,3,0.1,0.95,24570.762003062035,8571.47462433637,16571118.313699204,0.0,0.0,159961340.85609502,135872950.90406078,33142.23662739841
5000,Random,3,0.1,1.0,25863.960003223194,8571.47462433637,17217717.31377978,0.0,0.0,178066112.85835117,153977722.90631694,34435.43462755956
5000,Random,3,0.1,1.05,27157.158003384353,8571.47462433637,17864316.313860364,0.0,0.0,196170884.86060745,172082494.9085732,35728.632627720726
5000,Random,3,0.1,1.1,28450.356003545516,8571.47462433637,18510915.313940942,0.0,0.0,214275656.86286366,190187266.91082942,37021.830627881885
5000,Random,3,0.1,1.15,29743.55400370667,8571.47462433637,19157514.314021524,0.0,0.0,232380428.86511987,208292038.91308564,38315.028628043045
5000,Random,3,0.1,1.2,31036.75200386783,8571.47462433637,19804113.3141021,0.0,0.0,250485200.8673761,226396810.91534185,39608.2266282042
5000,Random,3,0.1,1.25,32329.950004028993,8571.47462433637,20450712.31418268,0.0,0.0,268589972.86963236,244501582.91759813,40901.42462836536
5000,Random,3,0.1,1.3,33623.14800419015,8571.47462433637,21097311.31426326,0.0,0.0,286694744.87188846,262606354.91985428,42194.62262852652
5000,Random,3,0.1,1.35,34916.34600435131,8571.47462433637,21743910.31434384,0.0,0.0,304799516.8741448,280711126.92211056,43487.82062868768
5000,Random,3,0.1,1.4,36209.54400451247,8571.47462433637,22390509.31442442,0.0,0.0,322904288.87640095,298815898.9243667,44781.01862884884
5000,Random,3,0.1,1.45,37502.74200467363,8571.47462433637,23037108.314505,0.0,0.0,341009060.87865734,316920670.9266231,46074.21662901
5000,Random,3,0.1,1.5,38795.94000483479,8571.47462433637,23683707.314585578,0.0,0.0,359113832.8809135,335025442.92887926,47367.41462917116
5000,Random,3,0.1,1.55,40089.13800499595,8571.47462433637,24330306.31466616,0.0,0.0,377218604.88316965,353130214.9311354,48660.61262933232
5000,Random,3,0.1,1.6,41382.336005157114,8571.47462433637,24976905.31474674,0.0,0.0,395323376.88542604,371234986.9333918,49953.810629493484
5000,Random,3,0.1,1.65,42675.534005318266,8571.47462433637,25623504.31482732,0.0,0.0,413428148.8876822,389339758.93564796,51247.008629654636
5000,Random,3,0.1,1.7,43968.732005479425,8571.47462433637,26270103.314907897,0.0,0.0,431532920.8899385,407444530.93790424,52540.206629815795
5000,Random,3,0.1,1.75,45261.93000564059,8571.47462433637,26916702.31498848,0.0,0.0,449637692.8921948,425549302.94016063,53833.40462997696
5000,Random,3,0.1,1.8,46555.12800580175,8571.47462433637,27563301.31506906,0.0,0.0,467742464.89445096,443654074.9424168,55126.60263013812
5000,Random,3,0.1,1.85,47848.32600596291,8571.47462433637,28209900.31514964,0.0,0.0,485847236.89670724,461758846.94467306,56419.80063029928
5000,Random,3,0.1,1.9,49141.52400612407,8571.47462433637,28856499.31523022,0.0,0.0,503952008.89896345,479863618.9469292,57712.99863046044
5000,Random,3,0.1,1.95,50434.72200628523,8571.47462433637,29503098.3153108,0.0,0.0,522056780.9012197,497968390.9491855,59006.1966306216
5000,Random,3,0.1,2.0,51727.92000644639,8571.47462433637,30149697.31539138,0.0,0.0,540161552.903476,516073162.95144176,60299.39463078276
5000,Random,3,0.1,2.05,53021.11800660754,8571.47462433637,30796296.315471955,0.0,0.0,558266324.905732,534177934.9536978,61592.59263094391
5000,Random,3,0.1,2.1,54314.316006768706,8571.47462433637,31442895.315552536,0.0,0.0,576371096.9079884,552282706.9559542,62885.790631105076
5000,Random,3,0.1,2.15,55607.514006929865,8571.47462433637,32089494.31563312,0.0,0.0,594475868.9102446,570387478.9582103,64178.988631266235
5000,Random,3,0.1,2.2,56900.71200709103,8571.47462433637,32736093.3157137,0.0,0.0,612580640.9125007,588492250.9604665,65472.1866314274
5000,Random,3,0.1,2.25,58193.91000725218,8571.47462433637,33382692.31579428,0.0,0.0,630685412.9147569,606597022.9627227,66765.38463158856
5000,Random,3,0.1,2.3,59487.10800741334,8571.47462433637,34029291.31587486,0.0,0.0,648790184.9170132,624701794.9649789,68058.58263174971
5000,Random,3,0.1,2.35,60780.30600757451,8571.47462433637,34675890.31595544,0.0,0.0,666894956.9192696,642806566.9672353,69351.78063191088
5000,Random,3,0.1,2.4,62073.50400773566,8571.47462433637,35322489.316036016,0.0,0.0,684999728.9215258,660911338.9694916,70644.97863207203
5000,Random,3,0.1,2.45,63366.70200789683,8571.47462433637,35969088.3161166,0.0,0.0,703104500.9237822,679016110.971748,71938.1766322332
5000,Random,3,0.1,2.5,64659.900008057986,8571.47462433637,36615687.31619717,0.0,0.0,721209272.9260381,697120882.9740039,73231.37463239435
5000,Random,3,0.25,0.0,0.0,8571.47462433637,10714343.280420462,1.0,0.0,-177600721.21852124,-201689111.17055547,8571.47462433637
5000,Random,3,0.25,0.05,1293.1980001611598,8571.47462433637,12330840.78062191,1.0,0.0,-158526050.7161442,-182614440.6681784,9864.672624497529
5000,Random,3,0.25,0.1,2586.3960003223197,8571.47462433637,13947338.280823363,1.0,0.0,-139451380.21376705,-163539770.1658013,11157.87062465869
5000,Random,3,0.25,0.15,3879.594000483479,8571.47462433637,15563835.781024812,1.0,0.0,-120376709.71138991,-144465099.66342416,12451.068624819849
5000,Random,3,0.25,0.2,5172.792000644639,8571.47462433637,17180333.281226262,1.0,0.0,-101302039.2090128,-125390429.16104706,13744.26662498101
5000,Random,3,0.25,0.25,6465.990000805798,8571.47462433637,18796830.78142771,1.0,0.0,-82227368.70663571,-106315758.65866996,15037.46462514217
5000,Random,3,0.25,0.3,7759.188000966958,8571.47462433637,20413328.28162916,1.0,0.0,-63152698.20425862,-87241088.15629287,16330.662625303328
5000,Random,3,0.25,0.35,9052.386001128118,8571.47462433637,22029825.78183061,0.9998,0.0001414072133945005,-44079482.605718344,-68166417.65391578,17623.860625464487
5000,Random,3,0.25,0.4,10345.584001289279,8571.47462433637,23646323.28203206,0.9681,0.0017573386127892382,-25036545.837805383,-49091747.151538625,18917.05862562565
5000,Random,3,0.25,0.45,11638.782001450438,8571.47462433637,25262820.78223351,0.6624,0.00472891361731212,-6046939.549145257,-30017076.64916153,20210.25662578681
5000,Random,3,0.25,0.5,12931.980001611597,8571.47462433637,26879318.28243496,0.1856,0.0038878353874617685,13042217.403992407,-11193417.787471928,21503.45462594797
5000,Random,3,0.25,0.55,14225.178001772758,8571.47462433637,28495815.782636408,0.0169,0.001288968192004752,32191620.82745963,7947299.4229938695,22796.652626109128
5000,Random,3,0.25,0.6,15518.376001933915,8571.47462433637,30112313.28283786,0.0006,0.0002448754785600224,51290148.26923534,27206934.85796975,24089.850626270287
5000,Random,3,0.25,0.65,16811.574002095076,8571.47462433637,31728810.78303931,0.0,0.0,70369995.31238115,46281605.3603469,25383.048626431446
5000,Random,3,0.25,0.7,18104.772002256235,8571.47462433637,33345308.283240758,0.0,0.0,89444665.81475818,65356275.86272393,26676.246626592605
5000,Random,3,0.25,0.75,19397.970002417394,8571.47462433637,34961805.78344221,0.0,0.0,108519336.31713533,84430946.36510108,27969.444626753764
5000,Random,3,0.25,0.8,20691.168002578557,8571.47462433637,36578303.283643655,0.0,0.0,127594006.81951243,103505616.86747818,29262.642626914927
5000,Random,3,0.25,0.85,21984.366002739713,8571.47462433637,38194800.783845104,0.0,0.0,146668677.3218895,122580287.36985527,30555.840627076082
5000,Random,3,0.25,0.9,23277.564002900875,8571.47462433637,39811298.28404655,0.0,0.0,165743347.82426655,141654957.87223232,31849.038627237245
5000,Random,3,0.25,0.95,24570.762003062035,8571.47462433637,41427795.78424801,0.0,0.0,184818018.32664382,160729628.3746096,33142.23662739841
5000,Random,3,0.25,1.0,25863.960003223194,8571.47462433637,43044293.28444945,0.0,0.0,203892688.82902086,179804298.87698662,34435.43462755956
5000,Random,3,0.25,1.05,27157.158003384353,8571.47462433637,44660790.78465091,0.0,0.0,222967359.33139804,198878969.37936378,35728.632627720726
5000,Random,3,0.25,1.1,28450.356003545516,8571.47462433637,46277288.284852356,0.0,0.0,242042029.83377504,217953639.8817408,37021.830627881885
5000,Random,3,0.25,1.15,29743.55400370667,8571.47462433637,47893785.785053805,0.0,0.0,261116700.3361522,237028310.38411796,38315.028628043045
5000,Random,3,0.25,1.2,31036.75200386783,8571.47462433637,49510283.285255246,0.0,0.0,280191370.8385292,256102980.886495,39608.2266282042
5000,Random,3,0.25,1.25,32329.950004028993,8571.47462433637,51126780.7854567,0.0,0.0,299266041.3409064,275177651.38887215,40901.42462836536
5000,Random,3,0.25,1.3,33623.14800419015,8571.47462433637,52743278.28565815,0.0,0.0,318340711.8432834,294252321.8912492,42194.62262852652
5000,Random,3,0.25,1.35,34916.34600435131,8571.47462433637,54359775.7858596,0.0,0.0,337415382.34566057,313326992.39362633,43487.82062868768
5000,Random,3,0.25,1.4,36209.54400451247,8571.47462433637,55976273.28606105,0.0,0.0,356490052.8480376,332401662.89600337,44781.01862884884
5000,Random,3,0.25,1.45,37502.74200467363,8571.47462433637,57592770.7862625,0.0,0.0,375564723.3504149,351476333.39838064,46074.21662901
5000,Random,3,0.25,1.5,38795.94000483479,8571.47462433637,59209268.286463946,0.0,0.0,394639393.8527919,370551003.9007577,47367.41462917116
5000,Random,3,0.25,1.55,40089.13800499595,8571.47462433637,60825765.786665395,0.0,0.0,413714064.35516894,389625674.4031347,48660.61262933232
5000,Random,3,0.25,1.6,41382.336005157114,8571.47462433637,62442263.28686686,0.0,0.0,432788734.8575462,408700344.905512,49953.810629493484
5000,Random,3,0.25,1.65,42675.534005318266,8571.47462433637,64058760.78706829,0.0,0.0,451863405.35992306,427775015.4078889,51247.008629654636
5000,Random,3,0.25,1.7,43968.732005479425,8571.47462433637,65675258.28726974,0.0,0.0,470938075.8623003,446849685.91026604,52540.206629815795
5000,Random,3,0.25,1.75,45261.93000564059,8571.47462433637,67291755.7874712,0.0,0.0,490012746.36467755,465924356.4126433,53833.40462997696
5000,Random,3,0.25,1.8,46555.12800580175,8571.47462433637,68908253.28767265,0.0,0.0,509087416.8670546,484999026.91502035,55126.60263013812
5000,Random,3,0.25,1.85,47848.32600596291,8571.47462433637,70524750.7878741,0.0,0.0,528162087.36943173,504073697.4173975,56419.80063029928
5000,Random,3,0.25,1.9,49141.52400612407,8571.47462433637,72141248.28807555,0.0,0.0,547236757.8718088,523148367.91977453,57712.99863046044
5000,Random,3,0.25,1.95,50434.72200628523,8571.47462433637,73757745.788277,0.0,0.0,566311428.3741859,542223038.4221517,59006.1966306216
5000,Random,3,0.25,2.0,51727.92000644639,8571.47462433637,75374243.28847845,0.0,0.0,585386098.8765631,561297708.9245288,60299.39463078276
5000,Random,3,0.25,2.05,53021.11800660754,8571.47462433637,76990740.78867988,0.0,0.0,604460769.3789399,580372379.4269056,61592.59263094391
5000,Random,3,0.25,2.1,54314.316006768706,8571.47462433637,78607238.28888135,0.0,0.0,623535439.8813171,599447049.9292829,62885.790631105076
5000,Random,3,0.25,2.15,55607.514006929865,8571.47462433637,80223735.7890828,0.0,0.0,642610110.3836943,618521720.43166,64178.988631266235
5000,Random,3,0.25,2.2,56900.71200709103,8571.47462433637,81840233.28928424,0.0,0.0,661684780.8860713,637596390.9340371,65472.1866314274
5000,Random,3,0.25,2.25,58193.91000725218,8571.47462433637,83456730.7894857,0.0,0.0,680759451.3884484,656671061.4364141,66765.38463158856
5000,Random,3,0.25,2.3,59487.10800741334,8571.47462433637,85073228.28968714,0.0,0.0,699834121.8908256,675745731.9387913,68058.58263174971
5000,Random,3,0.25,2.35,60780.30600757451,8571.47462433637,86689725.7898886,0.0,0.0,718908792.3932028,694820402.4411685,69351.78063191088
5000,Random,3,0.25,2.4,62073.50400773566,8571.47462433637,88306223.29009004,0.0,0.0,737983462.8955799,713895072.9435457,70644.97863207203
5000,Random,3,0.25,2.45,63366.70200789683,8571.47462433637,89922720.7902915,0.0,0.0,757058133.3979572,732969743.445923,71938.1766322332
5000,Random,3,0.25,2.5,64659.900008057986,8571.47462433637,91539218.29049294,0.0,0.0,776132803.900334,752044413.9482998,73231.37463239435
5000,Random,3,0.5,0.0,0.0,8571.47462433637,21428686.560840923,1.0,0.0,-166886377.93810079,-190974767.89013502,8571.47462433637
5000,Random,3,0.5,0.05,1293.1980001611598,8571.47462433637,24661681.56124382,1.0,0.0,-146195209.93552226,-170283599.8875565,9864.672624497529
5000,Random,3,0.5,0.1,2586.3960003223197,8571.47462433637,27894676.561646726,1.0,0.0,-125504041.93294367,-149592431.8849779,11157.87062465869
5000,Random,3,0.5,0.15,3879.594000483479,8571.47462433637,31127671.562049624,1.0,0.0,-104812873.93036512,-128901263.88239937,12451.068624819849
5000,Random,3,0.5,0.2,5172.792000644639,8571.47462433637,34360666.562452525,1.0,0.0,-84121705.92778657,-108210095.87982081,13744.26662498101
5000,Random,3,0.5,0.25,6465.990000805798,8571.47462433637,37593661.56285542,1.0,0.0,-63430537.925207995,-87518927.87724225,15037.46462514217
5000,Random,3,0.5,0.3,7759.188000966958,8571.47462433637,40826656.56325832,0.9994,0.0002448754785600316,-42739369.92262948,-66827759.874663725,16330.662625303328
5000,Random,3,0.5,0.35,9052.386001128118,8571.47462433637,44059651.56366122,0.9453,0.0022739373342288917,-22049101.74380185,-46136591.87208517,17623.860625464487
5000,Random,3,0.5,0.4,10345.584001289279,8571.47462433637,47292646.56406412,0.5268,0.00499281243388934,-1361468.503261015,-25445423.86950655,18917.05862562565
5000,Random,3,0.5,0.45,11638.782001450438,8571.47462433637,50525641.56446702,0.0915,0.002883188339321592,19332750.48545266,-4754255.866928053,20210.25662578681
5000,Random,3,0.5,0.5,12931.980001611597,8571.47462433637,53758636.56486992,0.0044,0.0006618640343756413,40024744.60034736,15936912.135650564,21503.45462594797
5000,Random,3,0.5,0.55,14225.178001772758,8571.47462433637,56991631.565272816,0.0,0.0,60716470.09026331,36628080.13822906,22796.652626109128
5000,Random,3,0.5,0.6,15518.376001933915,8571.47462433637,60224626.56567572,0.0,0.0,81407638.09284186,57319248.140807614,24089.850626270287
5000,Random,3,0.5,0.65,16811.574002095076,8571.47462433637,63457621.56607862,0.0,0.0,102098806.0954204,78010416.14338617,25383.048626431446
5000,Random,3,0.5,0.7,18104.772002256235,8571.47462433637,66690616.566481516,0.0,0.0,122789974.09799898,98701584.14596473,26676.246626592605
5000,Random,3,0.5,0.75,19397.970002417394,8571.47462433637,69923611.56688441,0.0,0.0,143481142.10057753,119392752.14854328,27969.444626753764
5000,Random,3,0.5,0.8,20691.168002578557,8571.47462433637,73156606.56728731,0.0,0.0,164172310.1031561,140083920.15112185,29262.642626914927
5000,Random,3,0.5,0.85,21984.366002739713,8571.47462433637,76389601.56769021,0.0,0.0,184863478.10573456,160775088.15370035,30555.840627076082
5000,Random,3,0.5,0.9,23277.564002900875,8571.47462433637,79622596.5680931,0.0,0.0,205554646.10831314,181466256.1562789,31849.038627237245
5000,Random,3,0.5,0.95,24570.762003062035,8571.47462433637,82855591.56849602,0.0,0.0,226245814.1108918,202157424.15885758,33142.23662739841
5000,Random,3,0.5,1.0,25863.960003223194,8571.47462433637,86088586.5688989,0.0,0.0,246936982.11347032,222848592.16143608,34435.43462755956
5000,Random,3,0.5,1.05,27157.158003384353,8571.47462433637,89321581.56930181,0.0,0.0,267628150.11604893,243539760.1640147,35728.632627720726
5000,Random,3,0.5,1.1,28450.356003545516,8571.47462433637,92554576.56970471,0.0,0.0,288319318.1186274,264230928.1665932,37021.830627881885
5000,Random,3,0.5,1.15,29743.55400370667,8571.47462433637,95787571.57010761,0.0,0.0,309010486.121206,284922096.1691717,38315.028628043045
5000,Random,3,0.5,1.2,31036.75200386783,8571.47462433637,99020566.57051049,0.0,0.0,329701654.1237844,305613264.1717502,39608.2266282042
5000,Random,3,0.5,1.25,32329.950004028993,8571.47462433637,102253561.5709134,0.0,0.0,350392822.12636316,326304432.1743289,40901.42462836536
5000,Random,3,0.5,1.3,33623.14800419015,8571.47462433637,105486556.5713163,0.0,0.0,371083990.12894166,346995600.1769074,42194.62262852652
5000,Random,3,0.5,1.35,34916.34600435131,8571.47462433637,108719551.5717192,0.0,0.0,391775158.13152015,367686768.1794859,43487.82062868768
5000,Random,3,0.5,1.4,36209.54400451247,8571.47462433637,111952546.5721221,0.0,0.0,412466326.13409865,388377936.1820644,44781.01862884884
5000,Random,3,0.5,1.45,37502.74200467363,8571.47462433637,115185541.572525,0.0,0.0,433157494.1366774,409069104.18464315,46074.21662901
5000,Random,3,0.5,1.5,38795.94000483479,8571.47462433637,118418536.57292789,0.0,0.0,453848662.1392559,429760272.18722165,47367.41462917116
5000,Random,3,0.5,1.55,40089.13800499595,8571.47462433637,121651531.57333079,0.0,0.0,474539830.14183426,450451440.1898,48660.61262933232
5000,Random,3,0.5,1.6,41382.336005157114,8571.47462433637,124884526.57373372,0.0,0.0,495230998.144413,471142608.19237876,49953.810629493484
5000,Random,3,0.5,1.65,42675.534005318266,8571.47462433637,128117521.57413658,0.0,0.0,515922166.1469915,491833776.19495726,51247.008629654636
5000,Random,3,0.5,1.7,43968.732005479425,8571.47462433637,131350516.57453948,0.0,0.0,536613334.1495701,512524944.1975359,52540.206629815795
5000,Random,3,0.5,1.75,45261.93000564059,8571.47462433637,134583511.5749424,0.0,0.0,557304502.1521488,533216112.2001146,53833.40462997696
5000,Random,3,0.5,1.8,46555.12800580175,8571.47462433637,137816506.5753453,0.0,0.0,577995670.1547271,553907280.202693,55126.60263013812
5000,Random,3,0.5,1.85,47848.32600596291,8571.47462433637,141049501.5757482,0.0,0.0,598686838.1573058,574598448.2052716,56419.80063029928
5000,Random,3,0.5,1.9,49141.52400612407,8571.47462433637,144282496.5761511,0.0,0.0,619378006.1598843,595289616.2078501,57712.99863046044
5000,Random,3,0.5,1.95,50434.72200628523,8571.47462433637,147515491.576554,0.0,0.0,640069174.162463,615980784.2104286,59006.1966306216
5000,Random,3,0.5,2.0,51727.92000644639,8571.47462433637,150748486.5769569,0.0,0.0,660760342.1650414,636671952.2130072,60299.39463078276
5000,Random,3,0.5,2.05,53021.11800660754,8571.47462433637,153981481.57735977,0.0,0.0,681451510.1676198,657363120.2155856,61592.59263094391
5000,Random,3,0.5,2.1,54314.316006768706,8571.47462433637,157214476.5777627,0.0,0.0,702142678.1701987,678054288.2181643,62885.790631105076
5000,Random,3,0.5,2.15,55607.514006929865,8571.47462433637,160447471.5781656,0.0,0.0,722833846.172777,698745456.2207428,64178.988631266235
5000,Random,3,0.5,2.2,56900.71200709103,8571.47462433637,163680466.5785685,0.0,0.0,743525014.1753554,719436624.2233213,65472.1866314274
5000,Random,3,0.5,2.25,58193.91000725218,8571.47462433637,166913461.5789714,0.0,0.0,764216182.1779339,740127792.2258998,66765.38463158856
5000,Random,3,0.5,2.3,59487.10800741334,8571.47462433637,170146456.57937428,0.0,0.0,784907350.1805125,760818960.2284783,68058.58263174971
5000,Random,3,0.5,2.35,60780.30600757451,8571.47462433637,173379451.5797772,0.0,0.0,805598518.1830913,781510128.231057,69351.78063191088
5000,Random,3,0.5,2.4,62073.50400773566,8571.47462433637,176612446.58018008,0.0,0.0,826289686.18567,802201296.2336358,70644.97863207203
5000,Random,3,0.5,2.45,63366.70200789683,8571.47462433637,179845441.580583,0.0,0.0,846980854.1882489,822892464.2362145,71938.1766322332
5000,Random,3,0.5,2.5,64659.900008057986,8571.47462433637,183078436.58098587,0.0,0.0,867672022.1908268,843583632.2387925,73231.37463239435
20000,Random,1,0.0,0.0,0.0,8571.47462433637,0.0,1.0,0.0,-251005171.84339595,-278896433.3090602,8571.47462433637
20000,Random,1,0.0,0.05,1293.1980001611598,8571.47462433637,0.0,1.0,0.0,-227727607.8404951,-255618869.30615935,9864.672624497529
20000,Random,1,0.0,0.1,2586.3960003223197,8571.47462433637,0.0,1.0,0.0,-204450043.83759418,-232341305.30325842,11157.87062465869
20000,Random,1,0.0,0.15,3879.594000483479,8571.47462433637,0.0,1.0,0.0,-181172479.8346933,-209063741.30035755,12451.068624819849
20000,Random,1,0.0,0.2,5172.792000644639,8571.47462433637,0.0,1.0,0.0,-157894915.8317924,-185786177.29745665,13744.26662498101
20000,Random,1,0.0,0.25,6465.990000805798,8571.47462433637,0.0,1.0,0.0,-134617351.82889155,-162508613.29455578,15037.46462514217
20000,Random,1,0.0,0.3,7759.188000966958,8571.47462433637,0.0,1.0,0.0,-111339787.82599072,-139231049.29165494,16330.662625303328
20000,Random,1,0.0,0.35,9052.386001128118,8571.47462433637,0.0,1.0,0.0,-88062223.82308982,-115953485.28875405,17623.860625464487
20000,Random,1,0.0,0.4,10345.584001289279,8571.47462433637,0.0,1.0,0.0,-64784659.82018892,-92675921.28585315,18917.05862562565
20000,Random,1,0.0,0.45,11638.782001450438,8571.47462433637,0.0,0.9968,0.0005647796030311276,-41507095.81728807,-69398357.28295231,20210.25662578681
20000,Random,1,0.0,0.5,12931.980001611597,8571.47462433637,0.0,0.8698,0.0033652334242961508,-18229531.814387184,-46120793.2800514,21503.45462594797
20000,Random,1,0.0,0.55,14225.178001772758,8571.47462433637,0.0,0.3692,0.004825881888318445,5048032.188513658,-22843229.277150568,22796.652626109128
20000,Random,1,0.0,0.6,15518.376001933915,8571.47462433637,0.0,0.0469,0.002114246674349992,28325596.191414557,434334.725750331,24089.850626270287
20000,Random,1,0.0,0.65,16811.574002095076,8571.47462433637,0.0,0.0022,0.0004685253461660319,51603160.194315456,23711898.72865123,25383.048626431446
20000,Random,1,0.0,0.7,18104.772002256235,8571.47462433637,0.0,0.0,0.0,74880724.19721629,46989462.73155207,26676.246626592605
20000,Random,1,0.0,0.75,19397.970002417394,8571.47462433637,0.0,0.0,0.0,98158288.20011719,70267026.73445296,27969.444626753764
20000,Random,1,0.0,0.8,20691.168002578557,8571.47462433637,0.0,0.0,0.0,121435852.20301804,93544590.7373538,29262.642626914927
20000,Random,1,0.0,0.85,21984.366002739713,8571.47462433637,0.0,0.0,0.0,144713416.20591888,116822154.74025464,30555.840627076082
20000,Random,1,0.0,0.9,23277.564002900875,8571.47462433637,0.0,0.0,0.0,167990980.2088197,140099718.74315548,31849.038627237245
20000,Random,1,0.0,0.95,24570.762003062035,8571.47462433637,0.0,0.0,0.0,191268544.21172076,163377282.74605656,33142.23662739841
20000,Random,1,0.0,1.0,25863.960003223194,8571.47462433637,0.0,0.0,0.0,214546108.2146215,186654846.74895728,34435.43462755956
20000,Random,1,0.0,1.05,27157.158003384353,8571.47462433637,0.0,0.0,0.0,237823672.21752247,209932410.75185823,35728.632627720726
20000,Random,1,0.0,1.1,28450.356003545516,8571.47462433637,0.0,0.0,0.0,261101236.22042334,233209974.75475907,37021.830627881885
20000,Random,1,0.0,1.15,29743.55400370667,8571.47462433637,0.0,0.0,0.0,284378800.2233241,256487538.7576599,38315.028628043045
20000,Random,1,0.0,1.2,31036.75200386783,8571.47462433637,0.0,0.0,0.0,307656364.226225,279765102.76056075,39608.2266282042
20000,Random,1,0.0,1.25,32329.950004028993,8571.47462433637,0.0,0.0,0.0,330933928.2291259,303042666.7634617,40901.42462836536
20000,Random,1,0.0,1.3,33623.14800419015,8571.47462433637,0.0,0.0,0.0,354211492.23202676,326320230.76636255,42194.62262852652
20000,Random,1,0.0,1.35,34916.34600435131,8571.47462433637,0.0,0.0,0.0,377489056.23492765,349597794.7692634,43487.82062868768
20000,Random,1,0.0,1.4,36209.54400451247,8571.47462433637,0.0,0.0,0.0,400766620.23782843,372875358.7721642,44781.01862884884
20000,Random,1,0.0,1.45,37502.74200467363,8571.47462433637,0.0,0.0,0.0,424044184.2407294,396152922.7750652,46074.21662901
20000,Random,1,0.0,1.5,38795.94000483479,8571.47462433637,0.0,0.0,0.0,447321748.2436303,419430486.777966,47367.41462917116
20000,Random,1,0.0,1.55,40089.13800499595,8571.47462433637,0.0,0.0,0.0,470599312.24653107,442708050.78086686,48660.61262933232
20000,Random,1,0.0,1.6,41382.336005157114,8571.47462433637,0.0,0.0,0.0,493876876.24943215,465985614.78376794,49953.810629493484
20000,Random,1,0.0,1.65,42675.534005318266,8571.47462433637,0.0,0.0,0.0,517154440.2523327,489263178.78666854,51247.008629654636
20000,Random,1,0.0,1.7,43968.732005479425,8571.47462433637,0.0,0.0,0.0,540432004.2552338,512540742.7895695,52540.206629815795
20000,Random,1,0.0,1.75,45261.93000564059,8571.47462433637,0.0,0.0,0.0,563709568.2581347,535818306.7924706,53833.40462997696
20000,Random,1,0.0,1.8,46555.12800580175,8571.47462433637,0.0,0.0,0.0,586987132.2610357,559095870.7953714,55126.60263013812
20000,Random,1,0.0,1.85,47848.32600596291,8571.47462433637,0.0,0.0,0.0,610264696.2639364,582373434.7982723,56419.80063029928
20000,Random,1,0.0,1.9,49141.52400612407,8571.47462433637,0.0,0.0,0.0,633542260.2668374,605650998.8011731,57712.99863046044
20000,Random,1,0.0,1.95,50434.72200628523,8571.47462433637,0.0,0.0,0.0,656819824.2697381,628928562.8040739,59006.1966306216
20000,Random,1,0.0,2.0,51727.92000644639,8571.47462433637,0.0,0.0,0.0,680097388.2726392,652206126.8069749,60299.39463078276
20000,Random,1,0.0,2.05,53021.11800660754,8571.47462433637,0.0,0.0,0.0,703374952.2755398,675483690.8098755,61592.59263094391
20000,Random,1,0.0,2.1,54314.316006768706,8571.47462433637,0.0,0.0,0.0,726652516.2784408,698761254.8127766,62885.790631105076
20000,Random,1,0.0,2.15,55607.514006929865,8571.47462433637,0.0,0.0,0.0,749930080.2813416,722038818.8156774,64178.988631266235
20000,Random,1,0.0,2.2,56900.71200709103,8571.47462433637,0.0,0.0,0.0,773207644.2842425,745316382.8185782,65472.1866314274
20000,Random,1,0.0,2.25,58193.91000725218,8571.47462433637,0.0,0.0,0.0,796485208.2871432,768593946.8214791,66765.38463158856
20000,Random,1,0.0,2.3,59487.10800741334,8571.47462433637,0.0,0.0,0.0,819762772.2900442,791871510.8243799,68058.58263174971
20000,Random,1,0.0,2.35,60780.30600757451,8571.47462433637,0.0,0.0,0.0,843040336.2929453,815149074.827281,69351.78063191088
20000,Random,1,0.0,2.4,62073.50400773566,8571.47462433637,0.0,0.0,0.0,866317900.2958461,838426638.8301818,70644.97863207203
20000,Random,1,0.0,2.45,63366.70200789683,8571.47462433637,0.0,0.0,0.0,889595464.2987471,861704202.8330829,71938.1766322332
20000,Random,1,0.0,2.5,64659.900008057986,8571.47462433637,0.0,0.0,0.0,912873028.3016477,884981766.8359835,73231.37463239435
20000,Random,1,0.1,0.0,0.0,8571.47462433637,17142949.24867274,1.0,0.0,-233862222.59472325,-261753484.06038743,8571.47462433637
20000,Random,1,0.1,0.05,1293.1980001611598,8571.47462433637,19729345.24899506,1.0,0.0,-207998262.59150004,-235889524.05716428,9864.672624497529
20000,Random,1,0.1,0.1,2586.3960003223197,8571.47462433637,22315741.24931738,1.0,0.0,-182134302.58827683,-210025564.05394104,11157.87062465869
20000,Random,1,0.1,0.15,3879.594000483479,8571.47462433637,24902137.249639697,1.0,0.0,-156270342.58505365,-184161604.05071786,12451.068624819849
20000,Random,1,0.1,0.2,5172.792000644639,8571.47462433637,27488533.24996202,1.0,0.0,-130406382.58183043,-158297644.04749465,13744.26662498101
20000,Random,1,0.1,0.25,6465.990000805798,8571.47462433637,30074929.250284337,1.0,0.0,-104542422.57860725,-132433684.04427147,15037.46462514217
20000,Random,1,0.1,0.3,7759.188000966958,8571.47462433637,32661325.250606656,1.0,0.0,-78678462.57538405,-106569724.04104829,16330.662625303328
20000,Random,1,0.1,0.35,9052.386001128118,8571.47462433637,35247721.250928976,0.9998,0.0001414072133945005,-52814502.57216082,-80705764.03782505,17623.860625464487
20000,Random,1,0.1,0.4,10345.584001289279,8571.47462433637,37834117.2512513,0.9558,0.0020553919334277836,-26950542.568937633,-54841804.03460186,18917.05862562565
20000,Random,1,0.1,0.45,11638.782001450438,8571.47462433637,40420513.25157362,0.5135,0.004998177167728251,-1086582.5657144564,-28977844.031378683,20210.25662578681
20000,Random,1,0.1,0.5,12931.980001611597,8571.47462433637,43006909.251895934,0.0685,0.002526019596123514,24777377.437508784,-3113884.0281554423,21503.45462594797
20000,Random,1,0.1,0.55,14225.178001772758,8571.47462433637,45593305.252218254,0.0022,0.0004685253461660319,50641337.44073191,22750075.97506768,22796.652626109128
20000,Random,1,0.1,0.6,15518.376001933915,8571.47462433637,48179701.25254057,0.0,0.0,76505297.44395515,48614035.97829092,24089.850626270287
20000,Random,1,0.1,0.65,16811.574002095076,8571.47462433637,50766097.25286289,0.0,0.0,102369257.44717832,74477995.9815141,25383.048626431446
20000,Random,1,0.1,0.7,18104.772002256235,8571.47462433637,53352493.25318521,0.0,0.0,128233217.45040151,100341955.98473728,26676.246626592605
20000,Random,1,0.1,0.75,19397.970002417394,8571.47462433637,55938889.253507525,0.0,0.0,154097177.4536247,126205915.98796046,27969.444626753764
20000,Random,1,0.1,0.8,20691.168002578557,8571.47462433637,58525285.25382985,0.0,0.0,179961137.45684785,152069875.99118364,29262.642626914927
20000,Random,1,0.1,0.85,21984.366002739713,8571.47462433637,61111681.254152164,0.0,0.0,205825097.46007106,177933835.99440682,30555.840627076082
20000,Random,1,0.1,0.9,23277.564002900875,8571.47462433637,63698077.25447449,0.0,0.0,231689057.46329424,203797795.99763,31849.038627237245
20000,Random,1,0.1,0.95,24570.762003062035,8571.47462433637,66284473.25479682,0.0,0.0,257553017.4665177,229661756.00085342,33142.23662739841
20000,Random,1,0.1,1.0,25863.960003223194,8571.47462433637,68870869.25511912,0.0,0.0,283416977.4697406,255525716.00407636,34435.43462755956
20000,Random,1,0.1,1.05,27157.158003384353,8571.47462433637,71457265.25544146,0.0,0.0,309280937.47296387,281389676.00729966,35728.632627720726
20000,Random,1,0.1,1.1,28450.356003545516,8571.47462433637,74043661.25576377,0.0,0.0,335144897.47618705,307253636.01052284,37021.830627881885
20000,Random,1,0.1,1.15,29743.55400370667,8571.47462433637,76630057.2560861,0.0,0.0,361008857.47941023,333117596.013746,38315.028628043045
20000,Random,1,0.1,1.2,31036.75200386783,8571.47462433637,79216453.2564084,0.0,0.0,386872817.4826334,358981556.0169692,39608.2266282042
20000,Random,1,0.1,1.25,32329.950004028993,8571.47462433637,81802849.25673072,0.0,0.0,412736777.48585665,384845516.0201924,40901.42462836536
20000,Random,1,0.1,1.3,33623.14800419015,8571.47462433637,84389245.25705305,0.0,0.0,438600737.4890798,410709476.02341557,42194.62262852652
20000,Random,1,0.1,1.35,34916.34600435131,8571.47462433637,86975641.25737536,0.0,0.0,464464697.49230295,436573436.02663875,43487.82062868768
20000,Random,1,0.1,1.4,36209.54400451247,8571.47462433637,89562037.25769769,0.0,0.0,490328657.4955261,462437396.0298619,44781.01862884884
20000,Random,1,0.1,1.45,37502.74200467363,8571.47462433637,92148433.25802,0.0,0.0,516192617.49874943,488301356.0330852,46074.21662901
20000,Random,1,0.1,1.5,38795.94000483479,8571.47462433637,94734829.25834231,0.0,0.0,542056577.5019726,514165316.0363083,47367.41462917116
20000,Random,1,0.1,1.55,40089.13800499595,8571.47462433637,97321225.25866464,0.0,0.0,567920537.5051957,540029276.0395315,48660.61262933232
20000,Random,1,0.1,1.6,41382.336005157114,8571.47462433637,99907621.25898696,0.0,0.0,593784497.5084192,565893236.0427549,49953.810629493484
20000,Random,1,0.1,1.65,42675.534005318266,8571.47462433637,102494017.25930928,0.0,0.0,619648457.5116421,591757196.0459778,51247.008629654636
20000,Random,1,0.1,1.7,43968.732005479425,8571.47462433637,105080413.25963159,0.0,0.0,645512417.5148654,617621156.0492011,52540.206629815795
20000,Random,1,0.1,1.75,45261.93000564059,8571.47462433637,107666809.25995392,0.0,0.0,671376377.5180887,643485116.0524244,53833.40462997696
20000,Random,1,0.1,1.8,46555.12800580175,8571.47462433637,110253205.26027624,0.0,0.0,697240337.5213118,669349076.0556476,55126.60263013812
20000,Random,1,0.1,1.85,47848.32600596291,8571.47462433637,112839601.26059856,0.0,0.0,723104297.524535,695213036.0588708,56419.80063029928
20000,Random,1,0.1,1.9,49141.52400612407,8571.47462433637,115425997.26092088,0.0,0.0,748968257.5277582,721076996.062094,57712.99863046044
20000,Random,1,0.1,1.95,50434.72200628523,8571.47462433637,118012393.2612432,0.0,0.0,774832217.5309814,746940956.0653172,59006.1966306216
20000,Random,1,0.1,2.0,51727.92000644639,8571.47462433637,120598789.26156552,0.0,0.0,800696177.5342046,772804916.0685403,60299.39463078276
20000,Random,1,0.1,2.05,53021.11800660754,8571.47462433637,123185185.26188782,0.0,0.0,826560137.5374275,798668876.0717633,61592.59263094391
20000,Random,1,0.1,2.1,54314.316006768706,8571.47462433637,125771581.26221015,0.0,0.0,852424097.5406508,824532836.0749867,62885.790631105076
20000,Random,1,0.1,2.15,55607.514006929865,8571.47462433637,128357977.26253247,0.0,0.0,878288057.5438741,850396796.0782099,64178.988631266235
20000,Random,1,0.1,2.2,56900.71200709103,8571.47462433637,130944373.2628548,0.0,0.0,904152017.5470972,876260756.081433,65472.1866314274
20000,Random,1,0.1,2.25,58193.91000725218,8571.47462433637,133530769.26317713,0.0,0.0,930015977.5503207,902124716.0846562,66765.38463158856
20000,Random,1,0.1,2.3,59487.10800741334,8571.47462433637,136117165.26349944,0.0,0.0,955879937.5535438,927988676.0878794,68058.58263174971
20000,Random,1,0.1,2.35,60780.30600757451,8571.47462433637,138703561.26382175,0.0,0.0,981743897.5567672,953852636.0911028,69351.78063191088
20000,Random,1,0.1,2.4,62073.50400773566,8571.47462433637,141289957.26414406,0.0,0.0,1007607857.5599903,979716596.094326,70644.97863207203
20000,Random,1,0.1,2.45,63366.70200789683,8571.47462433637,143876353.2644664,0.0,0.0,1033471817.5632137,1005580556.0975494,71938.1766322332
20000,Random,1,0.1,2.5,64659.900008057986,8571.47462433637,146462749.2647887,0.0,0.0,1059335777.5664363,1031444516.1007721,73231.37463239435
20000,Random,1,0.25,0.0,0.0,8571.47462433637,42857373.12168185,1.0,0.0,-208147798.7217141,-236039060.18737835,8571.47462433637
20000,Random,1,0.25,0.05,1293.1980001611598,8571.47462433637,49323363.12248764,1.0,0.0,-178404244.71800748,-206295506.1836717,9864.672624497529
20000,Random,1,0.25,0.1,2586.3960003223197,8571.47462433637,55789353.12329345,1.0,0.0,-148660690.71430072,-176551952.17996496,11157.87062465869
20000,Random,1,0.25,0.15,3879.594000483479,8571.47462433637,62255343.12409925,1.0,0.0,-118917136.71059409,-146808398.17625833,12451.068624819849
20000,Random,1,0.25,0.2,5172.792000644639,8571.47462433637,68721333.12490505,1.0,0.0,-89173582.70688741,-117064844.17255163,13744.26662498101
20000,Random,1,0.25,0.25,6465.990000805798,8571.47462433637,75187323.12571084,1.0,0.0,-59430028.703180715,-87321290.16884494,15037.46462514217
20000,Random,1,0.25,0.3,7759.188000966958,8571.47462433637,81653313.12651664,0.9704,0.0016948109039063904,-29686474.699474074,-57577736.1651383,16330.662625303328
20000,Random,1,0.25,0.35,9052.386001128118,8571.47462433637,88119303.12732244,0.4847,0.004997658551762015,57079.30423261955,-27834182.161431607,17623.860625464487
20000,Random,1,0.25,0.4,10345.584001289279,8571.47462433637,94585293.12812825,0.0389,0.0019335663939984062,29800633.307939313,1909371.842275087,18917.05862562565
20000,Random,1,0.25,0.45,11638.782001450438,8571.47462433637,101051283.12893404,0.0007,0.00026448251359967073,59544187.31164595,31652925.84598172,20210.25662578681
20000,Random,1,0.25,0.5,12931.980001611597,8571.47462433637,107517273.12973984,0.0,0.0,89287741.31535263,61396479.84968842,21503.45462594797
20000,Random,1,0.25,0.55,14225.178001772758,8571.47462433637,113983263.13054563,0.0,0.0,119031295.31905928,91140033.85339504,22796.652626109128
20000,Random,1,0.25,0.6,15518.376001933915,8571.47462433637,120449253.13135144,0.0,0.0,148774849.322766,120883587.8571018,24089.850626270287
20000,Random,1,0.25,0.65,16811.574002095076,8571.47462433637,126915243.13215724,0.0,0.0,178518403.32647273,150627141.8608085,25383.048626431446
20000,Random,1,0.25,0.7,18104.772002256235,8571.47462433637,133381233.13296303,0.0,0.0,208261957.3301793,180370695.86451507,26676.246626592605
20000,Random,1,0.25,0.75,19397.970002417394,8571.47462433637,139847223.13376883,0.0,0.0,238005511.33388603,210114249.86822176,27969.444626753764
20000,Random,1,0.25,0.8,20691.168002578557,8571.47462433637,146313213.13457462,0.0,0.0,267749065.33759266,239857803.87192845,29262.642626914927
20000,Random,1,0.25,0.85,21984.366002739713,8571.47462433637,152779203.13538042,0.0,0.0,297492619.3412993,269601357.875635,30555.840627076082
20000,Random,1,0.25,0.9,23277.564002900875,8571.47462433637,159245193.1361862,0.0,0.0,327236173.3450059,299344911.8793417,31849.038627237245
20000,Random,1,0.25,0.95,24570.762003062035,8571.47462433637,165711183.13699204,0.0,0.0,356979727.3487128,329088465.88304853,33142.23662739841
20000,Random,1,0.25,1.0,25863.960003223194,8571.47462433637,172177173.1377978,0.0,0.0,386723281.3524193,358832019.8867551,34435.43462755956
20000,Random,1,0.25,1.05,27157.158003384353,8571.47462433637,178643163.13860363,0.0,0.0,416466835.3561262,388575573.8904619,35728.632627720726
20000,Random,1,0.25,1.1,28450.356003545516,8571.47462433637,185109153.13940942,0.0,0.0,446210389.3598327,418319127.8941685,37021.830627881885
20000,Random,1,0.25,1.15,29743.55400370667,8571.47462433637,191575143.14021522,0.0,0.0,475953943.3635393,448062681.8978751,38315.028628043045
20000,Random,1,0.25,1.2,31036.75200386783,8571.47462433637,198041133.14102098,0.0,0.0,505697497.367246,477806235.90158176,39608.2266282042
20000,Random,1,0.25,1.25,32329.950004028993,8571.47462433637,204507123.1418268,0.0,0.0,535441051.37095267,507549789.90528846,40901.42462836536
20000,Random,1,0.25,1.3,33623.14800419015,8571.47462433637,210973113.1426326,0.0,0.0,565184605.3746594,537293343.9089952,42194.62262852652
20000,Random,1,0.25,1.35,34916.34600435131,8571.47462433637,217439103.1434384,0.0,0.0,594928159.378366,567036897.9127018,43487.82062868768
20000,Random,1,0.25,1.4,36209.54400451247,8571.47462433637,223905093.1442442,0.0,0.0,624671713.3820727,596780451.9164084,44781.01862884884
20000,Random,1,0.25,1.45,37502.74200467363,8571.47462433637,230371083.14505,0.0,0.0,654415267.3857795,626524005.9201152,46074.21662901
20000,Random,1,0.25,1.5,38795.94000483479,8571.47462433637,236837073.14585578,0.0,0.0,684158821.3894861,656267559.9238219,47367.41462917116
20000,Random,1,0.25,1.55,40089.13800499595,8571.47462433637,243303063.14666158,0.0,0.0,713902375.3931925,686011113.9275284,48660.61262933232
20000,Random,1,0.25,1.6,41382.336005157114,8571.47462433637,249769053.14746743,0.0,0.0,743645929.3968995,715754667.9312353,49953.810629493484
20000,Random,1,0.25,1.65,42675.534005318266,8571.47462433637,256235043.14827317,0.0,0.0,773389483.4006059,745498221.9349418,51247.008629654636
20000,Random,1,0.25,1.7,43968.732005479425,8571.47462433637,262701033.14907897,0.0,0.0,803133037.4043127,775241775.9386485,52540.206629815795
20000,Random,1,0.25,1.75,45261.93000564059,8571.47462433637,269167023.1498848,0.0,0.0,832876591.4080197,804985329.9423554,53833.40462997696
20000,Random,1,0.25,1.8,46555.12800580175,8571.47462433637,275633013.1506906,0.0,0.0,862620145.4117262,834728883.9460621,55126.60263013812
20000,Random,1,0.25,1.85,47848.32600596291,8571.47462433637,282099003.1514964,0.0,0.0,892363699.4154328,864472437.9497685,56419.80063029928
20000,Random,1,0.25,1.9,49141.52400612407,8571.47462433637,288564993.1523022,0.0,0.0,922107253.4191395,894215991.9534752,57712.99863046044
20000,Random,1,0.25,1.95,50434.72200628523,8571.47462433637,295030983.153108,0.0,0.0,951850807.4228461,923959545.9571819,59006.1966306216
20000,Random,1,0.25,2.0,51727.92000644639,8571.47462433637,301496973.1539138,0.0,0.0,981594361.4265528,953703099.9608886,60299.39463078276
20000,Random,1,0.25,2.05,53021.11800660754,8571.47462433637,307962963.15471953,0.0,0.0,1011337915.4302593,983446653.9645951,61592.59263094391
20000,Random,1,0.25,2.1,54314.316006768706,8571.47462433637,314428953.1555254,0.0,0.0,1041081469.4339662,1013190207.968302,62885.790631105076
20000,Random,1,0.25,2.15,55607.514006929865,8571.47462433637,320894943.1563312,0.0,0.0,1070825023.4376731,1042933761.9720087,64178.988631266235
20000,Random,1,0.25,2.2,56900.71200709103,8571.47462433637,327360933.157137,0.0,0.0,1100568577.4413793,1072677315.9757152,65472.1866314274
20000,Random,1,0.25,2.25,58193.91000725218,8571.47462433637,333826923.1579428,0.0,0.0,1130312131.4450862,1102420869.9794219,66765.38463158856
20000,Random,1,0.25,2.3,59487.10800741334,8571.47462433637,340292913.15874857,0.0,0.0,1160055685.448793,1132164423.9831285,68058.58263174971
20000,Random,1,0.25,2.35,60780.30600757451,8571.47462433637,346758903.1595544,0.0,0.0,1189799239.4524996,1161907977.9868355,69351.78063191088
20000,Random,1,0.25,2.4,62073.50400773566,8571.47462433637,353224893.16036016,0.0,0.0,1219542793.456206,1191651531.990542,70644.97863207203
20000,Random,1,0.25,2.45,63366.70200789683,8571.47462433637,359690883.161166,0.0,0.0,1249286347.459913,1221395085.9942489,71938.1766322332
20000,Random,1,0.25,2.5,64659.900008057986,8571.47462433637,366156873.16197175,0.0,0.0,1279029901.4636195,1251138639.9979553,73231.37463239435
20000,Random,1,0.5,0.0,0.0,8571.47462433637,85714746.2433637,1.0,0.0,-165290425.60003224,-193181687.06569648,8571.47462433637
20000,Random,1,0.5,0.05,1293.1980001611598,8571.47462433637,98646726.24497528,1.0,0.0,-129080881.59551983,-156972143.06118405,9864.672624497529
20000,Random,1,0.5,0.1,2586.3960003223197,8571.47462433637,111578706.2465869,1.0,0.0,-92871337.59100728,-120762599.0566715,11157.87062465869
20000,Random,1,0.5,0.15,3879.594000483479,8571.47462433637,124510686.2481985,0.9999,9.999499987498824e-05,-56661793.58649485,-84553055.05215907,12451.068624819849
20000,Random,1,0.5,0.2,5172.792000644639,8571.47462433637,137442666.2498101,0.8968,0.003042199204522938,-20452249.581982292,-48343511.047646515,13744.26662498101
20000,Random,1,0.5,0.25,6465.990000805798,8571.47462433637,150374646.2514217,0.1658,0.0037190100833420715,15757294.422530139,-12133967.04313409,15037.46462514217
20000,Random,1,0.5,0.3,7759.188000966958,8571.47462433637,163306626.25303328,0.0021,0.0004577761461675346,51966838.427042566,24075576.96137834,16330.662625303328
20000,Random,1,0.5,0.35,9052.386001128118,8571.47462433637,176238606.25464487,0.0,0.0,88176382.43155505,60285120.96589083,17623.860625464487
20000,Random,1,0.5,0.4,10345.584001289279,8571.47462433637,189170586.2562565,0.0,0.0,124385926.43606754,96494664.97040331,18917.05862562565
20000,Random,1,0.5,0.45,11638.782001450438,8571.47462433637,202102566.25786808,0.0,0.0,160595470.44057998,132704208.97491574,20210.25662578681
20000,Random,1,0.5,0.5,12931.980001611597,8571.47462433637,215034546.25947967,0.0,0.0,196805014.44509253,168913752.9794283,21503.45462594797
20000,Random,1,0.5,0.55,14225.178001772758,8571.47462433637,227966526.26109126,0.0,0.0,233014558.449605,205123296.98394072,22796.652626109128
20000,Random,1,0.5,0.6,15518.376001933915,8571.47462433637,240898506.26270288,0.0,0.0,269224102.45411736,241332840.98845315,24089.850626270287
20000,Random,1,0.5,0.65,16811.574002095076,8571.47462433637,253830486.26431447,0.0,0.0,305433646.4586299,277542384.9929657,25383.048626431446
20000,Random,1,0.5,0.7,18104.772002256235,8571.47462433637,266762466.26592606,0.0,0.0,341643190.46314234,313751928.9974781,26676.246626592605
20000,Random,1,0.5,0.75,19397.970002417394,8571.47462433637,279694446.26753765,0.0,0.0,377852734.46765476,349961473.00199056,27969.444626753764
20000,Random,1,0.5,0.8,20691.168002578557,8571.47462433637,292626426.26914924,0.0,0.0,414062278.4721673,386171017.0065031,29262.642626914927
20000,Random,1,0.5,0.85,21984.366002739713,8571.47462433637,305558406.27076083,0.0,0.0,450271822.47667956,422380561.0110154,30555.840627076082
20000,Random,1,0.5,0.9,23277.564002900875,8571.47462433637,318490386.2723724,0.0,0.0,486481366.4811922,458590105.01552796,31849.038627237245
20000,Random,1,0.5,0.95,24570.762003062035,8571.47462433637,331422366.2739841,0.0,0.0,522690910.4857049,494799649.02004063,33142.23662739841
20000,Random,1,0.5,1.0,25863.960003223194,8571.47462433637,344354346.2755956,0.0,0.0,558900454.490217,531009193.0245528,34435.43462755956
20000,Random,1,0.5,1.05,27157.158003384353,8571.47462433637,357286326.27720726,0.0,0.0,595109998.4947296,567218737.0290655,35728.632627720726
20000,Random,1,0.5,1.1,28450.356003545516,8571.47462433637,370218306.27881885,0.0,0.0,631319542.4992422,603428281.0335779,37021.830627881885
20000,Random,1,0.5,1.15,29743.55400370667,8571.47462433637,383150286.28043044,0.0,0.0,667529086.5037545,639637825.0380903,38315.028628043045
20000,Random,1,0.5,1.2,31036.75200386783,8571.47462433637,396082266.28204197,0.0,0.0,703738630.508267,675847369.0426028,39608.2266282042
20000,Random,1,0.5,1.25,32329.950004028993,8571.47462433637,409014246.2836536,0.0,0.0,739948174.5127795,712056913.0471153,40901.42462836536
20000,Random,1,0.5,1.3,33623.14800419015,8571.47462433637,421946226.2852652,0.0,0.0,776157718.5172919,748266457.0516276,42194.62262852652
20000,Random,1,0.5,1.35,34916.34600435131,8571.47462433637,434878206.2868768,0.0,0.0,812367262.5218045,784476001.0561402,43487.82062868768
20000,Random,1,0.5,1.4,36209.54400451247,8571.47462433637,447810186.2884884,0.0,0.0,848576806.526317,820685545.0606527,44781.01862884884
20000,Random,1,0.5,1.45,37502.74200467363,8571.47462433637,460742166.2901,0.0,0.0,884786350.5308293,856895089.065165,46074.21662901
20000,Random,1,0.5,1.5,38795.94000483479,8571.47462433637,473674146.29171157,0.0,0.0,920995894.5353417,893104633.0696776,47367.41462917116
20000,Random,1,0.5,1.55,40089.13800499595,8571.47462433637,486606126.29332316,0.0,0.0,957205438.5398543,929314177.0741901,48660.61262933232
20000,Random,1,0.5,1.6,41382.336005157114,8571.47462433637,499538106.29493487,0.0,0.0,993414982.5443672,965523721.0787029,49953.810629493484
20000,Random,1,0.5,1.65,42675.534005318266,8571.47462433637,512470086.29654634,0.0,0.0,1029624526.5488789,1001733265.0832148,51247.008629654636
20000,Random,1,0.5,1.7,43968.732005479425,8571.47462433637,525402066.29815793,0.0,0.0,1065834070.5533918,1037942809.0877275,52540.206629815795
20000,Random,1,0.5,1.75,45261.93000564059,8571.47462433637,538334046.2997696,0.0,0.0,1102043614.5579047,1074152353.0922403,53833.40462997696
20000,Random,1,0.5,1.8,46555.12800580175,8571.47462433637,551266026.3013812,0.0,0.0,1138253158.5624168,1110361897.0967526,55126.60263013812
20000,Random,1,0.5,1.85,47848.32600596291,8571.47462433637,564198006.3029928,0.0,0.0,1174462702.5669293,1146571441.101265,56419.80063029928
20000,Random,1,0.5,1.9,49141.52400612407,8571.47462433637,577129986.3046044,0.0,0.0,1210672246.571442,1182780985.1057775,57712.99863046044
20000,Random,1,0.5,1.95,50434.72200628523,8571.47462433637,590061966.306216,0.0,0.0,1246881790.5759542,1218990529.11029,59006.1966306216
20000,Random,1,0.5,2.0,51727.92000644639,8571.47462433637,602993946.3078276,0.0,0.0,1283091334.5804665,1255200073.1148024,60299.39463078276
20000,Random,1,0.5,2.05,53021.11800660754,8571.47462433637,615925926.3094391,0.0,0.0,1319300878.5849788,1291409617.1193147,61592.59263094391
20000,Random,1,0.5,2.1,54314.316006768706,8571.47462433637,628857906.3110508,0.0,0.0,1355510422.5894916,1327619161.1238275,62885.790631105076
20000,Random,1,0.5,2.15,55607.514006929865,8571.47462433637,641789886.3126624,0.0,0.0,1391719966.594004,1363828705.1283398,64178.988631266235
20000,Random,1,0.5,2.2,56900.71200709103,8571.47462433637,654721866.314274,0.0,0.0,1427929510.5985165,1400038249.132852,65472.1866314274
20000,Random,1,0.5,2.25,58193.91000725218,8571.47462433637,667653846.3158855,0.0,0.0,1464139054.603029,1436247793.1373646,66765.38463158856
20000,Random,1,0.5,2.3,59487.10800741334,8571.47462433637,680585826.3174971,0.0,0.0,1500348598.6075413,1472457337.1418772,68058.58263174971
20000,Random,1,0.5,2.35,60780.30600757451,8571.47462433637,693517806.3191088,0.0,0.0,1536558142.612054,1508666881.14639,69351.78063191088
20000,Random,1,0.5,2.4,62073.50400773566,8571.47462433637,706449786.3207203,0.0,0.0,1572767686.6165664,1544876425.1509023,70644.97863207203
20000,Random,1,0.5,2.45,63366.70200789683,8571.47462433637,719381766.322332,0.0,0.0,1608977230.6210792,1581085969.155415,71938.1766322332
20000,Random,1,0.5,2.5,64659.900008057986,8571.47462433637,732313746.3239435,0.0,0.0,1645186774.625591,1617295513.159927,73231.37463239435
20000,Random,3,0.0,0.0,0.0,8571.47462433637,0.0,1.0,0.0,-753013917.3592887,-800446268.772955,8571.47462433637
20000,Random,3,0.0,0.05,1293.1980001611598,8571.47462433637,0.0,1.0,0.0,-683181225.3505862,-730613576.7642524,9864.672624497529
20000,Random,3,0.0,0.1,2586.3960003223197,8571.47462433637,0.0,1.0,0.0,-613348533.3418834,-660780884.7555497,11157.87062465869
20000,Random,3,0.0,0.15,3879.594000483479,8571.47462433637,0.0,1.0,0.0,-543515841.3331807,-590948192.746847,12451.068624819849
20000,Random,3,0.0,0.2,5172.792000644639,8571.47462433637,0.0,1.0,0.0,-473683149.32447815,-521115500.73814446,13744.26662498101
20000,Random,3,0.0,0.25,6465.990000805798,8571.47462433637,0.0,1.0,0.0,-403850457.3157755,-451282808.7294418,15037.46462514217
20000,Random,3,0.0,0.3,7759.188000966958,8571.47462433637,0.0,1.0,0.0,-334017765.30707294,-381450116.7207393,16330.662625303328
20000,Random,3,0.0,0.35,9052.386001128118,8571.47462433637,0.0,1.0,0.0,-264185073.2983703,-311617424.71203667,17623.860625464487
20000,Random,3,0.0,0.4,10345.584001289279,8571.47462433637,0.0,1.0,0.0,-194352381.28966758,-241784732.70333388,18917.05862562565
20000,Random,3,0.0,0.45,11638.782001450438,8571.47462433637,0.0,1.0,0.0,-124529388.81291008,-171952040.69463137,20210.25662578681
20000,Random,3,0.0,0.5,12931.980001611597,8571.47462433637,0.0,0.9874,0.0011154030661603878,-55821331.09234198,-102179232.22807378,21503.45462594797
20000,Random,3,0.0,0.55,14225.178001772758,8571.47462433637,0.0,0.5091,0.004999171831413679,7963343.52146877,-36613767.76535563,22796.652626109128
20000,Random,3,0.0,0.6,15518.376001933915,8571.47462433637,0.0,0.0506,0.002191794698414977,82233347.33150178,-87555.89785923637,24089.850626270287
20000,Random,3,0.0,0.65,16811.574002095076,8571.47462433637,0.0,0.0023,0.0004790313142165134,154591050.1699503,107271294.15555772,25383.048626431446
20000,Random,3,0.0,0.7,18104.772002256235,8571.47462433637,0.0,0.0,0.0,224643770.76254806,177211419.3488817,26676.246626592605
20000,Random,3,0.0,0.75,19397.970002417394,8571.47462433637,0.0,0.0,0.0,294476462.7712508,247044111.35758445,27969.444626753764
20000,Random,3,0.0,0.8,20691.168002578557,8571.47462433637,0.0,0.0,0.0,364309154.7799533,316876803.36628693,29262.642626914927
20000,Random,3,0.0,0.85,21984.366002739713,8571.47462433637,0.0,0.0,0.0,434141846.7886559,386709495.37498945,30555.840627076082
20000,Random,3,0.0,0.9,23277.564002900875,8571.47462433637,0.0,0.0,0.0,503974538.7973583,456542187.38369197,31849.038627237245
20000,Random,3,0.0,0.95,24570.762003062035,8571.47462433637,0.0,0.0,0.0,573807230.8060615,526374879.3923952,33142.23662739841
20000,Random,3,0.0,1.0,25863.960003223194,8571.47462433637,0.0,0.0,0.0,643639922.8147638,596207571.4010975,34435.43462755956
20000,Random,3,0.0,1.05,27157.158003384353,8571.47462433637,0.0,0.0,0.0,713472614.8234667,666040263.4098003,35728.632627720726
20000,Random,3,0.0,1.1,28450.356003545516,8571.47462433637,0.0,0.0,0.0,783305306.8321692,735872955.4185028,37021.830627881885
20000,Random,3,0.0,1.15,29743.55400370667,8571.47462433637,0.0,0.0,0.0,853137998.8408716,805705647.4272053,38315.028628043045
20000,Random,3,0.0,1.2,31036.75200386783,8571.47462433637,0.0,0.0,0.0,922970690.849574,875538339.4359078,39608.2266282042
20000,Random,3,0.0,1.25,32329.950004028993,8571.47462433637,0.0,0.0,0.0,992803382.858277,945371031.4446108,40901.42462836536
20000,Random,3,0.0,1.3,33623.14800419015,8571.47462433637,0.0,0.0,0.0,1062636074.8669792,1015203723.4533131,42194.62262852652
20000,Random,3,0.0,1.35,34916.34600435131,8571.47462433637,0.0,0.0,0.0,1132468766.875682,1085036415.4620159,43487.82062868768
20000,Random,3,0.0,1.4,36209.54400451247,8571.47462433637,0.0,0.0,0.0,1202301458.8843844,1154869107.4707181,44781.01862884884
20000,Random,3,0.0,1.45,37502.74200467363,8571.47462433637,0.0,0.0,0.0,1272134150.8930876,1224701799.4794214,46074.21662901
20000,Random,3,0.0,1.5,38795.94000483479,8571.47462433637,0.0,0.0,0.0,1341966842.90179,1294534491.4881237,47367.41462917116
20000,Random,3,0.0,1.55,40089.13800499595,8571.47462433637,0.0,0.0,0.0,1411799534.9104922,1364367183.496826,48660.61262933232
20000,Random,3,0.0,1.6,41382.336005157114,8571.47462433637,0.0,0.0,0.0,1481632226.9191954,1434199875.5055292,49953.810629493484
20000,Random,3,0.0,1.65,42675.534005318266,8571.47462433637,0.0,0.0,0.0,1551464918.9278977,1504032567.5142314,51247.008629654636
20000,Random,3,0.0,1.7,43968.732005479425,8571.47462433637,0.0,0.0,0.0,1621297610.9366004,1573865259.5229342,52540.206629815795
20000,Random,3,0.0,1.75,45261.93000564059,8571.47462433637,0.0,0.0,0.0,1691130302.9453037,1643697951.5316374,53833.40462997696
20000,Random,3,0.0,1.8,46555.12800580175,8571.47462433637,0.0,0.0,0.0,1760962994.9540062,1713530643.5403397,55126.60263013812
20000,Random,3,0.0,1.85,47848.32600596291,8571.47462433637,0.0,0.0,0.0,1830795686.9627087,1783363335.5490425,56419.80063029928
20000,Random,3,0.0,1.9,49141.52400612407,8571.47462433637,0.0,0.0,0.0,1900628378.971411,1853196027.5577447,57712.99863046044
20000,Random,3,0.0,1.95,50434.72200628523,8571.47462433637,0.0,0.0,0.0,1970461070.980114,1923028719.5664475,59006.1966306216
20000,Random,3,0.0,2.0,51727.92000644639,8571.47462433637,0.0,0.0,0.0,2040293762.9888165,1992861411.5751503,60299.39463078276
20000,Random,3,0.0,2.05,53021.11800660754,8571.47462433637,0.0,0.0,0.0,2110126454.9975183,2062694103.583852,61592.59263094391
20000,Random,3,0.0,2.1,54314.316006768706,8571.47462433637,0.0,0.0,0.0,2179959147.0062213,2132526795.5925553,62885.790631105076
20000,Random,3,0.0,2.15,55607.514006929865,8571.47462433637,0.0,0.0,0.0,2249791839.014924,2202359487.601258,64178.988631266235
20000,Random,3,0.0,2.2,56900.71200709103,8571.47462433637,0.0,0.0,0.0,2319624531.0236263,2272192179.60996,65472.1866314274
20000,Random,3,0.0,2.25,58193.91000725218,8571.47462433637,0.0,0.0,0.0,2389457223.032329,2342024871.6186624,66765.38463158856
20000,Random,3,0.0,2.3,59487.10800741334,8571.47462433637,0.0,0.0,0.0,2459289915.041032,2411857563.627365,68058.58263174971
20000,Random,3,0.0,2.35,60780.30600757451,8571.47462433637,0.0,0.0,0.0,2529122607.0497346,2481690255.6360683,69351.78063191088
20000,Random,3,0.0,2.4,62073.50400773566,8571.47462433637,0.0,0.0,0.0,2598955299.0584373,2551522947.644771,70644.97863207203
20000,Random,3,0.0,2.45,63366.70200789683,8571.47462433637,0.0,0.0,0.0,2668787991.0671406,2621355639.6534743,71938.1766322332
20000,Random,3,0.0,2.5,64659.900008057986,8571.47462433637,0.0,0.0,0.0,2738620683.0758424,2691188331.6621757,73231.37463239435
20000,Random,3,0.1,0.0,0.0,8571.47462433637,17142949.24867274,1.0,0.0,-735870968.110616,-783303319.5242822,8571.47462433637
20000,Random,3,0.1,0.05,1293.1980001611598,8571.47462433637,19729345.24899506,1.0,0.0,-663451880.101591,-710884231.5152574,9864.672624497529
20000,Random,3,0.1,0.1,2586.3960003223197,8571.47462433637,22315741.24931738,1.0,0.0,-591032792.092566,-638465143.5062323,11157.87062465869
20000,Random,3,0.1,0.15,3879.594000483479,8571.47462433637,24902137.249639697,1.0,0.0,-518613704.08354104,-566046055.4972073,12451.068624819849
20000,Random,3,0.1,0.2,5172.792000644639,8571.47462433637,27488533.24996202,1.0,0.0,-446194616.0745161,-493626967.4881825,13744.26662498101
20000,Random,3,0.1,0.25,6465.990000805798,8571.47462433637,30074929.250284337,1.0,0.0,-373775528.06549114,-421207879.4791575,15037.46462514217
20000,Random,3,0.1,0.3,7759.188000966958,8571.47462433637,32661325.250606656,1.0,0.0,-301356440.0564663,-348788791.47013265,16330.662625303328
20000,Random,3,0.1,0.35,9052.386001128118,8571.47462433637,35247721.250928976,1.0,0.0,-228937352.0474413,-276369703.4611077,17623.860625464487
20000,Random,3,0.1,0.4,10345.584001289279,8571.47462433637,37834117.2512513,1.0,0.0,-156518264.0384162,-203950615.45208254,18917.05862562565
20000,Random,3,0.1,0.45,11638.782001450438,8571.47462433637,40420513.25157362,0.9994,0.0002448754785600316,-84108386.9495671,-131531527.4430578,20210.25662578681
20000,Random,3,0.1,0.5,12931.980001611597,8571.47462433637,43006909.251895934,0.673,0.004691172561311297,-12069875.260362377,-59172322.97617787,21503.45462594797
20000,Random,3,0.1,0.55,14225.178001772758,8571.47462433637,45593305.252218254,0.0236,0.0015179934123704228,60622630.07010521,12874436.201330937,22796.652626109128
20000,Random,3,0.1,0.6,15518.376001933915,8571.47462433637,48179701.25254057,0.0001,9.999499987499375e-05,133155008.86602367,85725736.58401701,24089.850626270287
20000,Random,3,0.1,0.65,16811.574002095076,8571.47462433637,50766097.25286289,0.0,0.0,205577176.0067084,158144824.5930421,25383.048626431446
20000,Random,3,0.1,0.7,18104.772002256235,8571.47462433637,53352493.25318521,0.0,0.0,277996264.0157333,230563912.60206696,26676.246626592605
20000,Random,3,0.1,0.75,19397.970002417394,8571.47462433637,55938889.253507525,0.0,0.0,350415352.0247584,302983000.61109203,27969.444626753764
20000,Random,3,0.1,0.8,20691.168002578557,8571.47462433637,58525285.25382985,0.0,0.0,422834440.0337832,375402088.6201169,29262.642626914927
20000,Random,3,0.1,0.85,21984.366002739713,8571.47462433637,61111681.254152164,0.0,0.0,495253528.04280794,447821176.6291415,30555.840627076082
20000,Random,3,0.1,0.9,23277.564002900875,8571.47462433637,63698077.25447449,0.0,0.0,567672616.0518327,520240264.63816637,31849.038627237245
20000,Random,3,0.1,0.95,24570.762003062035,8571.47462433637,66284473.25479682,0.0,0.0,640091704.0608582,592659352.647192,33142.23662739841
20000,Random,3,0.1,1.0,25863.960003223194,8571.47462433637,68870869.25511912,0.0,0.0,712510792.0698829,665078440.6562166,34435.43462755956
20000,Random,3,0.1,1.05,27157.158003384353,8571.47462433637,71457265.25544146,0.0,0.0,784929880.078908,737497528.6652417,35728.632627720726
20000,Random,3,0.1,1.1,28450.356003545516,8571.47462433637,74043661.25576377,0.0,0.0,857348968.087933,809916616.6742666,37021.830627881885
20000,Random,3,0.1,1.15,29743.55400370667,8571.47462433637,76630057.2560861,0.0,0.0,929768056.0969578,882335704.6832914,38315.028628043045
20000,Random,3,0.1,1.2,31036.75200386783,8571.47462433637,79216453.2564084,0.0,0.0,1002187144.1059827,954754792.6923163,39608.2266282042
20000,Random,3,0.1,1.25,32329.950004028993,8571.47462433637,81802849.25673072,0.0,0.0,1074606232.1150076,1027173880.7013414,40901.42462836536
20000,Random,3,0.1,1.3,33623.14800419015,8571.47462433637,84389245.25705305,0.0,0.0,1147025320.1240325,1099592968.710366,42194.62262852652
20000,Random,3,0.1,1.35,34916.34600435131,8571.47462433637,86975641.25737536,0.0,0.0,1219444408.1330574,1172012056.719391,43487.82062868768
20000,Random,3,0.1,1.4,36209.54400451247,8571.47462433637,89562037.25769769,0.0,0.0,1291863496.142082,1244431144.7284157,44781.01862884884
20000,Random,3,0.1,1.45,37502.74200467363,8571.47462433637,92148433.25802,0.0,0.0,1364282584.1511075,1316850232.7374413,46074.21662901
20000,Random,3,0.1,1.5,38795.94000483479,8571.47462433637,94734829.25834231,0.0,0.0,1436701672.1601322,1389269320.746466,47367.41462917116
20000,Random,3,0.1,1.55,40089.13800499595,8571.47462433637,97321225.25866464,0.0,0.0,1509120760.1691568,1461688408.7554905,48660.61262933232
20000,Random,3,0.1,1.6,41382.336005157114,8571.47462433637,99907621.25898696,0.0,0.0,1581539848.1781824,1534107496.764516,49953.810629493484
20000,Random,3,0.1,1.65,42675.534005318266,8571.47462433637,102494017.25930928,0.0,0.0,1653958936.187207,1606526584.7735407,51247.008629654636
20000,Random,3,0.1,1.7,43968.732005479425,8571.47462433637,105080413.25963159,0.0,0.0,1726378024.196232,1678945672.7825658,52540.206629815795
20000,Random,3,0.1,1.75,45261.93000564059,8571.47462433637,107666809.25995392,0.0,0.0,1798797112.205258,1751364760.7915914,53833.40462997696
20000,Random,3,0.1,1.8,46555.12800580175,8571.47462433637,110253205.26027624,0.0,0.0,1871216200.214282,1823783848.800616,55126.60263013812
20000,Random,3,0.1,1.85,47848.32600596291,8571.47462433637,112839601.26059856,0.0,0.0,1943635288.2233074,1896202936.8096411,56419.80063029928
20000,Random,3,0.1,1.9,49141.52400612407,8571.47462433637,115425997.26092088,0.0,0.0,2016054376.232332,1968622024.8186657,57712.99863046044
20000,Random,3,0.1,1.95,50434.72200628523,8571.47462433637,118012393.2612432,0.0,0.0,2088473464.241357,2041041112.8276908,59006.1966306216
20000,Random,3,0.1,2.0,51727.92000644639,8571.47462433637,120598789.26156552,0.0,0.0,2160892552.250382,2113460200.836716,60299.39463078276
20000,Random,3,0.1,2.05,53021.11800660754,8571.47462433637,123185185.26188782,0.0,0.0,2233311640.259406,2185879288.84574,61592.59263094391
20000,Random,3,0.1,2.1,54314.316006768706,8571.47462433637,125771581.26221015,0.0,0.0,2305730728.268432,2258298376.8547654,62885.790631105076
20000,Random,3,0.1,2.15,55607.514006929865,8571.47462433637,128357977.26253247,0.0,0.0,2378149816.2774568,2330717464.86379,64178.988631266235
20000,Random,3,0.1,2.2,56900.71200709103,8571.47462433637,130944373.2628548,0.0,0.0,2450568904.2864814,2403136552.8728147,65472.1866314274
20000,Random,3,0.1,2.25,58193.91000725218,8571.47462433637,133530769.26317713,0.0,0.0,2522987992.295506,2475555640.8818393,66765.38463158856
20000,Random,3,0.1,2.3,59487.10800741334,8571.47462433637,136117165.26349944,0.0,0.0,2595407080.3045306,2547974728.8908644,68058.58263174971
20000,Random,3,0.1,2.35,60780.30600757451,8571.47462433637,138703561.26382175,0.0,0.0,2667826168.313556,2620393816.89989,69351.78063191088
20000,Random,3,0.1,2.4,62073.50400773566,8571.47462433637,141289957.26414406,0.0,0.0,2740245256.322582,2692812904.908915,70644.97863207203
20000,Random,3,0.1,2.45,63366.70200789683,8571.47462433637,143876353.2644664,0.0,0.0,2812664344.331607,2765231992.9179406,71938.1766322332
20000,Random,3,0.1,2.5,64659.900008057986,8571.47462433637,146462749.2647887,0.0,0.0,2885083432.3406305,2837651080.9269643,73231.37463239435
20000,Random,3,0.25,0.0,0.0,8571.47462433637,42857373.12168185,1.0,0.0,-710156544.2376068,-757588895.651273,8571.47462433637
20000,Random,3,0.25,0.05,1293.1980001611598,8571.47462433637,49323363.12248764,1.0,0.0,-633857862.2280985,-681290213.6417648,9864.672624497529
20000,Random,3,0.25,0.1,2586.3960003223197,8571.47462433637,55789353.12329345,1.0,0.0,-557559180.2185899,-604991531.6322563,11157.87062465869
20000,Random,3,0.25,0.15,3879.594000483479,8571.47462433637,62255343.12409925,1.0,0.0,-481260498.2090815,-528692849.62274784,12451.068624819849
20000,Random,3,0.25,0.2,5172.792000644639,8571.47462433637,68721333.12490505,1.0,0.0,-404961816.199573,-452394167.61323935,13744.26662498101
20000,Random,3,0.25,0.25,6465.990000805798,8571.47462433637,75187323.12571084,1.0,0.0,-328663134.19006467,-376095485.603731,15037.46462514217
20000,Random,3,0.25,0.3,7759.188000966958,8571.47462433637,81653313.12651664,1.0,0.0,-252364452.18055624,-299796803.5942226,16330.662625303328
20000,Random,3,0.25,0.35,9052.386001128118,8571.47462433637,88119303.12732244,1.0,0.0,-176065770.1710479,-223498121.5847142,17623.860625464487
20000,Random,3,0.25,0.4,10345.584001289279,8571.47462433637,94585293.12812825,0.9998,0.0001414072133945005,-99767088.16153929,-147199439.5752056,18917.05862562565
20000,Random,3,0.25,0.45,11638.782001450438,8571.47462433637,101051283.12893404,0.7957,0.004031891739618017,-23470462.271550465,-70900757.56569722,20210.25662578681
20000,Random,3,0.25,0.5,12931.980001611597,8571.47462433637,107517273.12973984,0.0341,0.001814860600707393,52827104.073326394,5381516.478375699,21503.45462594797
20000,Random,3,0.25,0.55,14225.178001772758,8571.47462433637,113983263.13054563,0.0,0.0,129128957.86698584,81696606.45331952,22796.652626109128
20000,Random,3,0.25,0.6,15518.376001933915,8571.47462433637,120449253.13135144,0.0,0.0,205427639.87649423,157995288.4628279,24089.850626270287
20000,Random,3,0.25,0.65,16811.574002095076,8571.47462433637,126915243.13215724,0.0,0.0,281726321.88600284,234293970.4723365,25383.048626431446
20000,Random,3,0.25,0.7,18104.772002256235,8571.47462433637,133381233.13296303,0.0,0.0,358025003.8955109,310592652.4818446,26676.246626592605
20000,Random,3,0.25,0.75,19397.970002417394,8571.47462433637,139847223.13376883,0.0,0.0,434323685.9050195,386891334.4913532,27969.444626753764
20000,Random,3,0.25,0.8,20691.168002578557,8571.47462433637,146313213.13457462,0.0,0.0,510622367.91452795,463190016.5008616,29262.642626914927
20000,Random,3,0.25,0.85,21984.366002739713,8571.47462433637,152779203.13538042,0.0,0.0,586921049.9240364,539488698.51037,30555.840627076082
20000,Random,3,0.25,0.9,23277.564002900875,8571.47462433637,159245193.1361862,0.0,0.0,663219731.9335444,615787380.5198781,31849.038627237245
20000,Random,3,0.25,0.95,24570.762003062035,8571.47462433637,165711183.13699204,0.0,0.0,739518413.9430535,692086062.5293872,33142.23662739841
20000,Random,3,0.25,1.0,25863.960003223194,8571.47462433637,172177173.1377978,0.0,0.0,815817095.9525616,768384744.5388954,34435.43462755956
20000,Random,3,0.25,1.05,27157.158003384353,8571.47462433637,178643163.13860363,0.0,0.0,892115777.9620703,844683426.548404,35728.632627720726
20000,Random,3,0.25,1.1,28450.356003545516,8571.47462433637,185109153.13940942,0.0,0.0,968414459.9715785,920982108.5579121,37021.830627881885
20000,Random,3,0.25,1.15,29743.55400370667,8571.47462433637,191575143.14021522,0.0,0.0,1044713141.9810871,997280790.5674207,38315.028628043045
20000,Random,3,0.25,1.2,31036.75200386783,8571.47462433637,198041133.14102098,0.0,0.0,1121011823.990595,1073579472.5769289,39608.2266282042
20000,Random,3,0.25,1.25,32329.950004028993,8571.47462433637,204507123.1418268,0.0,0.0,1197310506.000104,1149878154.5864375,40901.42462836536
20000,Random,3,0.25,1.3,33623.14800419015,8571.47462433637,210973113.1426326,0.0,0.0,1273609188.0096118,1226176836.5959456,42194.62262852652
20000,Random,3,0.25,1.35,34916.34600435131,8571.47462433637,217439103.1434384,0.0,0.0,1349907870.0191205,1302475518.6054542,43487.82062868768
20000,Random,3,0.25,1.4,36209.54400451247,8571.47462433637,223905093.1442442,0.0,0.0,1426206552.0286286,1378774200.6149623,44781.01862884884
20000,Random,3,0.25,1.45,37502.74200467363,8571.47462433637,230371083.14505,0.0,0.0,1502505234.038138,1455072882.6244714,46074.21662901
20000,Random,3,0.25,1.5,38795.94000483479,8571.47462433637,236837073.14585578,0.0,0.0,1578803916.0476458,1531371564.6339796,47367.41462917116
20000,Random,3,0.25,1.55,40089.13800499595,8571.47462433637,243303063.14666158,0.0,0.0,1655102598.0571542,1607670246.6434877,48660.61262933232
20000,Random,3,0.25,1.6,41382.336005157114,8571.47462433637,249769053.14746743,0.0,0.0,1731401280.0666628,1683968928.6529968,49953.810629493484
20000,Random,3,0.25,1.65,42675.534005318266,8571.47462433637,256235043.14827317,0.0,0.0,1807699962.0761707,1760267610.6625044,51247.008629654636
20000,Random,3,0.25,1.7,43968.732005479425,8571.47462433637,262701033.14907897,0.0,0.0,1883998644.0856793,1836566292.672013,52540.206629815795
20000,Random,3,0.25,1.75,45261.93000564059,8571.47462433637,269167023.1498848,0.0,0.0,1960297326.0951884,1912864974.6815221,53833.40462997696
20000,Random,3,0.25,1.8,46555.12800580175,8571.47462433637,275633013.1506906,0.0,0.0,2036596008.104697,1989163656.6910303,55126.60263013812
20000,Random,3,0.25,1.85,47848.32600596291,8571.47462433637,282099003.1514964,0.0,0.0,2112894690.1142054,2065462338.7005389,56419.80063029928
20000,Random,3,0.25,1.9,49141.52400612407,8571.47462433637,288564993.1523022,0.0,0.0,2189193372.1237135,2141761020.710047,57712.99863046044
20000,Random,3,0.25,1.95,50434.72200628523,8571.47462433637,295030983.153108,0.0,0.0,2265492054.133222,2218059702.7195554,59006.1966306216
20000,Random,3,0.25,2.0,51727.92000644639,8571.47462433637,301496973.1539138,0.0,0.0,2341790736.14273,2294358384.729064,60299.39463078276
20000,Random,3,0.25,2.05,53021.11800660754,8571.47462433637,307962963.15471953,0.0,0.0,2418089418.1522374,2370657066.738571,61592.59263094391
20000,Random,3,0.25,2.1,54314.316006768706,8571.47462433637,314428953.1555254,0.0,0.0,2494388100.161747,2446955748.7480803,62885.790631105076
20000,Random,3,0.25,2.15,55607.514006929865,8571.47462433637,320894943.1563312,0.0,0.0,2570686782.1712556,2523254430.757589,64178.988631266235
20000,Random,3,0.25,2.2,56900.71200709103,8571.47462433637,327360933.157137,0.0,0.0,2646985464.1807632,2599553112.767097,65472.1866314274
20000,Random,3,0.25,2.25,58193.91000725218,8571.47462433637,333826923.1579428,0.0,0.0,2723284146.190272,2675851794.776605,66765.38463158856
20000,Random,3,0.25,2.3,59487.10800741334,8571.47462433637,340292913.15874857,0.0,0.0,2799582828.1997805,2752150476.7861137,68058.58263174971
20000,Random,3,0.25,2.35,60780.30600757451,8571.47462433637,346758903.1595544,0.0,0.0,2875881510.209289,2828449158.795623,69351.78063191088
20000,Random,3,0.25,2.4,62073.50400773566,8571.47462433637,353224893.16036016,0.0,0.0,2952180192.2187986,2904747840.8051314,70644.97863207203
20000,Random,3,0.25,2.45,63366.70200789683,8571.47462433637,359690883.161166,0.0,0.0,3028478874.2283072,2981046522.8146405,71938.1766322332
20000,Random,3,0.25,2.5,64659.900008057986,8571.47462433637,366156873.16197175,0.0,0.0,3104777556.237814,3057345204.8241477,73231.37463239435
20000,Random,3,0.5,0.0,0.0,8571.47462433637,85714746.2433637,1.0,0.0,-667299171.115925,-714731522.5295912,8571.47462433637
20000,Random,3,0.5,0.05,1293.1980001611598,8571.47462433637,98646726.24497528,1.0,0.0,-584534499.1056108,-631966850.5192771,9864.672624497529
20000,Random,3,0.5,0.1,2586.3960003223197,8571.47462433637,111578706.2465869,1.0,0.0,-501769827.0952964,-549202178.5089628,11157.87062465869
20000,Random,3,0.5,0.15,3879.594000483479,8571.47462433637,124510686.2481985,1.0,0.0,-419005155.0849822,-466437506.4986486,12451.068624819849
20000,Random,3,0.5,0.2,5172.792000644639,8571.47462433637,137442666.2498101,1.0,0.0,-336240483.07466805,-383672834.48833436,13744.26662498101
20000,Random,3,0.5,0.25,6465.990000805798,8571.47462433637,150374646.2514217,1.0,0.0,-253475811.0643538,-300908162.47802013,15037.46462514217
20000,Random,3,0.5,0.3,7759.188000966958,8571.47462433637,163306626.25303328,1.0,0.0,-170711139.0540397,-218143490.467706,16330.662625303328
20000,Random,3,0.5,0.35,9052.386001128118,8571.47462433637,176238606.25464487,0.9996,0.0001999599959991888,-87946467.04372545,-135378818.45739177,17623.860625464487
20000,Random,3,0.5,0.4,10345.584001289279,8571.47462433637,189170586.2562565,0.5705,0.00495004797956545,-5181795.033410985,-52614146.44707731,18917.05862562565
20000,Random,3,0.5,0.45,11638.782001450438,8571.47462433637,202102566.25786808,0.0045,0.0006693093455196931,77582876.976903,30150525.56323668,20210.25662578681
20000,Random,3,0.5,0.5,12931.980001611597,8571.47462433637,215034546.25947967,0.0,0.0,160347548.9872175,112915197.57355115,21503.45462594797
20000,Random,3,0.5,0.55,14225.178001772758,8571.47462433637,227966526.26109126,0.0,0.0,243112220.99753144,195679869.58386514,22796.652626109128
20000,Random,3,0.5,0.6,15518.376001933915,8571.47462433637,240898506.26270288,0.0,0.0,325876893.0078457,278444541.59417933,24089.850626270287
20000,Random,3,0.5,0.65,16811.574002095076,8571.47462433637,253830486.26431447,0.0,0.0,408641565.01815987,361209213.60449356,25383.048626431446
20000,Random,3,0.5,0.7,18104.772002256235,8571.47462433637,266762466.26592606,0.0,0.0,491406237.0284741,443973885.6148078,26676.246626592605
20000,Random,3,0.5,0.75,19397.970002417394,8571.47462433637,279694446.26753765,0.0,0.0,574170909.0387884,526738557.625122,27969.444626753764
20000,Random,3,0.5,0.8,20691.168002578557,8571.47462433637,292626426.26914924,0.0,0.0,656935581.0491027,609503229.6354363,29262.642626914927
20000,Random,3,0.5,0.85,21984.366002739713,8571.47462433637,305558406.27076083,0.0,0.0,739700253.0594167,692267901.6457503,30555.840627076082
20000,Random,3,0.5,0.9,23277.564002900875,8571.47462433637,318490386.2723724,0.0,0.0,822464925.0697308,775032573.6560645,31849.038627237245
20000,Random,3,0.5,0.95,24570.762003062035,8571.47462433637,331422366.2739841,0.0,0.0,905229597.0800455,857797245.6663792,33142.23662739841
20000,Random,3,0.5,1.0,25863.960003223194,8571.47462433637,344354346.2755956,0.0,0.0,987994269.0903593,940561917.6766932,34435.43462755956
20000,Random,3,0.5,1.05,27157.158003384353,8571.47462433637,357286326.27720726,0.0,0.0,1070758941.1006738,1023326589.6870077,35728.632627720726
20000,Random,3,0.5,1.1,28450.356003545516,8571.47462433637,370218306.27881885,0.0,0.0,1153523613.110988,1106091261.6973217,37021.830627881885
20000,Random,3,0.5,1.15,29743.55400370667,8571.47462433637,383150286.28043044,0.0,0.0,1236288285.121302,1188855933.7076356,38315.028628043045
20000,Random,3,0.5,1.2,31036.75200386783,8571.47462433637,396082266.28204197,0.0,0.0,1319052957.131616,1271620605.7179496,39608.2266282042
20000,Random,3,0.5,1.25,32329.950004028993,8571.47462433637,409014246.2836536,0.0,0.0,1401817629.1419308,1354385277.7282646,40901.42462836536
20000,Random,3,0.5,1.3,33623.14800419015,8571.47462433637,421946226.2852652,0.0,0.0,1484582301.1522448,1437149949.7385786,42194.62262852652
20000,Random,3,0.5,1.35,34916.34600435131,8571.47462433637,434878206.2868768,0.0,0.0,1567346973.1625588,1519914621.7488925,43487.82062868768
20000,Random,3,0.5,1.4,36209.54400451247,8571.47462433637,447810186.2884884,0.0,0.0,1650111645.1728728,1602679293.7592065,44781.01862884884
20000,Random,3,0.5,1.45,37502.74200467363,8571.47462433637,460742166.2901,0.0,0.0,1732876317.183188,1685443965.7695215,46074.21662901
20000,Random,3,0.5,1.5,38795.94000483479,8571.47462433637,473674146.29171157,0.0,0.0,1815640989.1935015,1768208637.7798355,47367.41462917116
20000,Random,3,0.5,1.55,40089.13800499595,8571.47462433637,486606126.29332316,0.0,0.0,1898405661.2038152,1850973309.790149,48660.61262933232
20000,Random,3,0.5,1.6,41382.336005157114,8571.47462433637,499538106.29493487,0.0,0.0,1981170333.2141304,1933737981.800464,49953.810629493484
20000,Random,3,0.5,1.65,42675.534005318266,8571.47462433637,512470086.29654634,0.0,0.0,2063935005.2244442,2016502653.810778,51247.008629654636
20000,Random,3,0.5,1.7,43968.732005479425,8571.47462433637,525402066.29815793,0.0,0.0,2146699677.2347586,2099267325.8210924,52540.206629815795
20000,Random,3,0.5,1.75,45261.93000564059,8571.47462433637,538334046.2997696,0.0,0.0,2229464349.2450733,2182031997.831407,53833.40462997696
20000,Random,3,0.5,1.8,46555.12800580175,8571.47462433637,551266026.3013812,0.0,0.0,2312229021.2553873,2264796669.8417206,55126.60263013812
20000,Random,3,0.5,1.85,47848.32600596291,8571.47462433637,564198006.3029928,0.0,0.0,2394993693.265702,2347561341.852035,56419.80063029928
20000,Random,3,0.5,1.9,49141.52400612407,8571.47462433637,577129986.3046044,0.0,0.0,2477758365.2760158,2430326013.862349,57712.99863046044
20000,Random,3,0.5,1.95,50434.72200628523,8571.47462433637,590061966.306216,0.0,0.0,2560523037.2863297,2513090685.872663,59006.1966306216
20000,Random,3,0.5,2.0,51727.92000644639,8571.47462433637,602993946.3078276,0.0,0.0,2643287709.296644,2595855357.8829775,60299.39463078276
20000,Random,3,0.5,2.05,53021.11800660754,8571.47462433637,615925926.3094391,0.0,0.0,2726052381.3069577,2678620029.893291,61592.59263094391
20000,Random,3,0.5,2.1,54314.316006768706,8571.47462433637,628857906.3110508,0.0,0.0,2808817053.3172727,2761384701.903606,62885.790631105076
20000,Random,3,0.5,2.15,55607.514006929865,8571.47462433637,641789886.3126624,0.0,0.0,2891581725.3275867,2844149373.91392,64178.988631266235
20000,Random,3,0.5,2.2,56900.71200709103,8571.47462433637,654721866.314274,0.0,0.0,2974346397.3379,2926914045.924234,65472.1866314274
20000,Random,3,0.5,2.25,58193.91000725218,8571.47462433637,667653846.3158855,0.0,0.0,3057111069.3482146,3009678717.934548,66765.38463158856
20000,Random,3,0.5,2.3,59487.10800741334,8571.47462433637,680585826.3174971,0.0,0.0,3139875741.358528,3092443389.944862,68058.58263174971
20000,Random,3,0.5,2.35,60780.30600757451,8571.47462433637,693517806.3191088,0.0,0.0,3222640413.3688436,3175208061.955177,69351.78063191088
20000,Random,3,0.5,2.4,62073.50400773566,8571.47462433637,706449786.3207203,0.0,0.0,3305405085.379158,3257972733.965492,70644.97863207203
20000,Random,3,0.5,2.45,63366.70200789683,8571.47462433637,719381766.322332,0.0,0.0,3388169757.3894734,3340737405.9758067,71938.1766322332
20000,Random,3,0.5,2.5,64659.900008057986,8571.47462433637,732313746.3239435,0.0,0.0,3470934429.399785,3423502077.986119,73231.37463239435
100000,Random,1,0.0,0.0,0.0,8571.47462433637,0.0,1.0,0.0,-1255080038.3599854,-1315989862.925128,8571.47462433637
100000,Random,1,0.0,0.05,1293.1980001611598,8571.47462433637,0.0,1.0,0.0,-1138692218.345481,-1199602042.9106236,9864.672624497529
100000,Random,1,0.0,0.1,2586.3960003223197,8571.47462433637,0.0,1.0,0.0,-1022304398.3309766,-1083214222.896119,11157.87062465869
100000,Random,1,0.0,0.15,3879.594000483479,8571.47462433637,0.0,1.0,0.0,-905916578.3164723,-966826402.8816148,12451.068624819849
100000,Random,1,0.0,0.2,5172.792000644639,8571.47462433637,0.0,1.0,0.0,-789528758.3019676,-850438582.8671101,13744.26662498101
100000,Random,1,0.0,0.25,6465.990000805798,8571.47462433637,0.0,1.0,0.0,-673140938.2874634,-734050762.8526059,15037.46462514217
100000,Random,1,0.0,0.3,7759.188000966958,8571.47462433637,0.0,1.0,0.0,-556753118.2729589,-617662942.8381015,16330.662625303328
100000,Random,1,0.0,0.35,9052.386001128118,8571.47462433637,0.0,1.0,0.0,-440365298.2584548,-501275122.8235974,17623.860625464487
100000,Random,1,0.0,0.4,10345.584001289279,8571.47462433637,0.0,1.0,0.0,-323977478.24395007,-384887302.8090927,18917.05862562565
100000,Random,1,0.0,0.45,11638.782001450438,8571.47462433637,0.0,1.0,0.0,-207589658.22944564,-268499482.79458827,20210.25662578681
100000,Random,1,0.0,0.5,12931.980001611597,8571.47462433637,0.0,0.9949,0.0007123194508084132,-91201838.21494146,-152111662.78008407,21503.45462594797
100000,Random,1,0.0,0.55,14225.178001772758,8571.47462433637,0.0,0.2409,0.004276297347004766,25185981.799562987,-35723842.765579626,22796.652626109128
100000,Random,1,0.0,0.6,15518.376001933915,8571.47462433637,0.0,0.0003,0.00017317909804592468,141573801.81406695,80663977.24892433,24089.850626270287
100000,Random,1,0.0,0.65,16811.574002095076,8571.47462433637,0.0,0.0,0.0,257961621.8285719,197051797.26342922,25383.048626431446
100000,Random,1,0.0,0.7,18104.772002256235,8571.47462433637,0.0,0.0,0.0,374349441.84307575,313439617.2779332,26676.246626592605
100000,Random,1,0.0,0.75,19397.970002417394,8571.47462433637,0.0,0.0,0.0,490737261.85758024,429827437.2924376,27969.444626753764
100000,Random,1,0.0,0.8,20691.168002578557,8571.47462433637,0.0,0.0,0.0,607125081.8720846,546215257.3069421,29262.642626914927
100000,Random,1,0.0,0.85,21984.366002739713,8571.47462433637,0.0,0.0,0.0,723512901.886589,662603077.3214465,30555.840627076082
100000,Random,1,0.0,0.9,23277.564002900875,8571.47462433637,0.0,0.0,0.0,839900721.9010936,778990897.335951,31849.038627237245
100000,Random,1,0.0,0.95,24570.762003062035,8571.47462433637,0.0,0.0,0.0,956288541.9155984,895378717.3504559,33142.23662739841
100000,Random,1,0.0,1.0,25863.960003223194,8571.47462433637,0.0,0.0,0.0,1072676361.930102,1011766537.3649594,34435.43462755956
100000,Random,1,0.0,1.05,27157.158003384353,8571.47462433637,0.0,0.0,0.0,1189064181.9446068,1128154357.3794641,35728.632627720726
100000,Random,1,0.0,1.1,28450.356003545516,8571.47462433637,0.0,0.0,0.0,1305452001.9591112,1244542177.3939686,37021.830627881885
100000,Random,1,0.0,1.15,29743.55400370667,8571.47462433637,0.0,0.0,0.0,1421839821.9736156,1360929997.408473,38315.028628043045
100000,Random,1,0.0,1.2,31036.75200386783,8571.47462433637,0.0,0.0,0.0,1538227641.9881191,1477317817.4229765,39608.2266282042
100000,Random,1,0.0,1.25,32329.950004028993,8571.47462433637,0.0,0.0,0.0,1654615462.002624,1593705637.4374814,40901.42462836536
100000,Random,1,0.0,1.3,33623.14800419015,8571.47462433637,0.0,0.0,0.0,1771003282.0171285,1710093457.4519858,42194.62262852652
100000,Random,1,0.0,1.35,34916.34600435131,8571.47462433637,0.0,0.0,0.0,1887391102.0316324,1826481277.4664898,43487.82062868768
100000,Random,1,0.0,1.4,36209.54400451247,8571.47462433637,0.0,0.0,0.0,2003778922.0461366,1942869097.4809942,44781.01862884884
100000,Random,1,0.0,1.45,37502.74200467363,8571.47462433637,0.0,0.0,0.0,2120166742.0606413,2059256917.4954987,46074.21662901
100000,Random,1,0.0,1.5,38795.94000483479,8571.47462433637,0.0,0.0,0.0,2236554562.0751467,2175644737.5100036,47367.41462917116
100000,Random,1,0.0,1.55,40089.13800499595,8571.47462433637,0.0,0.0,0.0,2352942382.08965,2292032557.5245075,48660.61262933232
100000,Random,1,0.0,1.6,41382.336005157114,8571.47462433637,0.0,0.0,0.0,2469330202.1041555,2408420377.539013,49953.810629493484
100000,Random,1,0.0,1.65,42675.534005318266,8571.47462433637,0.0,0.0,0.0,2585718022.1186595,2524808197.5535164,51247.008629654636
100000,Random,1,0.0,1.7,43968.732005479425,8571.47462433637,0.0,0.0,0.0,2702105842.1331635,2641196017.568021,52540.206629815795
100000,Random,1,0.0,1.75,45261.93000564059,8571.47462433637,0.0,0.0,0.0,2818493662.147668,2757583837.5825253,53833.40462997696
100000,Random,1,0.0,1.8,46555.12800580175,8571.47462433637,0.0,0.0,0.0,2934881482.1621723,2873971657.5970297,55126.60263013812
100000,Random,1,0.0,1.85,47848.32600596291,8571.47462433637,0.0,0.0,0.0,3051269302.1766768,2990359477.611534,56419.80063029928
100000,Random,1,0.0,1.9,49141.52400612407,8571.47462433637,0.0,0.0,0.0,3167657122.191181,3106747297.6260386,57712.99863046044
100000,Random,1,0.0,1.95,50434.72200628523,8571.47462433637,0.0,0.0,0.0,3284044942.2056847,3223135117.640542,59006.1966306216
100000,Random,1,0.0,2.0,51727.92000644639,8571.47462433637,0.0,0.0,0.0,3400432762.22019,3339522937.6550474,60299.39463078276
100000,Random,1,0.0,2.05,53021.11800660754,8571.47462433637,0.0,0.0,0.0,3516820582.2346935,3455910757.669551,61592.59263094391
100000,Random,1,0.0,2.1,54314.316006768706,8571.47462433637,0.0,0.0,0.0,3633208402.2491994,3572298577.6840563,62885.790631105076
100000,Random,1,0.0,2.15,55607.514006929865,8571.47462433637,0.0,0.0,0.0,3749596222.2637033,3688686397.6985598,64178.988631266235
100000,Random,1,0.0,2.2,56900.71200709103,8571.47462433637,0.0,0.0,0.0,3865984042.278208,3805074217.713065,65472.1866314274
100000,Random,1,0.0,2.25,58193.91000725218,8571.47462433637,0.0,0.0,0.0,3982371862.2927127,3921462037.7275696,66765.38463158856
100000,Random,1,0.0,2.3,59487.10800741334,8571.47462433637,0.0,0.0,0.0,4098759682.3072157,4037849857.742073,68058.58263174971
100000,Random,1,0.0,2.35,60780.30600757451,8571.47462433637,0.0,0.0,0.0,4215147502.32172,4154237677.7565775,69351.78063191088
100000,Random,1,0.0,2.4,62073.50400773566,8571.47462433637,0.0,0.0,0.0,4331535322.336225,4270625497.771082,70644.97863207203
100000,Random,1,0.0,2.45,63366.70200789683,8571.47462433637,0.0,0.0,0.0,4447923142.35073,4387013317.785587,71938.1766322332
100000,Random,1,0.0,2.5,64659.900008057986,8571.47462433637,0.0,0.0,0.0,4564310962.365232,4503401137.800091,73231.37463239435
100000,Random,1,0.1,0.0,0.0,8571.47462433637,85714746.2433637,1.0,0.0,-1169365292.1166215,-1230275116.6817641,8571.47462433637
100000,Random,1,0.1,0.05,1293.1980001611598,8571.47462433637,98646726.24497528,1.0,0.0,-1040045492.1005055,-1100955316.6656485,9864.672624497529
100000,Random,1,0.1,0.1,2586.3960003223197,8571.47462433637,111578706.2465869,1.0,0.0,-910725692.0843894,-971635516.6495322,11157.87062465869
100000,Random,1,0.1,0.15,3879.594000483479,8571.47462433637,124510686.2481985,1.0,0.0,-781405892.0682738,-842315716.6334163,12451.068624819849
100000,Random,1,0.1,0.2,5172.792000644639,8571.47462433637,137442666.2498101,1.0,0.0,-652086092.0521573,-712995916.6172999,13744.26662498101
100000,Random,1,0.1,0.25,6465.990000805798,8571.47462433637,150374646.2514217,1.0,0.0,-522766292.0360417,-583676116.6011842,15037.46462514217
100000,Random,1,0.1,0.3,7759.188000966958,8571.47462433637,163306626.25303328,1.0,0.0,-393446492.01992553,-454356316.58506817,16330.662625303328
100000,Random,1,0.1,0.35,9052.386001128118,8571.47462433637,176238606.25464487,1.0,0.0,-264126692.00380987,-325036516.5689525,17623.860625464487
100000,Random,1,0.1,0.4,10345.584001289279,8571.47462433637,189170586.2562565,0.9999,9.999499987498824e-05,-134806891.98769352,-195716716.55283612,18917.05862562565
100000,Random,1,0.1,0.45,11638.782001450438,8571.47462433637,202102566.25786808,0.5545,0.004970208748131209,-5487091.971577588,-66396916.5367202,20210.25662578681
100000,Random,1,0.1,0.5,12931.980001611597,8571.47462433637,215034546.25947967,0.0007,0.00026448251359967073,123832708.04453808,62922883.479395464,21503.45462594797
100000,Random,1,0.1,0.55,14225.178001772758,8571.47462433637,227966526.26109126,0.0,0.0,253152508.0606542,192242683.4955116,22796.652626109128
100000,Random,1,0.1,0.6,15518.376001933915,8571.47462433637,240898506.26270288,0.0,0.0,382472308.07676995,321562483.51162726,24089.850626270287
100000,Random,1,0.1,0.65,16811.574002095076,8571.47462433637,253830486.26431447,0.0,0.0,511792108.0928865,450882283.5277439,25383.048626431446
100000,Random,1,0.1,0.7,18104.772002256235,8571.47462433637,266762466.26592606,0.0,0.0,641111908.1090016,580202083.5438591,26676.246626592605
100000,Random,1,0.1,0.75,19397.970002417394,8571.47462433637,279694446.26753765,0.0,0.0,770431708.1251179,709521883.5599753,27969.444626753764
100000,Random,1,0.1,0.8,20691.168002578557,8571.47462433637,292626426.26914924,0.0,0.0,899751508.141234,838841683.5760914,29262.642626914927
100000,Random,1,0.1,0.85,21984.366002739713,8571.47462433637,305558406.27076083,0.0,0.0,1029071308.15735,968161483.5922076,30555.840627076082
100000,Random,1,0.1,0.9,23277.564002900875,8571.47462433637,318490386.2723724,0.0,0.0,1158391108.1734657,1097481283.608323,31849.038627237245
100000,Random,1,0.1,0.95,24570.762003062035,8571.47462433637,331422366.2739841,0.0,0.0,1287710908.1895823,1226801083.6244397,33142.23662739841
100000,Random,1,0.1,1.0,25863.960003223194,8571.47462433637,344354346.2755956,0.0,0.0,1417030708.2056978,1356120883.640555,34435.43462755956
100000,Random,1,0.1,1.05,27157.158003384353,8571.47462433637,357286326.27720726,0.0,0.0,1546350508.2218142,1485440683.6566715,35728.632627720726
100000,Random,1,0.1,1.1,28450.356003545516,8571.47462433637,370218306.27881885,0.0,0.0,1675670308.2379303,1614760483.6727877,37021.830627881885
100000,Random,1,0.1,1.15,29743.55400370667,8571.47462433637,383150286.28043044,0.0,0.0,1804990108.2540462,1744080283.6889033,38315.028628043045
100000,Random,1,0.1,1.2,31036.75200386783,8571.47462433637,396082266.28204197,0.0,0.0,1934309908.270161,1873400083.7050185,39608.2266282042
100000,Random,1,0.1,1.25,32329.950004028993,8571.47462433637,409014246.2836536,0.0,0.0,2063629708.2862778,2002719883.7211351,40901.42462836536
100000,Random,1,0.1,1.3,33623.14800419015,8571.47462433637,421946226.2852652,0.0,0.0,2192949508.302394,2132039683.7372513,42194.62262852652
100000,Random,1,0.1,1.35,34916.34600435131,8571.47462433637,434878206.2868768,0.0,0.0,2322269308.3185096,2261359483.7533665,43487.82062868768
100000,Random,1,0.1,1.4,36209.54400451247,8571.47462433637,447810186.2884884,0.0,0.0,2451589108.3346252,2390679283.7694826,44781.01862884884
100000,Random,1,0.1,1.45,37502.74200467363,8571.47462433637,460742166.2901,0.0,0.0,2580908908.3507414,2519999083.7855988,46074.21662901
100000,Random,1,0.1,1.5,38795.94000483479,8571.47462433637,473674146.29171157,0.0,0.0,2710228708.366858,2649318883.801715,47367.41462917116
100000,Random,1,0.1,1.55,40089.13800499595,8571.47462433637,486606126.29332316,0.0,0.0,2839548508.3829737,2778638683.817831,48660.61262933232
100000,Random,1,0.1,1.6,41382.336005157114,8571.47462433637,499538106.29493487,0.0,0.0,2968868308.399091,2907958483.833948,49953.810629493484
100000,Random,1,0.1,1.65,42675.534005318266,8571.47462433637,512470086.29654634,0.0,0.0,3098188108.415205,3037278283.8500624,51247.008629654636
100000,Random,1,0.1,1.7,43968.732005479425,8571.47462433637,525402066.29815793,0.0,0.0,3227507908.431321,3166598083.8661785,52540.206629815795
100000,Random,1,0.1,1.75,45261.93000564059,8571.47462433637,538334046.2997696,0.0,0.0,3356827708.4474373,3295917883.8822947,53833.40462997696
100000,Random,1,0.1,1.8,46555.12800580175,8571.47462433637,551266026.3013812,0.0,0.0,3486147508.4635534,3425237683.898411,55126.60263013812
100000,Random,1,0.1,1.85,47848.32600596291,8571.47462433637,564198006.3029928,0.0,0.0,3615467308.4796696,3554557483.914527,56419.80063029928
100000,Random,1,0.1,1.9,49141.52400612407,8571.47462433637,577129986.3046044,0.0,0.0,3744787108.4957857,3683877283.930643,57712.99863046044
100000,Random,1,0.1,1.95,50434.72200628523,8571.47462433637,590061966.306216,0.0,0.0,3874106908.511901,3813197083.9467583,59006.1966306216
100000,Random,1,0.1,2.0,51727.92000644639,8571.47462433637,602993946.3078276,0.0,0.0,4003426708.528018,3942516883.9628754,60299.39463078276
100000,Random,1,0.1,2.05,53021.11800660754,8571.47462433637,615925926.3094391,0.0,0.0,4132746508.5441327,4071836683.9789896,61592.59263094391
100000,Random,1,0.1,2.1,54314.316006768706,8571.47462433637,628857906.3110508,0.0,0.0,4262066308.5602493,4201156483.9951067,62885.790631105076
100000,Random,1,0.1,2.15,55607.514006929865,8571.47462433637,641789886.3126624,0.0,0.0,4391386108.5763645,4330476284.011222,64178.988631266235
100000,Random,1,0.1,2.2,56900.71200709103,8571.47462433637,654721866.314274,0.0,0.0,4520705908.592482,4459796084.027339,65472.1866314274
100000,Random,1,0.1,2.25,58193.91000725218,8571.47462433637,667653846.3158855,0.0,0.0,4650025708.608597,4589115884.043455,66765.38463158856
100000,Random,1,0.1,2.3,59487.10800741334,8571.47462433637,680585826.3174971,0.0,0.0,4779345508.624713,4718435684.05957,68058.58263174971
100000,Random,1,0.1,2.35,60780.30600757451,8571.47462433637,693517806.3191088,0.0,0.0,4908665308.640828,4847755484.075686,69351.78063191088
100000,Random,1,0.1,2.4,62073.50400773566,8571.47462433637,706449786.3207203,0.0,0.0,5037985108.656945,4977075284.091803,70644.97863207203
100000,Random,1,0.1,2.45,63366.70200789683,8571.47462433637,719381766.322332,0.0,0.0,5167304908.673062,5106395084.10792,71938.1766322332
100000,Random,1,0.1,2.5,64659.900008057986,8571.47462433637,732313746.3239435,0.0,0.0,5296624708.689177,5235714884.124034,73231.37463239435
100000,Random,1,0.25,0.0,0.0,8571.47462433637,214286865.60840926,1.0,0.0,-1040793172.751576,-1101702997.3167186,8571.47462433637
100000,Random,1,0.25,0.05,1293.1980001611598,8571.47462433637,246616815.61243823,1.0,0.0,-892075402.7330426,-952985227.2981852,9864.672624497529
100000,Random,1,0.25,0.1,2586.3960003223197,8571.47462433637,278946765.61646724,1.0,0.0,-743357632.7145095,-804267457.279652,11157.87062465869
100000,Random,1,0.25,0.15,3879.594000483479,8571.47462433637,311276715.6204962,1.0,0.0,-594639862.695976,-655549687.2611185,12451.068624819849
100000,Random,1,0.25,0.2,5172.792000644639,8571.47462433637,343606665.62452525,1.0,0.0,-445922092.6774423,-506831917.2425849,13744.26662498101
100000,Random,1,0.25,0.25,6465.990000805798,8571.47462433637,375936615.6285542,1.0,0.0,-297204322.65890926,-358114147.2240519,15037.46462514217
100000,Random,1,0.25,0.3,7759.188000966958,8571.47462433637,408266565.6325832,1.0,0.0,-148486552.6403758,-209396377.20551842,16330.662625303328
100000,Random,1,0.25,0.35,9052.386001128118,8571.47462433637,440596515.6366122,0.4927,0.004999467071598732,231217.37815743312,-60678607.18698518,17623.860625464487
100000,Random,1,0.25,0.4,10345.584001289279,8571.47462433637,472926465.6406413,0.0003,0.00017317909804592468,148948987.39669135,88039162.83154877,18917.05862562565
100000,Random,1,0.25,0.45,11638.782001450438,8571.47462433637,505256415.64467025,0.0,0.0,297666757.4152246,236756932.85008198,20210.25662578681
100000,Random,1,0.25,0.5,12931.980001611597,8571.47462433637,537586365.6486992,0.0,0.0,446384527.4337579,385474702.8686152,21503.45462594797
100000,Random,1,0.25,0.55,14225.178001772758,8571.47462433637,569916315.6527282,0.0,0.0,595102297.4522911,534192472.88714844,22796.652626109128
100000,Random,1,0.25,0.6,15518.376001933915,8571.47462433637,602246265.6567571,0.0,0.0,743820067.4708244,682910242.9056817,24089.850626270287
100000,Random,1,0.25,0.65,16811.574002095076,8571.47462433637,634576215.6607862,0.0,0.0,892537837.489358,831628012.9242154,25383.048626431446
100000,Random,1,0.25,0.7,18104.772002256235,8571.47462433637,666906165.6648151,0.0,0.0,1041255607.5078906,980345782.9427482,26676.246626592605
100000,Random,1,0.25,0.75,19397.970002417394,8571.47462433637,699236115.6688441,0.0,0.0,1189973377.5264246,1129063552.9612818,27969.444626753764
100000,Random,1,0.25,0.8,20691.168002578557,8571.47462433637,731566065.6728731,0.0,0.0,1338691147.5449576,1277781322.979815,29262.642626914927
100000,Random,1,0.25,0.85,21984.366002739713,8571.47462433637,763896015.676902,0.0,0.0,1487408917.563491,1426499092.9983482,30555.840627076082
100000,Random,1,0.25,0.9,23277.564002900875,8571.47462433637,796225965.6809311,0.0,0.0,1636126687.5820246,1575216863.016882,31849.038627237245
100000,Random,1,0.25,0.95,24570.762003062035,8571.47462433637,828555915.6849602,0.0,0.0,1784844457.6005585,1723934633.0354161,33142.23662739841
100000,Random,1,0.25,1.0,25863.960003223194,8571.47462433637,860885865.688989,0.0,0.0,1933562227.6190915,1872652403.0539484,34435.43462755956
100000,Random,1,0.25,1.05,27157.158003384353,8571.47462433637,893215815.6930182,0.0,0.0,2082279997.637625,2021370173.072482,35728.632627720726
100000,Random,1,0.25,1.1,28450.356003545516,8571.47462433637,925545765.6970471,0.0,0.0,2230997767.6561584,2170087943.091016,37021.830627881885
100000,Random,1,0.25,1.15,29743.55400370667,8571.47462433637,957875715.7010761,0.0,0.0,2379715537.674692,2318805713.1095495,38315.028628043045
100000,Random,1,0.25,1.2,31036.75200386783,8571.47462433637,990205665.705105,0.0,0.0,2528433307.6932244,2467523483.1280813,39608.2266282042
100000,Random,1,0.25,1.25,32329.950004028993,8571.47462433637,1022535615.7091341,0.0,0.0,2677151077.7117577,2616241253.146615,40901.42462836536
100000,Random,1,0.25,1.3,33623.14800419015,8571.47462433637,1054865565.713163,0.0,0.0,2825868847.7302914,2764959023.1651487,42194.62262852652
100000,Random,1,0.25,1.35,34916.34600435131,8571.47462433637,1087195515.717192,0.0,0.0,2974586617.748824,2913676793.1836815,43487.82062868768
100000,Random,1,0.25,1.4,36209.54400451247,8571.47462433637,1119525465.721221,0.0,0.0,3123304387.767358,3062394563.202215,44781.01862884884
100000,Random,1,0.25,1.45,37502.74200467363,8571.47462433637,1151855415.72525,0.0,0.0,3272022157.7858915,3211112333.220749,46074.21662901
100000,Random,1,0.25,1.5,38795.94000483479,8571.47462433637,1184185365.729279,0.0,0.0,3420739927.8044252,3359830103.2392826,47367.41462917116
100000,Random,1,0.25,1.55,40089.13800499595,8571.47462433637,1216515315.7333078,0.0,0.0,3569457697.822958,3508547873.2578154,48660.61262933232
100000,Random,1,0.25,1.6,41382.336005157114,8571.47462433637,1248845265.737337,0.0,0.0,3718175467.841492,3657265643.27635,49953.810629493484
100000,Random,1,0.25,1.65,42675.534005318266,8571.47462433637,1281175215.741366,0.0,0.0,3866893237.860025,3805983413.294883,51247.008629654636
100000,Random,1,0.25,1.7,43968.732005479425,8571.47462433637,1313505165.745395,0.0,0.0,4015611007.8785577,3954701183.3134155,52540.206629815795
100000,Random,1,0.25,1.75,45261.93000564059,8571.47462433637,1345835115.749424,0.0,0.0,4164328777.8970923,4103418953.331949,53833.40462997696
100000,Random,1,0.25,1.8,46555.12800580175,8571.47462433637,1378165065.753453,0.0,0.0,4313046547.915625,4252136723.350483,55126.60263013812
100000,Random,1,0.25,1.85,47848.32600596291,8571.47462433637,1410495015.757482,0.0,0.0,4461764317.934158,4400854493.369016,56419.80063029928
100000,Random,1,0.25,1.9,49141.52400612407,8571.47462433637,1442824965.761511,0.0,0.0,4610482087.952692,4549572263.387549,57712.99863046044
100000,Random,1,0.25,1.95,50434.72200628523,8571.47462433637,1475154915.76554,0.0,0.0,4759199857.971225,4698290033.406082,59006.1966306216
100000,Random,1,0.25,2.0,51727.92000644639,8571.47462433637,1507484865.769569,0.0,0.0,4907917627.989759,4847007803.424617,60299.39463078276
100000,Random,1,0.25,2.05,53021.11800660754,8571.47462433637,1539814815.7735977,0.0,0.0,5056635398.00829,4995725573.443149,61592.59263094391
100000,Random,1,0.25,2.1,54314.316006768706,8571.47462433637,1572144765.777627,0.0,0.0,5205353168.026827,5144443343.461683,62885.790631105076
100000,Random,1,0.25,2.15,55607.514006929865,8571.47462433637,1604474715.7816558,0.0,0.0,5354070938.045358,5293161113.480216,64178.988631266235
100000,Random,1,0.25,2.2,56900.71200709103,8571.47462433637,1636804665.785685,0.0,0.0,5502788708.063892,5441878883.49875,65472.1866314274
100000,Random,1,0.25,2.25,58193.91000725218,8571.47462433637,1669134615.789714,0.0,0.0,5651506478.082426,5590596653.517283,66765.38463158856
100000,Random,1,0.25,2.3,59487.10800741334,8571.47462433637,1701464565.793743,0.0,0.0,5800224248.10096,5739314423.535816,68058.58263174971
100000,Random,1,0.25,2.35,60780.30600757451,8571.47462433637,1733794515.797772,0.0,0.0,5948942018.119492,5888032193.554349,69351.78063191088
100000,Random,1,0.25,2.4,62073.50400773566,8571.47462433637,1766124465.8018007,0.0,0.0,6097659788.138025,6036749963.572883,70644.97863207203
100000,Random,1,0.25,2.45,63366.70200789683,8571.47462433637,1798454415.80583,0.0,0.0,6246377558.156559,6185467733.591417,71938.1766322332
100000,Random,1,0.25,2.5,64659.900008057986,8571.47462433637,1830784365.8098588,0.0,0.0,6395095328.175092,6334185503.60995,73231.37463239435
100000,Random,1,0.5,0.0,0.0,8571.47462433637,428573731.2168185,1.0,0.0,-826506307.1431667,-887416131.7083093,8571.47462433637
100000,Random,1,0.5,0.05,1293.1980001611598,8571.47462433637,493233631.22487646,1.0,0.0,-645458587.1206045,-706368411.685747,9864.672624497529
100000,Random,1,0.5,0.1,2586.3960003223197,8571.47462433637,557893531.2329345,1.0,0.0,-464410867.0980419,-525320691.6631846,11157.87062465869
100000,Random,1,0.5,0.15,3879.594000483479,8571.47462433637,622553431.2409924,1.0,0.0,-283363147.0754799,-344272971.64062256,12451.068624819849
100000,Random,1,0.5,0.2,5172.792000644639,8571.47462433637,687213331.2490505,0.9979,0.0004577761461675336,-102315427.05291694,-163225251.61805958,13744.26662498101
100000,Random,1,0.5,0.25,6465.990000805798,8571.47462433637,751873231.2571084,0.0177,0.0013185867434492128,78732292.96964507,17822468.404502463,15037.46462514217
100000,Random,1,0.5,0.3,7759.188000966958,8571.47462433637,816533131.2651664,0.0,0.0,259780012.99220756,198870188.42706496,16330.662625303328
100000,Random,1,0.5,0.35,9052.386001128118,8571.47462433637,881193031.2732244,0.0,0.0,440827733.0147696,379917908.449627,17623.860625464487
100000,Random,1,0.5,0.4,10345.584001289279,8571.47462433637,945852931.2812825,0.0,0.0,621875453.0373327,560965628.47219,18917.05862562565
100000,Random,1,0.5,0.45,11638.782001450438,8571.47462433637,1010512831.2893405,0.0,0.0,802923173.0598947,742013348.494752,20210.25662578681
100000,Random,1,0.5,0.5,12931.980001611597,8571.47462433637,1075172731.2973983,0.0,0.0,983970893.0824566,923061068.5173141,21503.45462594797
100000,Random,1,0.5,0.55,14225.178001772758,8571.47462433637,1139832631.3054564,0.0,0.0,1165018613.1050196,1104108788.539877,22796.652626109128
100000,Random,1,0.5,0.6,15518.376001933915,8571.47462433637,1204492531.3135142,0.0,0.0,1346066333.1275811,1285156508.5624385,24089.850626270287
100000,Random,1,0.5,0.65,16811.574002095076,8571.47462433637,1269152431.3215723,0.0,0.0,1527114053.150144,1466204228.5850015,25383.048626431446
100000,Random,1,0.5,0.7,18104.772002256235,8571.47462433637,1333812331.3296301,0.0,0.0,1708161773.172706,1647251948.607563,26676.246626592605
100000,Random,1,0.5,0.75,19397.970002417394,8571.47462433637,1398472231.3376882,0.0,0.0,1889209493.1952686,1828299668.630126,27969.444626753764
100000,Random,1,0.5,0.8,20691.168002578557,8571.47462433637,1463132131.3457463,0.0,0.0,2070257213.217831,2009347388.652688,29262.642626914927
100000,Random,1,0.5,0.85,21984.366002739713,8571.47462433637,1527792031.353804,0.0,0.0,2251304933.240393,2190395108.6752505,30555.840627076082
100000,Random,1,0.5,0.9,23277.564002900875,8571.47462433637,1592451931.3618622,0.0,0.0,2432352653.2629557,2371442828.697813,31849.038627237245
100000,Random,1,0.5,0.95,24570.762003062035,8571.47462433637,1657111831.3699205,0.0,0.0,2613400373.2855186,2552490548.720376,33142.23662739841
100000,Random,1,0.5,1.0,25863.960003223194,8571.47462433637,1721771731.377978,0.0,0.0,2794448093.3080797,2733538268.742937,34435.43462755956
100000,Random,1,0.5,1.05,27157.158003384353,8571.47462433637,1786431631.3860364,0.0,0.0,2975495813.3306427,2914585988.7655,35728.632627720726
100000,Random,1,0.5,1.1,28450.356003545516,8571.47462433637,1851091531.3940942,0.0,0.0,3156543533.3532057,3095633708.788063,37021.830627881885
100000,Random,1,0.5,1.15,29743.55400370667,8571.47462433637,1915751431.4021523,0.0,0.0,3337591253.3757677,3276681428.810625,38315.028628043045
100000,Random,1,0.5,1.2,31036.75200386783,8571.47462433637,1980411331.41021,0.0,0.0,3518638973.398329,3457729148.833186,39608.2266282042
100000,Random,1,0.5,1.25,32329.950004028993,8571.47462433637,2045071231.4182682,0.0,0.0,3699686693.420893,3638776868.85575,40901.42462836536
100000,Random,1,0.5,1.3,33623.14800419015,8571.47462433637,2109731131.426326,0.0,0.0,3880734413.4434547,3819824588.878312,42194.62262852652
100000,Random,1,0.5,1.35,34916.34600435131,8571.47462433637,2174391031.434384,0.0,0.0,4061782133.4660172,4000872308.900874,43487.82062868768
100000,Random,1,0.5,1.4,36209.54400451247,8571.47462433637,2239050931.442442,0.0,0.0,4242829853.488579,4181920028.923436,44781.01862884884
100000,Random,1,0.5,1.45,37502.74200467363,8571.47462433637,2303710831.4505,0.0,0.0,4423877573.511141,4362967748.945998,46074.21662901
100000,Random,1,0.5,1.5,38795.94000483479,8571.47462433637,2368370731.458558,0.0,0.0,4604925293.533705,4544015468.968562,47367.41462917116
100000,Random,1,0.5,1.55,40089.13800499595,8571.47462433637,2433030631.4666157,0.0,0.0,4785973013.556266,4725063188.991123,48660.61262933232
100000,Random,1,0.5,1.6,41382.336005157114,8571.47462433637,2497690531.474674,0.0,0.0,4967020733.57883,4906110909.013687,49953.810629493484
100000,Random,1,0.5,1.65,42675.534005318266,8571.47462433637,2562350431.482732,0.0,0.0,5148068453.601391,5087158629.036248,51247.008629654636
100000,Random,1,0.5,1.7,43968.732005479425,8571.47462433637,2627010331.49079,0.0,0.0,5329116173.623953,5268206349.05881,52540.206629815795
100000,Random,1,0.5,1.75,45261.93000564059,8571.47462433637,2691670231.498848,0.0,0.0,5510163893.646516,5449254069.081373,53833.40462997696
100000,Random,1,0.5,1.8,46555.12800580175,8571.47462433637,2756330131.506906,0.0,0.0,5691211613.669078,5630301789.103936,55126.60263013812
100000,Random,1,0.5,1.85,47848.32600596291,8571.47462433637,2820990031.514964,0.0,0.0,5872259333.691641,5811349509.126498,56419.80063029928
100000,Random,1,0.5,1.9,49141.52400612407,8571.47462433637,2885649931.523022,0.0,0.0,6053307053.714203,5992397229.14906,57712.99863046044
100000,Random,1,0.5,1.95,50434.72200628523,8571.47462433637,2950309831.53108,0.0,0.0,6234354773.736764,6173444949.171622,59006.1966306216
100000,Random,1,0.5,2.0,51727.92000644639,8571.47462433637,3014969731.539138,0.0,0.0,6415402493.759328,6354492669.194185,60299.39463078276
100000,Random,1,0.5,2.05,53021.11800660754,8571.47462433637,3079629631.5471954,0.0,0.0,6596450213.781889,6535540389.216746,61592.59263094391
100000,Random,1,0.5,2.1,54314.316006768706,8571.47462433637,3144289531.555254,0.0,0.0,6777497933.804453,6716588109.23931,62885.790631105076
100000,Random,1,0.5,2.15,55607.514006929865,8571.47462433637,3208949431.5633116,0.0,0.0,6958545653.827016,6897635829.261872,64178.988631266235
100000,Random,1,0.5,2.2,56900.71200709103,8571.47462433637,3273609331.57137,0.0,0.0,7139593373.849578,7078683549.284436,65472.1866314274
100000,Random,1,0.5,2.25,58193.91000725218,8571.47462433637,3338269231.579428,0.0,0.0,7320641093.872141,7259731269.306998,66765.38463158856
100000,Random,1,0.5,2.3,59487.10800741334,8571.47462433637,3402929131.587486,0.0,0.0,7501688813.894702,7440778989.329558,68058.58263174971
100000,Random,1,0.5,2.35,60780.30600757451,8571.47462433637,3467589031.595544,0.0,0.0,7682736533.917262,7621826709.35212,69351.78063191088
100000,Random,1,0.5,2.4,62073.50400773566,8571.47462433637,3532248931.6036015,0.0,0.0,7863784253.939828,7802874429.374684,70644.97863207203
100000,Random,1,0.5,2.45,63366.70200789683,8571.47462433637,3596908831.61166,0.0,0.0,8044831973.962391,7983922149.397248,71938.1766322332
100000,Random,1,0.5,2.5,64659.900008057986,8571.47462433637,3661568731.6197176,0.0,0.0,8225879693.98495,8164969869.419808,73231.37463239435
100000,Random,3,0.0,0.0,0.0,8571.47462433637,0.0,1.0,0.0,-3764829826.744295,-3867720556.022394,8571.47462433637
100000,Random,3,0.0,0.05,1293.1980001611598,8571.47462433637,0.0,1.0,0.0,-3415666366.700782,-3518557095.9788814,9864.672624497529
100000,Random,3,0.0,0.1,2586.3960003223197,8571.47462433637,0.0,1.0,0.0,-3066502906.6572685,-3169393635.935368,11157.87062465869
100000,Random,3,0.0,0.15,3879.594000483479,8571.47462433637,0.0,1.0,0.0,-2717339446.6137557,-2820230175.8918552,12451.068624819849
100000,Random,3,0.0,0.2,5172.792000644639,8571.47462433637,0.0,1.0,0.0,-2368175986.5702415,-2471066715.848341,13744.26662498101
100000,Random,3,0.0,0.25,6465.990000805798,8571.47462433637,0.0,1.0,0.0,-2019012526.5267289,-2121903255.8048286,15037.46462514217
100000,Random,3,0.0,0.3,7759.188000966958,8571.47462433637,0.0,1.0,0.0,-1669849066.483216,-1772739795.7613153,16330.662625303328
100000,Random,3,0.0,0.35,9052.386001128118,8571.47462433637,0.0,1.0,0.0,-1320685606.4397027,-1423576335.717802,17623.860625464487
100000,Random,3,0.0,0.4,10345.584001289279,8571.47462433637,0.0,1.0,0.0,-971522146.3961895,-1074412875.6742887,18917.05862562565
100000,Random,3,0.0,0.45,11638.782001450438,8571.47462433637,0.0,1.0,0.0,-622358686.352676,-725249415.6307753,20210.25662578681
100000,Random,3,0.0,0.5,12931.980001611597,8571.47462433637,0.0,1.0,0.0,-273254406.89974064,-376085955.587263,21503.45462594797
100000,Random,3,0.0,0.55,14225.178001772758,8571.47462433637,0.0,0.3143,0.004642364806862985,60098047.95368418,-50590257.08039969,22796.652626109128
100000,Random,3,0.0,0.6,15518.376001933915,8571.47462433637,0.0,0.0003,0.00017317909804592468,425033457.03461695,321856370.9045045,24089.850626270287
100000,Random,3,0.0,0.65,16811.574002095076,8571.47462433637,0.0,0.0,0.0,774295153.8213772,671404424.5432779,25383.048626431446
100000,Random,3,0.0,0.7,18104.772002256235,8571.47462433637,0.0,0.0,0.0,1123458613.8648884,1020567884.5867893,26676.246626592605
100000,Random,3,0.0,0.75,19397.970002417394,8571.47462433637,0.0,0.0,0.0,1472622073.908402,1369731344.6303024,27969.444626753764
100000,Random,3,0.0,0.8,20691.168002578557,8571.47462433637,0.0,0.0,0.0,1821785533.9519148,1718894804.6738157,29262.642626914927
100000,Random,3,0.0,0.85,21984.366002739713,8571.47462433637,0.0,0.0,0.0,2170948993.995428,2068058264.717329,30555.840627076082
100000,Random,3,0.0,0.9,23277.564002900875,8571.47462433637,0.0,0.0,0.0,2520112454.038943,2417221724.7608433,31849.038627237245
100000,Random,3,0.0,0.95,24570.762003062035,8571.47462433637,0.0,0.0,0.0,2869275914.082457,2766385184.8043575,33142.23662739841
100000,Random,3,0.0,1.0,25863.960003223194,8571.47462433637,0.0,0.0,0.0,3218439374.125967,3115548644.847868,34435.43462755956
100000,Random,3,0.0,1.05,27157.158003384353,8571.47462433637,0.0,0.0,0.0,3567602834.1694813,3464712104.891382,35728.632627720726
100000,Random,3,0.0,1.1,28450.356003545516,8571.47462433637,0.0,0.0,0.0,3916766294.2129955,3813875564.9348965,37021.830627881885
100000,Random,3,0.0,1.15,29743.55400370667,8571.47462433637,0.0,0.0,0.0,4265929754.256508,4163039024.978409,38315.028628043045
100000,Random,3,0.0,1.2,31036.75200386783,8571.47462433637,0.0,0.0,0.0,4615093214.300018,4512202485.021919,39608.2266282042
100000,Random,3,0.0,1.25,32329.950004028993,8571.47462433637,0.0,0.0,0.0,4964256674.343533,4861365945.0654335,40901.42462836536
100000,Random,3,0.0,1.3,33623.14800419015,8571.47462433637,0.0,0.0,0.0,5313420134.387047,5210529405.108948,42194.62262852652
100000,Random,3,0.0,1.35,34916.34600435131,8571.47462433637,0.0,0.0,0.0,5662583594.430559,5559692865.15246,43487.82062868768
100000,Random,3,0.0,1.4,36209.54400451247,8571.47462433637,0.0,0.0,0.0,6011747054.4740715,5908856325.195972,44781.01862884884
100000,Random,3,0.0,1.45,37502.74200467363,8571.47462433637,0.0,0.0,0.0,6360910514.517585,6258019785.239485,46074.21662901
100000,Random,3,0.0,1.5,38795.94000483479,8571.47462433637,0.0,0.0,0.0,6710073974.5611,6607183245.283001,47367.41462917116
100000,Random,3,0.0,1.55,40089.13800499595,8571.47462433637,0.0,0.0,0.0,7059237434.604612,6956346705.326513,48660.61262933232
100000,Random,3,0.0,1.6,41382.336005157114,8571.47462433637,0.0,0.0,0.0,7408400894.6481285,7305510165.370028,49953.810629493484
100000,Random,3,0.0,1.65,42675.534005318266,8571.47462433637,0.0,0.0,0.0,7757564354.691637,7654673625.413538,51247.008629654636
100000,Random,3,0.0,1.7,43968.732005479425,8571.47462433637,0.0,0.0,0.0,8106727814.73515,8003837085.457052,52540.206629815795
100000,Random,3,0.0,1.75,45261.93000564059,8571.47462433637,0.0,0.0,0.0,8455891274.778666,8353000545.5005665,53833.40462997696
100000,Random,3,0.0,1.8,46555.12800580175,8571.47462433637,0.0,0.0,0.0,8805054734.822178,8702164005.544079,55126.60263013812
100000,Random,3,0.0,1.85,47848.32600596291,8571.47462433637,0.0,0.0,0.0,9154218194.86569,9051327465.587591,56419.80063029928
100000,Random,3,0.0,1.9,49141.52400612407,8571.47462433637,0.0,0.0,0.0,9503381654.909206,9400490925.631105,57712.99863046044
100000,Random,3,0.0,1.95,50434.72200628523,8571.47462433637,0.0,0.0,0.0,9852545114.952715,9749654385.674616,59006.1966306216
100000,Random,3,0.0,2.0,51727.92000644639,8571.47462433637,0.0,0.0,0.0,10201708574.996231,10098817845.718132,60299.39463078276
100000,Random,3,0.0,2.05,53021.11800660754,8571.47462433637,0.0,0.0,0.0,10550872035.039742,10447981305.761642,61592.59263094391
100000,Random,3,0.0,2.1,54314.316006768706,8571.47462433637,0.0,0.0,0.0,10900035495.08326,10797144765.805159,62885.790631105076
100000,Random,3,0.0,2.15,55607.514006929865,8571.47462433637,0.0,0.0,0.0,11249198955.126768,11146308225.84867,64178.988631266235
100000,Random,3,0.0,2.2,56900.71200709103,8571.47462433637,0.0,0.0,0.0,11598362415.17028,11495471685.892183,65472.1866314274
100000,Random,3,0.0,2.25,58193.91000725218,8571.47462433637,0.0,0.0,0.0,11947525875.213797,11844635145.935698,66765.38463158856
100000,Random,3,0.0,2.3,59487.10800741334,8571.47462433637,0.0,0.0,0.0,12296689335.257307,12193798605.979208,68058.58263174971
100000,Random,3,0.0,2.35,60780.30600757451,8571.47462433637,0.0,0.0,0.0,12645852795.300821,12542962066.022722,69351.78063191088
100000,Random,3,0.0,2.4,62073.50400773566,8571.47462433637,0.0,0.0,0.0,12995016255.344336,12892125526.066236,70644.97863207203
100000,Random,3,0.0,2.45,63366.70200789683,8571.47462433637,0.0,0.0,0.0,13344179715.38785,13241288986.10975,71938.1766322332
100000,Random,3,0.0,2.5,64659.900008057986,8571.47462433637,0.0,0.0,0.0,13693343175.43136,13590452446.153261,73231.37463239435
100000,Random,3,0.1,0.0,0.0,8571.47462433637,85714746.2433637,1.0,0.0,-3679115080.5009313,-3782005809.7790303,8571.47462433637
100000,Random,3,0.1,0.05,1293.1980001611598,8571.47462433637,98646726.24497528,1.0,0.0,-3317019640.455807,-3419910369.7339063,9864.672624497529
100000,Random,3,0.1,0.1,2586.3960003223197,8571.47462433637,111578706.2465869,1.0,0.0,-2954924200.410682,-3057814929.6887813,11157.87062465869
100000,Random,3,0.1,0.15,3879.594000483479,8571.47462433637,124510686.2481985,1.0,0.0,-2592828760.365557,-2695719489.6436567,12451.068624819849
100000,Random,3,0.1,0.2,5172.792000644639,8571.47462433637,137442666.2498101,1.0,0.0,-2230733320.320431,-2333624049.598531,13744.26662498101
100000,Random,3,0.1,0.25,6465.990000805798,8571.47462433637,150374646.2514217,1.0,0.0,-1868637880.275307,-1971528609.5534067,15037.46462514217
100000,Random,3,0.1,0.3,7759.188000966958,8571.47462433637,163306626.25303328,1.0,0.0,-1506542440.2301824,-1609433169.5082817,16330.662625303328
100000,Random,3,0.1,0.35,9052.386001128118,8571.47462433637,176238606.25464487,1.0,0.0,-1144447000.185058,-1247337729.4631577,17623.860625464487
100000,Random,3,0.1,0.4,10345.584001289279,8571.47462433637,189170586.2562565,1.0,0.0,-782351560.1399333,-885242289.4180325,18917.05862562565
100000,Random,3,0.1,0.45,11638.782001450438,8571.47462433637,202102566.25786808,1.0,0.0,-420256120.0948083,-523146849.3729075,20210.25662578681
100000,Random,3,0.1,0.5,12931.980001611597,8571.47462433637,215034546.25947967,0.8221,0.0038242854234484115,-58179238.490020044,-161051409.32778347,21503.45462594797
100000,Random,3,0.1,0.55,14225.178001772758,8571.47462433637,227966526.26109126,0.0,0.0,303934759.99544173,201044030.7173425,22796.652626109128
100000,Random,3,0.1,0.6,15518.376001933915,8571.47462433637,240898506.26270288,0.0,0.0,666030200.0405649,563139470.7624656,24089.850626270287
100000,Random,3,0.1,0.65,16811.574002095076,8571.47462433637,253830486.26431447,0.0,0.0,1028125640.0856918,925234910.8075925,25383.048626431446
100000,Random,3,0.1,0.7,18104.772002256235,8571.47462433637,266762466.26592606,0.0,0.0,1390221080.1308148,1287330350.8527155,26676.246626592605
100000,Random,3,0.1,0.75,19397.970002417394,8571.47462433637,279694446.26753765,0.0,0.0,1752316520.1759398,1649425790.8978405,27969.444626753764
100000,Random,3,0.1,0.8,20691.168002578557,8571.47462433637,292626426.26914924,0.0,0.0,2114411960.221064,2011521230.9429646,29262.642626914927
100000,Random,3,0.1,0.85,21984.366002739713,8571.47462433637,305558406.27076083,0.0,0.0,2476507400.266189,2373616670.9880896,30555.840627076082
100000,Random,3,0.1,0.9,23277.564002900875,8571.47462433637,318490386.2723724,0.0,0.0,2838602840.3113155,2735712111.0332165,31849.038627237245
100000,Random,3,0.1,0.95,24570.762003062035,8571.47462433637,331422366.2739841,0.0,0.0,3200698280.356442,3097807551.0783424,33142.23662739841
100000,Random,3,0.1,1.0,25863.960003223194,8571.47462433637,344354346.2755956,0.0,0.0,3562793720.4015627,3459902991.1234627,34435.43462755956
100000,Random,3,0.1,1.05,27157.158003384353,8571.47462433637,357286326.27720726,0.0,0.0,3924889160.4466877,3821998431.1685886,35728.632627720726
100000,Random,3,0.1,1.1,28450.356003545516,8571.47462433637,370218306.27881885,0.0,0.0,4286984600.491814,4184093871.2137146,37021.830627881885
100000,Random,3,0.1,1.15,29743.55400370667,8571.47462433637,383150286.28043044,0.0,0.0,4649080040.536938,4546189311.258839,38315.028628043045
100000,Random,3,0.1,1.2,31036.75200386783,8571.47462433637,396082266.28204197,0.0,0.0,5011175480.582061,4908284751.303961,39608.2266282042
100000,Random,3,0.1,1.25,32329.950004028993,8571.47462433637,409014246.2836536,0.0,0.0,5373270920.627186,5270380191.349087,40901.42462836536
100000,Random,3,0.1,1.3,33623.14800419015,8571.47462433637,421946226.2852652,0.0,0.0,5735366360.672313,5632475631.394213,42194.62262852652
100000,Random,3,0.1,1.35,34916.34600435131,8571.47462433637,434878206.2868768,0.0,0.0,6097461800.717436,5994571071.439337,43487.82062868768
100000,Random,3,0.1,1.4,36209.54400451247,8571.47462433637,447810186.2884884,0.0,0.0,6459557240.762561,6356666511.484461,44781.01862884884
100000,Random,3,0.1,1.45,37502.74200467363,8571.47462433637,460742166.2901,0.0,0.0,6821652680.807684,6718761951.529585,46074.21662901
100000,Random,3,0.1,1.5,38795.94000483479,8571.47462433637,473674146.29171157,0.0,0.0,7183748120.852813,7080857391.574713,47367.41462917116
100000,Random,3,0.1,1.55,40089.13800499595,8571.47462433637,486606126.29332316,0.0,0.0,7545843560.897938,7442952831.619837,48660.61262933232
100000,Random,3,0.1,1.6,41382.336005157114,8571.47462433637,499538106.29493487,0.0,0.0,7907939000.943063,7805048271.664963,49953.810629493484
100000,Random,3,0.1,1.65,42675.534005318266,8571.47462433637,512470086.29654634,0.0,0.0,8270034440.988184,8167143711.710085,51247.008629654636
100000,Random,3,0.1,1.7,43968.732005479425,8571.47462433637,525402066.29815793,0.0,0.0,8632129881.03331,8529239151.755211,52540.206629815795
100000,Random,3,0.1,1.75,45261.93000564059,8571.47462433637,538334046.2997696,0.0,0.0,8994225321.078438,8891334591.800337,53833.40462997696
100000,Random,3,0.1,1.8,46555.12800580175,8571.47462433637,551266026.3013812,0.0,0.0,9356320761.12356,9253430031.84546,55126.60263013812
100000,Random,3,0.1,1.85,47848.32600596291,8571.47462433637,564198006.3029928,0.0,0.0,9718416201.168684,9615525471.890585,56419.80063029928
100000,Random,3,0.1,1.9,49141.52400612407,8571.47462433637,577129986.3046044,0.0,0.0,10080511641.21381,9977620911.935709,57712.99863046044
100000,Random,3,0.1,1.95,50434.72200628523,8571.47462433637,590061966.306216,0.0,0.0,10442607081.258932,10339716351.980831,59006.1966306216
100000,Random,3,0.1,2.0,51727.92000644639,8571.47462433637,602993946.3078276,0.0,0.0,10804702521.30406,10701811792.025959,60299.39463078276
100000,Random,3,0.1,2.05,53021.11800660754,8571.47462433637,615925926.3094391,0.0,0.0,11166797961.349182,11063907232.071081,61592.59263094391
100000,Random,3,0.1,2.1,54314.316006768706,8571.47462433637,628857906.3110508,0.0,0.0,11528893401.394308,11426002672.116209,62885.790631105076
100000,Random,3,0.1,2.15,55607.514006929865,8571.47462433637,641789886.3126624,0.0,0.0,11890988841.439432,11788098112.161333,64178.988631266235
100000,Random,3,0.1,2.2,56900.71200709103,8571.47462433637,654721866.314274,0.0,0.0,12253084281.484556,12150193552.206457,65472.1866314274
100000,Random,3,0.1,2.25,58193.91000725218,8571.47462433637,667653846.3158855,0.0,0.0,12615179721.529682,12512288992.251581,66765.38463158856
100000,Random,3,0.1,2.3,59487.10800741334,8571.47462433637,680585826.3174971,0.0,0.0,12977275161.574804,12874384432.296705,68058.58263174971
100000,Random,3,0.1,2.35,60780.30600757451,8571.47462433637,693517806.3191088,0.0,0.0,13339370601.619928,13236479872.34183,69351.78063191088
100000,Random,3,0.1,2.4,62073.50400773566,8571.47462433637,706449786.3207203,0.0,0.0,13701466041.665056,13598575312.386957,70644.97863207203
100000,Random,3,0.1,2.45,63366.70200789683,8571.47462433637,719381766.322332,0.0,0.0,14063561481.710182,13960670752.432081,71938.1766322332
100000,Random,3,0.1,2.5,64659.900008057986,8571.47462433637,732313746.3239435,0.0,0.0,14425656921.755302,14322766192.477205,73231.37463239435
100000,Random,3,0.25,0.0,0.0,8571.47462433637,214286865.60840926,1.0,0.0,-3550542961.1358857,-3653433690.413985,8571.47462433637
100000,Random,3,0.25,0.05,1293.1980001611598,8571.47462433637,246616815.61243823,1.0,0.0,-3169049551.0883436,-3271940280.366443,9864.672624497529
100000,Random,3,0.25,0.1,2586.3960003223197,8571.47462433637,278946765.61646724,1.0,0.0,-2787556141.0408015,-2890446870.318901,11157.87062465869
100000,Random,3,0.25,0.15,3879.594000483479,8571.47462433637,311276715.6204962,1.0,0.0,-2406062730.9932594,-2508953460.271359,12451.068624819849
100000,Random,3,0.25,0.2,5172.792000644639,8571.47462433637,343606665.62452525,1.0,0.0,-2024569320.9457164,-2127460050.223816,13744.26662498101
100000,Random,3,0.25,0.25,6465.990000805798,8571.47462433637,375936615.6285542,1.0,0.0,-1643075910.898175,-1745966640.1762743,15037.46462514217
100000,Random,3,0.25,0.3,7759.188000966958,8571.47462433637,408266565.6325832,1.0,0.0,-1261582500.8506324,-1364473230.1287317,16330.662625303328
100000,Random,3,0.25,0.35,9052.386001128118,8571.47462433637,440596515.6366122,1.0,0.0,-880089090.8030906,-982979820.08119,17623.860625464487
100000,Random,3,0.25,0.4,10345.584001289279,8571.47462433637,472926465.6406413,1.0,0.0,-498595680.7555481,-601486410.0336474,18917.05862562565
100000,Random,3,0.25,0.45,11638.782001450438,8571.47462433637,505256415.64467025,0.9696,0.001716852934878232,-117102270.70800556,-219992999.98610485,20210.25662578681
100000,Random,3,0.25,0.5,12931.980001611597,8571.47462433637,537586365.6486992,0.0,0.0,264391139.33953506,161500410.06143582,21503.45462594797
100000,Random,3,0.25,0.55,14225.178001772758,8571.47462433637,569916315.6527282,0.0,0.0,645884549.3870786,542993820.1089793,22796.652626109128
100000,Random,3,0.25,0.6,15518.376001933915,8571.47462433637,602246265.6567571,0.0,0.0,1027377959.4346192,924487230.15652,24089.850626270287
100000,Random,3,0.25,0.65,16811.574002095076,8571.47462433637,634576215.6607862,0.0,0.0,1408871369.482163,1305980640.2040634,25383.048626431446
100000,Random,3,0.25,0.7,18104.772002256235,8571.47462433637,666906165.6648151,0.0,0.0,1790364779.5297031,1687474050.251604,26676.246626592605
100000,Random,3,0.25,0.75,19397.970002417394,8571.47462433637,699236115.6688441,0.0,0.0,2171858189.577246,2068967460.2991467,27969.444626753764
100000,Random,3,0.25,0.8,20691.168002578557,8571.47462433637,731566065.6728731,0.0,0.0,2553351599.6247888,2450460870.346689,29262.642626914927
100000,Random,3,0.25,0.85,21984.366002739713,8571.47462433637,763896015.676902,0.0,0.0,2934845009.6723313,2831954280.394232,30555.840627076082
100000,Random,3,0.25,0.9,23277.564002900875,8571.47462433637,796225965.6809311,0.0,0.0,3316338419.719874,3213447690.4417744,31849.038627237245
100000,Random,3,0.25,0.95,24570.762003062035,8571.47462433637,828555915.6849602,0.0,0.0,3697831829.7674165,3594941100.489317,33142.23662739841
100000,Random,3,0.25,1.0,25863.960003223194,8571.47462433637,860885865.688989,0.0,0.0,4079325239.814957,3976434510.5368576,34435.43462755956
100000,Random,3,0.25,1.05,27157.158003384353,8571.47462433637,893215815.6930182,0.0,0.0,4460818649.8625,4357927920.5844,35728.632627720726
100000,Random,3,0.25,1.1,28450.356003545516,8571.47462433637,925545765.6970471,0.0,0.0,4842312059.910042,4739421330.631943,37021.830627881885
100000,Random,3,0.25,1.15,29743.55400370667,8571.47462433637,957875715.7010761,0.0,0.0,5223805469.957584,5120914740.679485,38315.028628043045
100000,Random,3,0.25,1.2,31036.75200386783,8571.47462433637,990205665.705105,0.0,0.0,5605298880.005123,5502408150.727024,39608.2266282042
100000,Random,3,0.25,1.25,32329.950004028993,8571.47462433637,1022535615.7091341,0.0,0.0,5986792290.052669,5883901560.774569,40901.42462836536
100000,Random,3,0.25,1.3,33623.14800419015,8571.47462433637,1054865565.713163,0.0,0.0,6368285700.100211,6265394970.822111,42194.62262852652
100000,Random,3,0.25,1.35,34916.34600435131,8571.47462433637,1087195515.717192,0.0,0.0,6749779110.147752,6646888380.869652,43487.82062868768
100000,Random,3,0.25,1.4,36209.54400451247,8571.47462433637,1119525465.721221,0.0,0.0,7131272520.195292,7028381790.917192,44781.01862884884
100000,Random,3,0.25,1.45,37502.74200467363,8571.47462433637,1151855415.72525,0.0,0.0,7512765930.242834,7409875200.964735,46074.21662901
100000,Random,3,0.25,1.5,38795.94000483479,8571.47462433637,1184185365.729279,0.0,0.0,7894259340.290379,7791368611.0122795,47367.41462917116
100000,Random,3,0.25,1.55,40089.13800499595,8571.47462433637,1216515315.7333078,0.0,0.0,8275752750.337918,8172862021.05982,48660.61262933232
100000,Random,3,0.25,1.6,41382.336005157114,8571.47462433637,1248845265.737337,0.0,0.0,8657246160.385464,8554355431.107365,49953.810629493484
100000,Random,3,0.25,1.65,42675.534005318266,8571.47462433637,1281175215.741366,0.0,0.0,9038739570.433002,8935848841.154903,51247.008629654636
100000,Random,3,0.25,1.7,43968.732005479425,8571.47462433637,1313505165.745395,0.0,0.0,9420232980.480547,9317342251.202448,52540.206629815795
100000,Random,3,0.25,1.75,45261.93000564059,8571.47462433637,1345835115.749424,0.0,0.0,9801726390.528091,9698835661.24999,53833.40462997696
100000,Random,3,0.25,1.8,46555.12800580175,8571.47462433637,1378165065.753453,0.0,0.0,10183219800.575632,10080329071.297531,55126.60263013812
100000,Random,3,0.25,1.85,47848.32600596291,8571.47462433637,1410495015.757482,0.0,0.0,10564713210.623173,10461822481.345074,56419.80063029928
100000,Random,3,0.25,1.9,49141.52400612407,8571.47462433637,1442824965.761511,0.0,0.0,10946206620.670715,10843315891.392616,57712.99863046044
100000,Random,3,0.25,1.95,50434.72200628523,8571.47462433637,1475154915.76554,0.0,0.0,11327700030.718256,11224809301.440157,59006.1966306216
100000,Random,3,0.25,2.0,51727.92000644639,8571.47462433637,1507484865.769569,0.0,0.0,11709193440.765799,11606302711.4877,60299.39463078276
100000,Random,3,0.25,2.05,53021.11800660754,8571.47462433637,1539814815.7735977,0.0,0.0,12090686850.813341,11987796121.535242,61592.59263094391
100000,Random,3,0.25,2.1,54314.316006768706,8571.47462433637,1572144765.777627,0.0,0.0,12472180260.860884,12369289531.582785,62885.790631105076
100000,Random,3,0.25,2.15,55607.514006929865,8571.47462433637,1604474715.7816558,0.0,0.0,12853673670.908422,12750782941.630323,64178.988631266235
100000,Random,3,0.25,2.2,56900.71200709103,8571.47462433637,1636804665.785685,0.0,0.0,13235167080.955969,13132276351.67787,65472.1866314274
100000,Random,3,0.25,2.25,58193.91000725218,8571.47462433637,1669134615.789714,0.0,0.0,13616660491.003513,13513769761.725412,66765.38463158856
100000,Random,3,0.25,2.3,59487.10800741334,8571.47462433637,1701464565.793743,0.0,0.0,13998153901.05105,13895263171.772951,68058.58263174971
100000,Random,3,0.25,2.35,60780.30600757451,8571.47462433637,1733794515.797772,0.0,0.0,14379647311.098595,14276756581.820494,69351.78063191088
100000,Random,3,0.25,2.4,62073.50400773566,8571.47462433637,1766124465.8018007,0.0,0.0,14761140721.146137,14658249991.868036,70644.97863207203
100000,Random,3,0.25,2.45,63366.70200789683,8571.47462433637,1798454415.80583,0.0,0.0,15142634131.193682,15039743401.915583,71938.1766322332
100000,Random,3,0.25,2.5,64659.900008057986,8571.47462433637,1830784365.8098588,0.0,0.0,15524127541.241219,15421236811.963121,73231.37463239435
100000,Random,3,0.5,0.0,0.0,8571.47462433637,428573731.2168185,1.0,0.0,-3336256095.527477,-3439146824.805576,8571.47462433637
100000,Random,3,0.5,0.05,1293.1980001611598,8571.47462433637,493233631.22487646,1.0,0.0,-2922432735.4759054,-3025323464.754005,9864.672624497529
100000,Random,3,0.5,0.1,2586.3960003223197,8571.47462433637,557893531.2329345,1.0,0.0,-2508609375.4243345,-2611500104.7024336,11157.87062465869
100000,Random,3,0.5,0.15,3879.594000483479,8571.47462433637,622553431.2409924,1.0,0.0,-2094786015.3727634,-2197676744.6508627,12451.068624819849
100000,Random,3,0.5,0.2,5172.792000644639,8571.47462433637,687213331.2490505,1.0,0.0,-1680962655.3211913,-1783853384.5992908,13744.26662498101
100000,Random,3,0.5,0.25,6465.990000805798,8571.47462433637,751873231.2571084,1.0,0.0,-1267139295.2696207,-1370030024.54772,15037.46462514217
100000,Random,3,0.5,0.3,7759.188000966958,8571.47462433637,816533131.2651664,1.0,0.0,-853315935.2180498,-956206664.496149,16330.662625303328
100000,Random,3,0.5,0.35,9052.386001128118,8571.47462433637,881193031.2732244,1.0,0.0,-439492575.1664788,-542383304.444578,17623.860625464487
100000,Random,3,0.5,0.4,10345.584001289279,8571.47462433637,945852931.2812825,0.6569,0.004747445523647428,-25669215.114906926,-128559944.3930062,18917.05862562565
100000,Random,3,0.5,0.45,11638.782001450438,8571.47462433637,1010512831.2893405,0.0,0.0,388154144.9366649,285263415.65856564,20210.25662578681
100000,Random,3,0.5,0.5,12931.980001611597,8571.47462433637,1075172731.2973983,0.0,0.0,801977504.9882349,699086775.7101356,21503.45462594797
100000,Random,3,0.5,0.55,14225.178001772758,8571.47462433637,1139832631.3054564,0.0,0.0,1215800865.0398066,1112910135.7617073,22796.652626109128
100000,Random,3,0.5,0.6,15518.376001933915,8571.47462433637,1204492531.3135142,0.0,0.0,1629624225.0913758,1526733495.8132763,24089.850626270287
100000,Random,3,0.5,0.65,16811.574002095076,8571.47462433637,1269152431.3215723,0.0,0.0,2043447585.142949,1940556855.86485,25383.048626431446
100000,Random,3,0.5,0.7,18104.772002256235,8571.47462433637,1333812331.3296301,0.0,0.0,2457270945.1945186,2354380215.916419,26676.246626592605
100000,Random,3,0.5,0.75,19397.970002417394,8571.47462433637,1398472231.3376882,0.0,0.0,2871094305.24609,2768203575.967991,27969.444626753764
100000,Random,3,0.5,0.8,20691.168002578557,8571.47462433637,1463132131.3457463,0.0,0.0,3284917665.297661,3182026936.019562,29262.642626914927
100000,Random,3,0.5,0.85,21984.366002739713,8571.47462433637,1527792031.353804,0.0,0.0,3698741025.3492312,3595850296.0711327,30555.840627076082
100000,Random,3,0.5,0.9,23277.564002900875,8571.47462433637,1592451931.3618622,0.0,0.0,4112564385.4008045,4009673656.1227055,31849.038627237245
100000,Random,3,0.5,0.95,24570.762003062035,8571.47462433637,1657111831.3699205,0.0,0.0,4526387745.452378,4423497016.174278,33142.23662739841
100000,Random,3,0.5,1.0,25863.960003223194,8571.47462433637,1721771731.377978,0.0,0.0,4940211105.503945,4837320376.225845,34435.43462755956
100000,Random,3,0.5,1.05,27157.158003384353,8571.47462433637,1786431631.3860364,0.0,0.0,5354034465.555517,5251143736.277418,35728.632627720726
100000,Random,3,0.5,1.1,28450.356003545516,8571.47462433637,1851091531.3940942,0.0,0.0,5767857825.607091,5664967096.328991,37021.830627881885
100000,Random,3,0.5,1.15,29743.55400370667,8571.47462433637,1915751431.4021523,0.0,0.0,6181681185.658661,6078790456.380562,38315.028628043045
100000,Random,3,0.5,1.2,31036.75200386783,8571.47462433637,1980411331.41021,0.0,0.0,6595504545.710228,6492613816.432129,39608.2266282042
100000,Random,3,0.5,1.25,32329.950004028993,8571.47462433637,2045071231.4182682,0.0,0.0,7009327905.761802,6906437176.483702,40901.42462836536
100000,Random,3,0.5,1.3,33623.14800419015,8571.47462433637,2109731131.426326,0.0,0.0,7423151265.813374,7320260536.5352745,42194.62262852652
100000,Random,3,0.5,1.35,34916.34600435131,8571.47462433637,2174391031.434384,0.0,0.0,7836974625.8649435,7734083896.5868435,43487.82062868768
100000,Random,3,0.5,1.4,36209.54400451247,8571.47462433637,2239050931.442442,0.0,0.0,8250797985.9165125,8147907256.638414,44781.01862884884
100000,Random,3,0.5,1.45,37502.74200467363,8571.47462433637,2303710831.4505,0.0,0.0,8664621345.968084,8561730616.689985,46074.21662901
100000,Random,3,0.5,1.5,38795.94000483479,8571.47462433637,2368370731.458558,0.0,0.0,9078444706.019659,8975553976.74156,47367.41462917116
100000,Random,3,0.5,1.55,40089.13800499595,8571.47462433637,2433030631.4666157,0.0,0.0,9492268066.071228,9389377336.793129,48660.61262933232
100000,Random,3,0.5,1.6,41382.336005157114,8571.47462433637,2497690531.474674,0.0,0.0,9906091426.1228,9803200696.844702,49953.810629493484
100000,Random,3,0.5,1.65,42675.534005318266,8571.47462433637,2562350431.482732,0.0,0.0,10319914786.174368,10217024056.896269,51247.008629654636
100000,Random,3,0.5,1.7,43968.732005479425,8571.47462433637,2627010331.49079,0.0,0.0,10733738146.22594,10630847416.947842,52540.206629815795
100000,Random,3,0.5,1.75,45261.93000564059,8571.47462433637,2691670231.498848,0.0,0.0,11147561506.277514,11044670776.999414,53833.40462997696
100000,Random,3,0.5,1.8,46555.12800580175,8571.47462433637,2756330131.506906,0.0,0.0,11561384866.329084,11458494137.050985,55126.60263013812
100000,Random,3,0.5,1.85,47848.32600596291,8571.47462433637,2820990031.514964,0.0,0.0,11975208226.380657,11872317497.102556,56419.80063029928
100000,Random,3,0.5,1.9,49141.52400612407,8571.47462433637,2885649931.523022,0.0,0.0,12389031586.432226,12286140857.154127,57712.99863046044
100000,Random,3,0.5,1.95,50434.72200628523,8571.47462433637,2950309831.53108,0.0,0.0,12802854946.483793,12699964217.205694,59006.1966306216
100000,Random,3,0.5,2.0,51727.92000644639,8571.47462433637,3014969731.539138,0.0,0.0,13216678306.535368,13113787577.257269,60299.39463078276
100000,Random,3,0.5,2.05,53021.11800660754,8571.47462433637,3079629631.5471954,0.0,0.0,13630501666.58694,13527610937.30884,61592.59263094391
100000,Random,3,0.5,2.1,54314.316006768706,8571.47462433637,3144289531.555254,0.0,0.0,14044325026.638514,13941434297.360415,62885.790631105076
100000,Random,3,0.5,2.15,55607.514006929865,8571.47462433637,3208949431.5633116,0.0,0.0,14458148386.69008,14355257657.411982,64178.988631266235
100000,Random,3,0.5,2.2,56900.71200709103,8571.47462433637,3273609331.57137,0.0,0.0,14871971746.741653,14769081017.463552,65472.1866314274
100000,Random,3,0.5,2.25,58193.91000725218,8571.47462433637,3338269231.579428,0.0,0.0,15285795106.793228,15182904377.515127,66765.38463158856
100000,Random,3,0.5,2.3,59487.10800741334,8571.47462433637,3402929131.587486,0.0,0.0,15699618466.844793,15596727737.566694,68058.58263174971
100000,Random,3,0.5,2.35,60780.30600757451,8571.47462433637,3467589031.595544,0.0,0.0,16113441826.896362,16010551097.618265,69351.78063191088
100000,Random,3,0.5,2.4,62073.50400773566,8571.47462433637,3532248931.6036015,0.0,0.0,16527265186.947937,16424374457.66984,70644.97863207203
100000,Random,3,0.5,2.45,63366.70200789683,8571.47462433637,3596908831.61166,0.0,0.0,16941088546.99951,16838197817.72141,71938.1766322332
100000,Random,3,0.5,2.5,64659.900008057986,8571.47462433637,3661568731.6197176,0.0,0.0,17354911907.05108,17252021177.772976,73231.37463239435
5000,Moderate adverse selection,1,0.0,0.0,0.0,8571.47462433637,0.0,1.0,0.0,-133166593.69528244,-153059373.96409088,8571.47462433637
5000,Moderate adverse selection,1,0.0,0.05,1293.1980001611598,8571.47462433637,0.0,1.0,0.0,-127347202.69455722,-147239982.96336567,9864.672624497529
5000,Moderate adverse selection,1,0.0,0.1,2586.3960003223197,8571.47462433637,0.0,1.0,0.0,-121527811.69383198,-141420591.96264043,11157.87062465869
5000,Moderate adverse selection,1,0.0,0.15,3879.594000483479,8571.47462433637,0.0,1.0,0.0,-115708420.69310679,-135601200.96191522,12451.068624819849
5000,Moderate adverse selection,1,0.0,0.2,5172.792000644639,8571.47462433637,0.0,1.0,0.0,-109889029.69238155,-129781809.96119,13744.26662498101
5000,Moderate adverse selection,1,0.0,0.25,6465.990000805798,8571.47462433637,0.0,1.0,0.0,-104069638.69165634,-123962418.96046479,15037.46462514217
5000,Moderate adverse selection,1,0.0,0.3,7759.188000966958,8571.47462433637,0.0,1.0,0.0,-98250247.69093113,-118143027.95973958,16330.662625303328
5000,Moderate adverse selection,1,0.0,0.35,9052.386001128118,8571.47462433637,0.0,1.0,0.0,-92430856.6902059,-112323636.95901436,17623.860625464487
5000,Moderate adverse selection,1,0.0,0.4,10345.584001289279,8571.47462433637,0.0,1.0,0.0,-86611465.68948066,-106504245.95828913,18917.05862562565
5000,Moderate adverse selection,1,0.0,0.45,11638.782001450438,8571.47462433637,0.0,1.0,0.0,-80792074.68875547,-100684854.95756392,20210.25662578681
5000,Moderate adverse selection,1,0.0,0.5,12931.980001611597,8571.47462433637,0.0,1.0,0.0,-74972683.68803024,-94865463.9568387,21503.45462594797
5000,Moderate adverse selection,1,0.0,0.55,14225.178001772758,8571.47462433637,0.0,1.0,0.0,-69153292.68730503,-89046072.95611349,22796.652626109128
5000,Moderate adverse selection,1,0.0,0.6,15518.376001933915,8571.47462433637,0.0,1.0,0.0,-63333901.68657981,-83226681.95538826,24089.850626270287
5000,Moderate adverse selection,1,0.0,0.65,16811.574002095076,8571.47462433637,0.0,1.0,0.0,-57514510.68585459,-77407290.95466304,25383.048626431446
5000,Moderate adverse selection,1,0.0,0.7,18104.772002256235,8571.47462433637,0.0,1.0,0.0,-51695119.68512937,-71587899.95393783,26676.246626592605
5000,Moderate adverse selection,1,0.0,0.75,19397.970002417394,8571.47462433637,0.0,1.0,0.0,-45875728.68440415,-65768508.953212604,27969.444626753764
5000,Moderate adverse selection,1,0.0,0.8,20691.168002578557,8571.47462433637,0.0,1.0,0.0,-40056337.68367894,-59949117.952487394,29262.642626914927
5000,Moderate adverse selection,1,0.0,0.85,21984.366002739713,8571.47462433637,0.0,0.9994,0.0002448754785600316,-34236946.68295373,-54129726.951762185,30555.840627076082
5000,Moderate adverse selection,1,0.0,0.9,23277.564002900875,8571.47462433637,0.0,0.9964,0.0005989190262464574,-28417555.68222852,-48310335.951036975,31849.038627237245
5000,Moderate adverse selection,1,0.0,0.95,24570.762003062035,8571.47462433637,0.0,0.9821,0.001325880462183527,-22598164.681503255,-42490944.950311705,33142.23662739841
5000,Moderate adverse selection,1,0.0,1.0,25863.960003223194,8571.47462433637,0.0,0.9321,0.0025157422363986334,-16778773.68077807,-36671553.949586526,34435.43462755956
5000,Moderate adverse selection,1,0.0,1.05,27157.158003384353,8571.47462433637,0.0,0.8242,0.0038064991790357707,-10959382.68005283,-30852162.948861286,35728.632627720726
5000,Moderate adverse selection,1,0.0,1.1,28450.356003545516,8571.47462433637,0.0,0.6639,0.004723735703868285,-5139991.679327621,-25032771.948136076,37021.830627881885
5000,Moderate adverse selection,1,0.0,1.15,29743.55400370667,8571.47462433637,0.0,0.4642,0.004987167131749246,679399.3213975889,-19213380.947410867,38315.028628043045
5000,Moderate adverse selection,1,0.0,1.2,31036.75200386783,8571.47462433637,0.0,0.2812,0.004495848751904361,6498790.322122799,-13393989.946685657,39608.2266282042
5000,Moderate adverse selection,1,0.0,1.25,32329.950004028993,8571.47462433637,0.0,0.1434,0.003504802990183614,12318181.322848037,-7574598.945960416,40901.42462836536
5000,Moderate adverse selection,1,0.0,1.3,33623.14800419015,8571.47462433637,0.0,0.0636,0.0024403901327451722,18137572.323573247,-1755207.945235207,42194.62262852652
5000,Moderate adverse selection,1,0.0,1.35,34916.34600435131,8571.47462433637,0.0,0.0242,0.0015366964566888284,23956963.324298456,4064183.0554900025,43487.82062868768
5000,Moderate adverse selection,1,0.0,1.4,36209.54400451247,8571.47462433637,0.0,0.008,0.0008908422980528036,29776354.32502367,9883574.056215212,44781.01862884884
5000,Moderate adverse selection,1,0.0,1.45,37502.74200467363,8571.47462433637,0.0,0.0016,0.0003996798718974975,35595745.325748906,15702965.056940451,46074.21662901
5000,Moderate adverse selection,1,0.0,1.5,38795.94000483479,8571.47462433637,0.0,0.0002,0.00014140721339450828,41415136.32647412,21522356.05766566,47367.41462917116
5000,Moderate adverse selection,1,0.0,1.55,40089.13800499595,8571.47462433637,0.0,0.0001,9.999499987499375e-05,47234527.327199325,27341747.05839087,48660.61262933232
5000,Moderate adverse selection,1,0.0,1.6,41382.336005157114,8571.47462433637,0.0,0.0,0.0,53053918.327924594,33161138.05911614,49953.810629493484
5000,Moderate adverse selection,1,0.0,1.65,42675.534005318266,8571.47462433637,0.0,0.0,0.0,58873309.32864976,38980529.05984129,51247.008629654636
5000,Moderate adverse selection,1,0.0,1.7,43968.732005479425,8571.47462433637,0.0,0.0,0.0,64692700.32937498,44799920.06056653,52540.206629815795
5000,Moderate adverse selection,1,0.0,1.75,45261.93000564059,8571.47462433637,0.0,0.0,0.0,70512091.33010024,50619311.0612918,53833.40462997696
5000,Moderate adverse selection,1,0.0,1.8,46555.12800580175,8571.47462433637,0.0,0.0,0.0,76331482.33082546,56438702.06201701,55126.60263013812
5000,Moderate adverse selection,1,0.0,1.85,47848.32600596291,8571.47462433637,0.0,0.0,0.0,82150873.33155069,62258093.06274222,56419.80063029928
5000,Moderate adverse selection,1,0.0,1.9,49141.52400612407,8571.47462433637,0.0,0.0,0.0,87970264.33227588,68077484.06346743,57712.99863046044
5000,Moderate adverse selection,1,0.0,1.95,50434.72200628523,8571.47462433637,0.0,0.0,0.0,93789655.33300109,73896875.06419264,59006.1966306216
5000,Moderate adverse selection,1,0.0,2.0,51727.92000644639,8571.47462433637,0.0,0.0,0.0,99609046.33372633,79716266.06491788,60299.39463078276
5000,Moderate adverse selection,1,0.0,2.05,53021.11800660754,8571.47462433637,0.0,0.0,0.0,105428437.3344515,85535657.06564303,61592.59263094391
5000,Moderate adverse selection,1,0.0,2.1,54314.316006768706,8571.47462433637,0.0,0.0,0.0,111247828.33517675,91355048.0663683,62885.790631105076
5000,Moderate adverse selection,1,0.0,2.15,55607.514006929865,8571.47462433637,0.0,0.0,0.0,117067219.33590195,97174439.0670935,64178.988631266235
5000,Moderate adverse selection,1,0.0,2.2,56900.71200709103,8571.47462433637,0.0,0.0,0.0,122886610.33662717,102993830.06781872,65472.1866314274
5000,Moderate adverse selection,1,0.0,2.25,58193.91000725218,8571.47462433637,0.0,0.0,0.0,128706001.3373524,108813221.06854393,66765.38463158856
5000,Moderate adverse selection,1,0.0,2.3,59487.10800741334,8571.47462433637,0.0,0.0,0.0,134525392.33807757,114632612.06926914,68058.58263174971
5000,Moderate adverse selection,1,0.0,2.35,60780.30600757451,8571.47462433637,0.0,0.0,0.0,140344783.33880287,120452003.0699944,69351.78063191088
5000,Moderate adverse selection,1,0.0,2.4,62073.50400773566,8571.47462433637,0.0,0.0,0.0,146164174.33952808,126271394.07071961,70644.97863207203
5000,Moderate adverse selection,1,0.0,2.45,63366.70200789683,8571.47462433637,0.0,0.0,0.0,151983565.34025332,132090785.07144488,71938.1766322332
5000,Moderate adverse selection,1,0.0,2.5,64659.900008057986,8571.47462433637,0.0,0.0,0.0,157802956.34097847,137910176.07217005,73231.37463239435
5000,Moderate adverse selection,1,0.1,0.0,0.0,8571.47462433637,4285737.312168185,1.0,0.0,-128880856.38311426,-148773636.65192267,8571.47462433637
5000,Moderate adverse selection,1,0.1,0.05,1293.1980001611598,8571.47462433637,4932336.312248765,1.0,0.0,-122414866.38230845,-142307646.6511169,9864.672624497529
5000,Moderate adverse selection,1,0.1,0.1,2586.3960003223197,8571.47462433637,5578935.312329345,1.0,0.0,-115948876.38150264,-135841656.65031108,11157.87062465869
5000,Moderate adverse selection,1,0.1,0.15,3879.594000483479,8571.47462433637,6225534.312409924,1.0,0.0,-109482886.38069685,-129375666.6495053,12451.068624819849
5000,Moderate adverse selection,1,0.1,0.2,5172.792000644639,8571.47462433637,6872133.312490505,1.0,0.0,-103016896.37989104,-122909676.6486995,13744.26662498101
5000,Moderate adverse selection,1,0.1,0.25,6465.990000805798,8571.47462433637,7518732.312571084,1.0,0.0,-96550906.37908526,-116443686.64789371,15037.46462514217
5000,Moderate adverse selection,1,0.1,0.3,7759.188000966958,8571.47462433637,8165331.312651664,1.0,0.0,-90084916.37827946,-109977696.64708792,16330.662625303328
5000,Moderate adverse selection,1,0.1,0.35,9052.386001128118,8571.47462433637,8811930.312732244,1.0,0.0,-83618926.37747365,-103511706.6462821,17623.860625464487
5000,Moderate adverse selection,1,0.1,0.4,10345.584001289279,8571.47462433637,9458529.312812826,1.0,0.0,-77152936.37666784,-97045716.64547631,18917.05862562565
5000,Moderate adverse selection,1,0.1,0.45,11638.782001450438,8571.47462433637,10105128.312893406,1.0,0.0,-70686946.37586206,-90579726.64467052,20210.25662578681
5000,Moderate adverse selection,1,0.1,0.5,12931.980001611597,8571.47462433637,10751727.312973984,1.0,0.0,-64220956.37505625,-84113736.6438647,21503.45462594797
5000,Moderate adverse selection,1,0.1,0.55,14225.178001772758,8571.47462433637,11398326.313054563,1.0,0.0,-57754966.37425048,-77647746.64305893,22796.652626109128
5000,Moderate adverse selection,1,0.1,0.6,15518.376001933915,8571.47462433637,12044925.313135143,1.0,0.0,-51288976.37344466,-71181756.64225312,24089.850626270287
5000,Moderate adverse selection,1,0.1,0.65,16811.574002095076,8571.47462433637,12691524.313215723,1.0,0.0,-44822986.37263887,-64715766.64144732,25383.048626431446
5000,Moderate adverse selection,1,0.1,0.7,18104.772002256235,8571.47462433637,13338123.313296303,1.0,0.0,-38356996.37183307,-58249776.640641525,26676.246626592605
5000,Moderate adverse selection,1,0.1,0.75,19397.970002417394,8571.47462433637,13984722.313376881,0.9984,0.0003996798718975032,-31891006.371027272,-51783786.63983573,27969.444626753764
5000,Moderate adverse selection,1,0.1,0.8,20691.168002578557,8571.47462433637,14631321.313457463,0.9914,0.0009233655830709769,-25425016.370221477,-45317796.639029935,29262.642626914927
5000,Moderate adverse selection,1,0.1,0.85,21984.366002739713,8571.47462433637,15277920.313538041,0.9556,0.00205982135147687,-18959026.369415686,-38851806.63822414,30555.840627076082
5000,Moderate adverse selection,1,0.1,0.9,23277.564002900875,8571.47462433637,15924519.313618623,0.8587,0.003483307479967854,-12493036.368609888,-32385816.637418345,31849.038627237245
5000,Moderate adverse selection,1,0.1,0.95,24570.762003062035,8571.47462433637,16571118.313699204,0.689,0.004629027975720173,-6027046.367804035,-25919826.63661249,33142.23662739841
5000,Moderate adverse selection,1,0.1,1.0,25863.960003223194,8571.47462433637,17217717.31377978,0.4719,0.004992097655294816,438943.6330017014,-19453836.635806754,34435.43462755956
5000,Moderate adverse selection,1,0.1,1.05,27157.158003384353,8571.47462433637,17864316.313860364,0.27,0.0044395945760846225,6904933.633807526,-12987846.63500093,35728.632627720726
5000,Moderate adverse selection,1,0.1,1.1,28450.356003545516,8571.47462433637,18510915.313940942,0.1256,0.003313980084430201,13370923.63461332,-6521856.634195133,37021.830627881885
5000,Moderate adverse selection,1,0.1,1.15,29743.55400370667,8571.47462433637,19157514.314021524,0.0511,0.0022020170299068987,19836913.635419115,-55866.63338933815,38315.028628043045
5000,Moderate adverse selection,1,0.1,1.2,31036.75200386783,8571.47462433637,19804113.3141021,0.0167,0.0012814487894566838,26302903.63622491,6410123.367416457,39608.2266282042
5000,Moderate adverse selection,1,0.1,1.25,32329.950004028993,8571.47462433637,20450712.31418268,0.0037,0.0006071498991188255,32768893.637030706,12876113.368222252,40901.42462836536
5000,Moderate adverse selection,1,0.1,1.3,33623.14800419015,8571.47462433637,21097311.31426326,0.0007,0.00026448251359967073,39234883.6378365,19342103.369028047,42194.62262852652
5000,Moderate adverse selection,1,0.1,1.35,34916.34600435131,8571.47462433637,21743910.31434384,0.0001,9.999499987499375e-05,45700873.638642296,25808093.369833842,43487.82062868768
5000,Moderate adverse selection,1,0.1,1.4,36209.54400451247,8571.47462433637,22390509.31442442,0.0,0.0,52166863.6394481,32274083.370639637,44781.01862884884
5000,Moderate adverse selection,1,0.1,1.45,37502.74200467363,8571.47462433637,23037108.314505,0.0,0.0,58632853.64025392,38740073.37144546,46074.21662901
5000,Moderate adverse selection,1,0.1,1.5,38795.94000483479,8571.47462433637,23683707.314585578,0.0,0.0,65098843.64105969,45206063.37225123,47367.41462917116
5000,Moderate adverse selection,1,0.1,1.55,40089.13800499595,8571.47462433637,24330306.31466616,0.0,0.0,71564833.64186548,51672053.37305702,48660.61262933232
5000,Moderate adverse selection,1,0.1,1.6,41382.336005157114,8571.47462433637,24976905.31474674,0.0,0.0,78030823.64267133,58138043.37386288,49953.810629493484
5000,Moderate adverse selection,1,0.1,1.65,42675.534005318266,8571.47462433637,25623504.31482732,0.0,0.0,84496813.64347707,64604033.37466861,51247.008629654636
5000,Moderate adverse selection,1,0.1,1.7,43968.732005479425,8571.47462433637,26270103.314907897,0.0,0.0,90962803.64428289,71070023.37547444,52540.206629815795
5000,Moderate adverse selection,1,0.1,1.75,45261.93000564059,8571.47462433637,26916702.31498848,0.0,0.0,97428793.64508872,77536013.37628026,53833.40462997696
5000,Moderate adverse selection,1,0.1,1.8,46555.12800580175,8571.47462433637,27563301.31506906,0.0,0.0,103894783.64589451,84002003.37708606,55126.60263013812
5000,Moderate adverse selection,1,0.1,1.85,47848.32600596291,8571.47462433637,28209900.31514964,0.0,0.0,110360773.6467003,90467993.37789185,56419.80063029928
5000,Moderate adverse selection,1,0.1,1.9,49141.52400612407,8571.47462433637,28856499.31523022,0.0,0.0,116826763.6475061,96933983.37869765,57712.99863046044
5000,Moderate adverse selection,1,0.1,1.95,50434.72200628523,8571.47462433637,29503098.3153108,0.0,0.0,123292753.64831191,103399973.37950344,59006.1966306216
5000,Moderate adverse selection,1,0.1,2.0,51727.92000644639,8571.47462433637,30149697.31539138,0.0,0.0,129758743.6491177,109865963.38030924,60299.39463078276
5000,Moderate adverse selection,1,0.1,2.05,53021.11800660754,8571.47462433637,30796296.315471955,0.0,0.0,136224733.64992344,116331953.38111497,61592.59263094391
5000,Moderate adverse selection,1,0.1,2.1,54314.316006768706,8571.47462433637,31442895.315552536,0.0,0.0,142690723.6507293,122797943.38192083,62885.790631105076
5000,Moderate adverse selection,1,0.1,2.15,55607.514006929865,8571.47462433637,32089494.31563312,0.0,0.0,149156713.6515351,129263933.38272662,64178.988631266235
5000,Moderate adverse selection,1,0.1,2.2,56900.71200709103,8571.47462433637,32736093.3157137,0.0,0.0,155622703.65234086,135729923.38353243,65472.1866314274
5000,Moderate adverse selection,1,0.1,2.25,58193.91000725218,8571.47462433637,33382692.31579428,0.0,0.0,162088693.65314668,142195913.38433823,66765.38463158856
5000,Moderate adverse selection,1,0.1,2.3,59487.10800741334,8571.47462433637,34029291.31587486,0.0,0.0,168554683.65395248,148661903.38514403,68058.58263174971
5000,Moderate adverse selection,1,0.1,2.35,60780.30600757451,8571.47462433637,34675890.31595544,0.0,0.0,175020673.6547583,155127893.38594988,69351.78063191088
5000,Moderate adverse selection,1,0.1,2.4,62073.50400773566,8571.47462433637,35322489.316036016,0.0,0.0,181486663.6555641,161593883.38675568,70644.97863207203
5000,Moderate adverse selection,1,0.1,2.45,63366.70200789683,8571.47462433637,35969088.3161166,0.0,0.0,187952653.65636998,168059873.38756153,71938.1766322332
5000,Moderate adverse selection,1,0.1,2.5,64659.900008057986,8571.47462433637,36615687.31619717,0.0,0.0,194418643.65717563,174525863.3883672,73231.37463239435
5000,Moderate adverse selection,1,0.25,0.0,0.0,8571.47462433637,10714343.280420462,1.0,0.0,-122452250.41486196,-142345030.68367043,8571.47462433637
5000,Moderate adverse selection,1,0.25,0.05,1293.1980001611598,8571.47462433637,12330840.78062191,1.0,0.0,-115016361.9139353,-134909142.18274376,9864.672624497529
5000,Moderate adverse selection,1,0.25,0.1,2586.3960003223197,8571.47462433637,13947338.280823363,1.0,0.0,-107580473.41300862,-127473253.68181708,11157.87062465869
5000,Moderate adverse selection,1,0.25,0.15,3879.594000483479,8571.47462433637,15563835.781024812,1.0,0.0,-100144584.91208197,-120037365.18089043,12451.068624819849
5000,Moderate adverse selection,1,0.25,0.2,5172.792000644639,8571.47462433637,17180333.281226262,1.0,0.0,-92708696.4111553,-112601476.67996375,13744.26662498101
5000,Moderate adverse selection,1,0.25,0.25,6465.990000805798,8571.47462433637,18796830.78142771,1.0,0.0,-85272807.91022861,-105165588.17903708,15037.46462514217
5000,Moderate adverse selection,1,0.25,0.3,7759.188000966958,8571.47462433637,20413328.28162916,1.0,0.0,-77836919.40930197,-97729699.67811042,16330.662625303328
5000,Moderate adverse selection,1,0.25,0.35,9052.386001128118,8571.47462433637,22029825.78183061,1.0,0.0,-70401030.9083753,-90293811.17718375,17623.860625464487
5000,Moderate adverse selection,1,0.25,0.4,10345.584001289279,8571.47462433637,23646323.28203206,1.0,0.0,-62965142.407448605,-82857922.67625707,18917.05862562565
5000,Moderate adverse selection,1,0.25,0.45,11638.782001450438,8571.47462433637,25262820.78223351,1.0,0.0,-55529253.906521946,-75422034.17533042,20210.25662578681
5000,Moderate adverse selection,1,0.25,0.5,12931.980001611597,8571.47462433637,26879318.28243496,1.0,0.0,-48093365.40559529,-67986145.67440374,21503.45462594797
5000,Moderate adverse selection,1,0.25,0.55,14225.178001772758,8571.47462433637,28495815.782636408,1.0,0.0,-40657476.90466863,-60550257.17347708,22796.652626109128
5000,Moderate adverse selection,1,0.25,0.6,15518.376001933915,8571.47462433637,30112313.28283786,0.9992,0.00028272955275316074,-33221588.403741945,-53114368.672550395,24089.850626270287
5000,Moderate adverse selection,1,0.25,0.65,16811.574002095076,8571.47462433637,31728810.78303931,0.9922,0.0008797249570178186,-25785699.902815264,-45678480.17162372,25383.048626431446
5000,Moderate adverse selection,1,0.25,0.7,18104.772002256235,8571.47462433637,33345308.283240758,0.9493,0.002193843886879829,-18349811.401888624,-38242591.67069708,26676.246626592605
5000,Moderate adverse selection,1,0.25,0.75,19397.970002417394,8571.47462433637,34961805.78344221,0.8236,0.003811601238324912,-10913922.900961949,-30806703.169770405,27969.444626753764
5000,Moderate adverse selection,1,0.25,0.8,20691.168002578557,8571.47462433637,36578303.283643655,0.6069,0.0048843872696582935,-3478034.400035275,-23370814.66884373,29262.642626914927
5000,Moderate adverse selection,1,0.25,0.85,21984.366002739713,8571.47462433637,38194800.783845104,0.3556,0.004786947252686204,3957854.100891368,-15934926.167917088,30555.840627076082
5000,Moderate adverse selection,1,0.25,0.9,23277.564002900875,8571.47462433637,39811298.28404655,0.1601,0.0036669877283677945,11393742.60181804,-8499037.666990414,31849.038627237245
5000,Moderate adverse selection,1,0.25,0.95,24570.762003062035,8571.47462433637,41427795.78424801,0.058,0.0023374344910606585,18829631.102744743,-1063149.1660637103,33142.23662739841
5000,Moderate adverse selection,1,0.25,1.0,25863.960003223194,8571.47462433637,43044293.28444945,0.0167,0.0012814487894566838,26265519.60367139,6372739.3348629335,34435.43462755956
5000,Moderate adverse selection,1,0.25,1.05,27157.158003384353,8571.47462433637,44660790.78465091,0.0027,0.0005189132875539034,33701408.10459809,13808627.835789636,35728.632627720726
5000,Moderate adverse selection,1,0.25,1.1,28450.356003545516,8571.47462433637,46277288.284852356,0.0002,0.00014140721339450828,41137296.60552473,21244516.33671628,37021.830627881885
5000,Moderate adverse selection,1,0.25,1.15,29743.55400370667,8571.47462433637,47893785.785053805,0.0,0.0,48573185.10645138,28680404.837642923,38315.028628043045
5000,Moderate adverse selection,1,0.25,1.2,31036.75200386783,8571.47462433637,49510283.285255246,0.0,0.0,56009073.60737805,36116293.3385696,39608.2266282042
5000,Moderate adverse selection,1,0.25,1.25,32329.950004028993,8571.47462433637,51126780.7854567,0.0,0.0,63444962.108304724,43552181.83949627,40901.42462836536
5000,Moderate adverse selection,1,0.25,1.3,33623.14800419015,8571.47462433637,52743278.28565815,0.0,0.0,70880850.6092314,50988070.34042294,42194.62262852652
5000,Moderate adverse selection,1,0.25,1.35,34916.34600435131,8571.47462433637,54359775.7858596,0.0,0.0,78316739.11015809,58423958.84134962,43487.82062868768
5000,Moderate adverse selection,1,0.25,1.4,36209.54400451247,8571.47462433637,55976273.28606105,0.0,0.0,85752627.61108471,65859847.34227626,44781.01862884884
5000,Moderate adverse selection,1,0.25,1.45,37502.74200467363,8571.47462433637,57592770.7862625,0.0,0.0,93188516.11201143,73295735.84320296,46074.21662901
5000,Moderate adverse selection,1,0.25,1.5,38795.94000483479,8571.47462433637,59209268.286463946,0.0,0.0,100624404.61293809,80731624.34412964,47367.41462917116
5000,Moderate adverse selection,1,0.25,1.55,40089.13800499595,8571.47462433637,60825765.786665395,0.0,0.0,108060293.11386469,88167512.84505625,48660.61262933232
5000,Moderate adverse selection,1,0.25,1.6,41382.336005157114,8571.47462433637,62442263.28686686,0.0,0.0,115496181.61479145,95603401.34598298,49953.810629493484
5000,Moderate adverse selection,1,0.25,1.65,42675.534005318266,8571.47462433637,64058760.78706829,0.0,0.0,122932070.11571807,103039289.8469096,51247.008629654636
5000,Moderate adverse selection,1,0.25,1.7,43968.732005479425,8571.47462433637,65675258.28726974,0.0,0.0,130367958.61664473,110475178.34783627,52540.206629815795
5000,Moderate adverse selection,1,0.25,1.75,45261.93000564059,8571.47462433637,67291755.7874712,0.0,0.0,137803847.11757147,117911066.848763,53833.40462997696
5000,Moderate adverse selection,1,0.25,1.8,46555.12800580175,8571.47462433637,68908253.28767265,0.0,0.0,145239735.61849815,125346955.34968968,55126.60263013812
5000,Moderate adverse selection,1,0.25,1.85,47848.32600596291,8571.47462433637,70524750.7878741,0.0,0.0,152675624.11942476,132782843.85061629,56419.80063029928
5000,Moderate adverse selection,1,0.25,1.9,49141.52400612407,8571.47462433637,72141248.28807555,0.0,0.0,160111512.6203514,140218732.35154298,57712.99863046044
5000,Moderate adverse selection,1,0.25,1.95,50434.72200628523,8571.47462433637,73757745.788277,0.0,0.0,167547401.12127808,147654620.85246965,59006.1966306216
5000,Moderate adverse selection,1,0.25,2.0,51727.92000644639,8571.47462433637,75374243.28847845,0.0,0.0,174983289.62220475,155090509.35339633,60299.39463078276
5000,Moderate adverse selection,1,0.25,2.05,53021.11800660754,8571.47462433637,76990740.78867988,0.0,0.0,182419178.1231314,162526397.85432294,61592.59263094391
5000,Moderate adverse selection,1,0.25,2.1,54314.316006768706,8571.47462433637,78607238.28888135,0.0,0.0,189855066.6240581,169962286.35524967,62885.790631105076
5000,Moderate adverse selection,1,0.25,2.15,55607.514006929865,8571.47462433637,80223735.7890828,0.0,0.0,197290955.1249848,177398174.85617635,64178.988631266235
5000,Moderate adverse selection,1,0.25,2.2,56900.71200709103,8571.47462433637,81840233.28928424,0.0,0.0,204726843.6259114,184834063.35710296,65472.1866314274
5000,Moderate adverse selection,1,0.25,2.25,58193.91000725218,8571.47462433637,83456730.7894857,0.0,0.0,212162732.1268381,192269951.85802963,66765.38463158856
5000,Moderate adverse selection,1,0.25,2.3,59487.10800741334,8571.47462433637,85073228.28968714,0.0,0.0,219598620.62776473,199705840.3589563,68058.58263174971
5000,Moderate adverse selection,1,0.25,2.35,60780.30600757451,8571.47462433637,86689725.7898886,0.0,0.0,227034509.1286915,207141728.85988304,69351.78063191088
5000,Moderate adverse selection,1,0.25,2.4,62073.50400773566,8571.47462433637,88306223.29009004,0.0,0.0,234470397.62961808,214577617.36080965,70644.97863207203
5000,Moderate adverse selection,1,0.25,2.45,63366.70200789683,8571.47462433637,89922720.7902915,0.0,0.0,241906286.1305448,222013505.8617364,71938.1766322332
5000,Moderate adverse selection,1,0.25,2.5,64659.900008057986,8571.47462433637,91539218.29049294,0.0,0.0,249342174.63147143,229449394.362663,73231.37463239435
5000,Moderate adverse selection,1,0.5,0.0,0.0,8571.47462433637,21428686.560840923,1.0,0.0,-111737907.13444151,-131630687.40324996,8571.47462433637
5000,Moderate adverse selection,1,0.5,0.05,1293.1980001611598,8571.47462433637,24661681.56124382,1.0,0.0,-102685521.1333134,-122578301.40212186,9864.672624497529
5000,Moderate adverse selection,1,0.5,0.1,2586.3960003223197,8571.47462433637,27894676.561646726,1.0,0.0,-93633135.13218527,-113525915.40099372,11157.87062465869
5000,Moderate adverse selection,1,0.5,0.15,3879.594000483479,8571.47462433637,31127671.562049624,1.0,0.0,-84580749.13105716,-104473529.39986561,12451.068624819849
5000,Moderate adverse selection,1,0.5,0.2,5172.792000644639,8571.47462433637,34360666.562452525,1.0,0.0,-75528363.12992902,-95421143.39873748,13744.26662498101
5000,Moderate adverse selection,1,0.5,0.25,6465.990000805798,8571.47462433637,37593661.56285542,1.0,0.0,-66475977.12880091,-86368757.39760937,15037.46462514217
5000,Moderate adverse selection,1,0.5,0.3,7759.188000966958,8571.47462433637,40826656.56325832,1.0,0.0,-57423591.12767281,-77316371.39648126,16330.662625303328
5000,Moderate adverse selection,1,0.5,0.35,9052.386001128118,8571.47462433637,44059651.56366122,1.0,0.0,-48371205.12654468,-68263985.39535314,17623.860625464487
5000,Moderate adverse selection,1,0.5,0.4,10345.584001289279,8571.47462433637,47292646.56406412,1.0,0.0,-39318819.12541656,-59211599.394225016,18917.05862562565
5000,Moderate adverse selection,1,0.5,0.45,11638.782001450438,8571.47462433637,50525641.56446702,0.9979,0.0004577761461675336,-30266433.12428845,-50159213.39309691,20210.25662578681
5000,Moderate adverse selection,1,0.5,0.5,12931.980001611597,8571.47462433637,53758636.56486992,0.9732,0.001614984829650113,-21214047.123160318,-41106827.39196877,21503.45462594797
5000,Moderate adverse selection,1,0.5,0.55,14225.178001772758,8571.47462433637,56991631.565272816,0.8506,0.0035648231372678225,-12161661.122032208,-32054441.390840665,22796.652626109128
5000,Moderate adverse selection,1,0.5,0.6,15518.376001933915,8571.47462433637,60224626.56567572,0.594,0.004910845141113697,-3109275.120904102,-23002055.389712557,24089.850626270287
5000,Moderate adverse selection,1,0.5,0.65,16811.574002095076,8571.47462433637,63457621.56607862,0.2965,0.004567140790472744,5943110.880224036,-13949669.38858442,25383.048626431446
5000,Moderate adverse selection,1,0.5,0.7,18104.772002256235,8571.47462433637,66690616.566481516,0.1039,0.003051307752423541,14995496.881352141,-4897283.387456312,26676.246626592605
5000,Moderate adverse selection,1,0.5,0.75,19397.970002417394,8571.47462433637,69923611.56688441,0.0239,0.0015273765089197882,24047882.88248025,4155102.613671795,27969.444626753764
5000,Moderate adverse selection,1,0.5,0.8,20691.168002578557,8571.47462433637,73156606.56728731,0.0034,0.0005821030836544331,33100268.883608386,13207488.614799932,29262.642626914927
5000,Moderate adverse selection,1,0.5,0.85,21984.366002739713,8571.47462433637,76389601.56769021,0.0002,0.00014140721339450828,42152654.88473646,22259874.61592801,30555.840627076082
5000,Moderate adverse selection,1,0.5,0.9,23277.564002900875,8571.47462433637,79622596.5680931,0.0,0.0,51205040.8858646,31312260.617056146,31849.038627237245
5000,Moderate adverse selection,1,0.5,0.95,24570.762003062035,8571.47462433637,82855591.56849602,0.0,0.0,60257426.886992775,40364646.61818431,33142.23662739841
5000,Moderate adverse selection,1,0.5,1.0,25863.960003223194,8571.47462433637,86088586.5688989,0.0,0.0,69309812.8881208,49417032.61931236,34435.43462755956
5000,Moderate adverse selection,1,0.5,1.05,27157.158003384353,8571.47462433637,89321581.56930181,0.0,0.0,78362198.88924897,58469418.62044053,35728.632627720726
5000,Moderate adverse selection,1,0.5,1.1,28450.356003545516,8571.47462433637,92554576.56970471,0.0,0.0,87414584.89037709,67521804.62156864,37021.830627881885
5000,Moderate adverse selection,1,0.5,1.15,29743.55400370667,8571.47462433637,95787571.57010761,0.0,0.0,96466970.8915052,76574190.62269674,38315.028628043045
5000,Moderate adverse selection,1,0.5,1.2,31036.75200386783,8571.47462433637,99020566.57051049,0.0,0.0,105519356.8926333,85626576.62382485,39608.2266282042
5000,Moderate adverse selection,1,0.5,1.25,32329.950004028993,8571.47462433637,102253561.5709134,0.0,0.0,114571742.89376143,94678962.62495299,40901.42462836536
5000,Moderate adverse selection,1,0.5,1.3,33623.14800419015,8571.47462433637,105486556.5713163,0.0,0.0,123624128.89488953,103731348.62608106,42194.62262852652
5000,Moderate adverse selection,1,0.5,1.35,34916.34600435131,8571.47462433637,108719551.5717192,0.0,0.0,132676514.89601767,112783734.6272092,43487.82062868768
5000,Moderate adverse selection,1,0.5,1.4,36209.54400451247,8571.47462433637,111952546.5721221,0.0,0.0,141728900.8971458,121836120.62833734,44781.01862884884
5000,Moderate adverse selection,1,0.5,1.45,37502.74200467363,8571.47462433637,115185541.572525,0.0,0.0,150781286.8982739,130888506.62946542,46074.21662901
5000,Moderate adverse selection,1,0.5,1.5,38795.94000483479,8571.47462433637,118418536.57292789,0.0,0.0,159833672.899402,139940892.63059357,47367.41462917116
5000,Moderate adverse selection,1,0.5,1.55,40089.13800499595,8571.47462433637,121651531.57333079,0.0,0.0,168886058.90053013,148993278.6317217,48660.61262933232
5000,Moderate adverse selection,1,0.5,1.6,41382.336005157114,8571.47462433637,124884526.57373372,0.0,0.0,177938444.90165836,158045664.6328499,49953.810629493484
5000,Moderate adverse selection,1,0.5,1.65,42675.534005318266,8571.47462433637,128117521.57413658,0.0,0.0,186990830.9027863,167098050.63397786,51247.008629654636
5000,Moderate adverse selection,1,0.5,1.7,43968.732005479425,8571.47462433637,131350516.57453948,0.0,0.0,196043216.9039145,176150436.63510606,52540.206629815795
5000,Moderate adverse selection,1,0.5,1.75,45261.93000564059,8571.47462433637,134583511.5749424,0.0,0.0,205095602.9050427,185202822.63623425,53833.40462997696
5000,Moderate adverse selection,1,0.5,1.8,46555.12800580175,8571.47462433637,137816506.5753453,0.0,0.0,214147988.90617076,194255208.63736233,55126.60263013812
5000,Moderate adverse selection,1,0.5,1.85,47848.32600596291,8571.47462433637,141049501.5757482,0.0,0.0,223200374.90729886,203307594.6384904,56419.80063029928
5000,Moderate adverse selection,1,0.5,1.9,49141.52400612407,8571.47462433637,144282496.5761511,0.0,0.0,232252760.90842694,212359980.63961855,57712.99863046044
5000,Moderate adverse selection,1,0.5,1.95,50434.72200628523,8571.47462433637,147515491.576554,0.0,0.0,241305146.90955514,221412366.64074668,59006.1966306216
5000,Moderate adverse selection,1,0.5,2.0,51727.92000644639,8571.47462433637,150748486.5769569,0.0,0.0,250357532.9106832,230464752.64187476,60299.39463078276
5000,Moderate adverse selection,1,0.5,2.05,53021.11800660754,8571.47462433637,153981481.57735977,0.0,0.0,259409918.9118113,239517138.64300284,61592.59263094391
5000,Moderate adverse selection,1,0.5,2.1,54314.316006768706,8571.47462433637,157214476.5777627,0.0,0.0,268462304.9129394,248569524.64413103,62885.790631105076
5000,Moderate adverse selection,1,0.5,2.15,55607.514006929865,8571.47462433637,160447471.5781656,0.0,0.0,277514690.9140675,257621910.6452591,64178.988631266235
5000,Moderate adverse selection,1,0.5,2.2,56900.71200709103,8571.47462433637,163680466.5785685,0.0,0.0,286567076.9151956,266674296.6463872,65472.1866314274
5000,Moderate adverse selection,1,0.5,2.25,58193.91000725218,8571.47462433637,166913461.5789714,0.0,0.0,295619462.9163238,275726682.6475153,66765.38463158856
5000,Moderate adverse selection,1,0.5,2.3,59487.10800741334,8571.47462433637,170146456.57937428,0.0,0.0,304671848.9174519,284779068.64864343,68058.58263174971
5000,Moderate adverse selection,1,0.5,2.35,60780.30600757451,8571.47462433637,173379451.5797772,0.0,0.0,313724234.91858006,293831454.64977163,69351.78063191088
5000,Moderate adverse selection,1,0.5,2.4,62073.50400773566,8571.47462433637,176612446.58018008,0.0,0.0,322776620.91970813,302883840.6508997,70644.97863207203
5000,Moderate adverse selection,1,0.5,2.45,63366.70200789683,8571.47462433637,179845441.580583,0.0,0.0,331829006.9208364,311936226.6520279,71938.1766322332
5000,Moderate adverse selection,1,0.5,2.5,64659.900008057986,8571.47462433637,183078436.58098587,0.0,0.0,340881392.9219643,320988612.65315586,73231.37463239435
5000,Moderate adverse selection,3,0.0,0.0,0.0,8571.47462433637,0.0,1.0,0.0,-399367709.2591701,-432478166.13062614,8571.47462433637
5000,Moderate adverse selection,3,0.0,0.05,1293.1980001611598,8571.47462433637,0.0,1.0,0.0,-381909536.25699455,-415019993.1284505,9864.672624497529
5000,Moderate adverse selection,3,0.0,0.1,2586.3960003223197,8571.47462433637,0.0,1.0,0.0,-364451363.25481886,-397561820.1262748,11157.87062465869
5000,Moderate adverse selection,3,0.0,0.15,3879.594000483479,8571.47462433637,0.0,1.0,0.0,-346993190.25264317,-380103647.12409914,12451.068624819849
5000,Moderate adverse selection,3,0.0,0.2,5172.792000644639,8571.47462433637,0.0,1.0,0.0,-329535017.25046754,-362645474.1219235,13744.26662498101
5000,Moderate adverse selection,3,0.0,0.25,6465.990000805798,8571.47462433637,0.0,1.0,0.0,-312076844.2482919,-345187301.1197479,15037.46462514217
5000,Moderate adverse selection,3,0.0,0.3,7759.188000966958,8571.47462433637,0.0,1.0,0.0,-294618671.2461162,-327729128.1175722,16330.662625303328
5000,Moderate adverse selection,3,0.0,0.35,9052.386001128118,8571.47462433637,0.0,1.0,0.0,-277160498.2439406,-310270955.11539656,17623.860625464487
5000,Moderate adverse selection,3,0.0,0.4,10345.584001289279,8571.47462433637,0.0,1.0,0.0,-259702325.24176484,-292812782.1132209,18917.05862562565
5000,Moderate adverse selection,3,0.0,0.45,11638.782001450438,8571.47462433637,0.0,1.0,0.0,-242244152.23958924,-275354609.11104524,20210.25662578681
5000,Moderate adverse selection,3,0.0,0.5,12931.980001611597,8571.47462433637,0.0,1.0,0.0,-224785979.2374136,-257896436.10886955,21503.45462594797
5000,Moderate adverse selection,3,0.0,0.55,14225.178001772758,8571.47462433637,0.0,1.0,0.0,-207327806.23523793,-240438263.10669392,22796.652626109128
5000,Moderate adverse selection,3,0.0,0.6,15518.376001933915,8571.47462433637,0.0,1.0,0.0,-189869633.2330623,-222980090.1045183,24089.850626270287
5000,Moderate adverse selection,3,0.0,0.65,16811.574002095076,8571.47462433637,0.0,1.0,0.0,-172411460.2308866,-205521917.1023426,25383.048626431446
5000,Moderate adverse selection,3,0.0,0.7,18104.772002256235,8571.47462433637,0.0,1.0,0.0,-154953287.22871098,-188063744.10016698,26676.246626592605
5000,Moderate adverse selection,3,0.0,0.75,19397.970002417394,8571.47462433637,0.0,1.0,0.0,-137495114.2265353,-170605571.0979913,27969.444626753764
5000,Moderate adverse selection,3,0.0,0.8,20691.168002578557,8571.47462433637,0.0,1.0,0.0,-120036986.29234575,-153147398.09581566,29262.642626914927
5000,Moderate adverse selection,3,0.0,0.85,21984.366002739713,8571.47462433637,0.0,1.0,0.0,-102579649.03901494,-135689225.09364003,30555.840627076082
5000,Moderate adverse selection,3,0.0,0.9,23277.564002900875,8571.47462433637,0.0,1.0,0.0,-85131138.3945191,-118231052.09146442,31849.038627237245
5000,Moderate adverse selection,3,0.0,0.95,24570.762003062035,8571.47462433637,0.0,1.0,0.0,-67730978.0628095,-100772879.0892886,33142.23662739841
5000,Moderate adverse selection,3,0.0,1.0,25863.960003223194,8571.47462433637,0.0,0.998,0.0004467661580737737,-50526323.01618489,-83325959.3525965,34435.43462755956
5000,Moderate adverse selection,3,0.0,1.05,27157.158003384353,8571.47462433637,0.0,0.9769,0.0015022113699476518,-33880431.48880856,-65885784.70125254,35728.632627720726
5000,Moderate adverse selection,3,0.0,1.1,28450.356003545516,8571.47462433637,0.0,0.8709,0.0033531058736639974,-18063741.85571714,-48975596.801569104,37021.830627881885
5000,Moderate adverse selection,3,0.0,1.15,29743.55400370667,8571.47462433637,0.0,0.6405,0.004798538840105392,-2399546.37899645,-32992305.976711642,38315.028628043045
5000,Moderate adverse selection,3,0.0,1.2,31036.75200386783,8571.47462433637,0.0,0.375,0.004841229182759271,14471186.518014118,-19562033.951334216,39608.2266282042
5000,Moderate adverse selection,3,0.0,1.25,32329.950004028993,8571.47462433637,0.0,0.1766,0.003813298309862474,32940538.18368922,-9821639.771588838,40901.42462836536
5000,Moderate adverse selection,3,0.0,1.3,33623.14800419015,8571.47462433637,0.0,0.0704,0.0025581993667421624,52076541.22721972,-2430170.2095659743,42194.62262852652
5000,Moderate adverse selection,3,0.0,1.35,34916.34600435131,8571.47462433637,0.0,0.0251,0.0015642886562268487,70807693.58602725,34553555.98317812,43487.82062868768
5000,Moderate adverse selection,3,0.0,1.4,36209.54400451247,8571.47462433637,0.0,0.008,0.0008908422980528036,88981846.97568744,55272355.05395634,44781.01862884884
5000,Moderate adverse selection,3,0.0,1.45,37502.74200467363,8571.47462433637,0.0,0.0016,0.0003996798718974975,106801842.7683985,73672112.5830481,46074.21662901
5000,Moderate adverse selection,3,0.0,1.5,38795.94000483479,8571.47462433637,0.0,0.0002,0.00014140721339450828,124358585.12375303,91255770.66916002,47367.41462917116
5000,Moderate adverse selection,3,0.0,1.55,40089.13800499595,8571.47462433637,0.0,0.0001,9.999499987499375e-05,141826154.8113597,108725196.93681906,48660.61262933232
5000,Moderate adverse selection,3,0.0,1.6,41382.336005157114,8571.47462433637,0.0,0.0,0.0,159293826.81045088,126183369.93899487,49953.810629493484
5000,Moderate adverse selection,3,0.0,1.65,42675.534005318266,8571.47462433637,0.0,0.0,0.0,176751999.81262645,143641542.94117045,51247.008629654636
5000,Moderate adverse selection,3,0.0,1.7,43968.732005479425,8571.47462433637,0.0,0.0,0.0,194210172.81480214,161099715.94334614,52540.206629815795
5000,Moderate adverse selection,3,0.0,1.75,45261.93000564059,8571.47462433637,0.0,0.0,0.0,211668345.81697795,178557888.94552195,53833.40462997696
5000,Moderate adverse selection,3,0.0,1.8,46555.12800580175,8571.47462433637,0.0,0.0,0.0,229126518.81915352,196016061.94769752,55126.60263013812
5000,Moderate adverse selection,3,0.0,1.85,47848.32600596291,8571.47462433637,0.0,0.0,0.0,246584691.8213292,213474234.9498732,56419.80063029928
5000,Moderate adverse selection,3,0.0,1.9,49141.52400612407,8571.47462433637,0.0,0.0,0.0,264042864.82350478,230932407.95204878,57712.99863046044
5000,Moderate adverse selection,3,0.0,1.95,50434.72200628523,8571.47462433637,0.0,0.0,0.0,281501037.8256805,248390580.95422447,59006.1966306216
5000,Moderate adverse selection,3,0.0,2.0,51727.92000644639,8571.47462433637,0.0,0.0,0.0,298959210.8278561,265848753.95640016,60299.39463078276
5000,Moderate adverse selection,3,0.0,2.05,53021.11800660754,8571.47462433637,0.0,0.0,0.0,316417383.83003163,283306926.9585756,61592.59263094391
5000,Moderate adverse selection,3,0.0,2.1,54314.316006768706,8571.47462433637,0.0,0.0,0.0,333875556.83220744,300765099.9607514,62885.790631105076
5000,Moderate adverse selection,3,0.0,2.15,55607.514006929865,8571.47462433637,0.0,0.0,0.0,351333729.83438313,318223272.9629271,64178.988631266235
5000,Moderate adverse selection,3,0.0,2.2,56900.71200709103,8571.47462433637,0.0,0.0,0.0,368791902.8365587,335681445.9651027,65472.1866314274
5000,Moderate adverse selection,3,0.0,2.25,58193.91000725218,8571.47462433637,0.0,0.0,0.0,386250075.8387342,353139618.96727824,66765.38463158856
5000,Moderate adverse selection,3,0.0,2.3,59487.10800741334,8571.47462433637,0.0,0.0,0.0,403708248.8409099,370597791.96945393,68058.58263174971
5000,Moderate adverse selection,3,0.0,2.35,60780.30600757451,8571.47462433637,0.0,0.0,0.0,421166421.84308577,388055964.97162974,69351.78063191088
5000,Moderate adverse selection,3,0.0,2.4,62073.50400773566,8571.47462433637,0.0,0.0,0.0,438624594.84526145,405514137.9738054,70644.97863207203
5000,Moderate adverse selection,3,0.0,2.45,63366.70200789683,8571.47462433637,0.0,0.0,0.0,456082767.8474372,422972310.97598124,71938.1766322332
5000,Moderate adverse selection,3,0.0,2.5,64659.900008057986,8571.47462433637,0.0,0.0,0.0,473540940.8496126,440430483.97815657,73231.37463239435
5000,Moderate adverse selection,3,0.1,0.0,0.0,8571.47462433637,4285737.312168185,1.0,0.0,-395081971.94700193,-428192428.81845796,8571.47462433637
5000,Moderate adverse selection,3,0.1,0.05,1293.1980001611598,8571.47462433637,4932336.312248765,1.0,0.0,-376977199.9447458,-410087656.81620175,9864.672624497529
5000,Moderate adverse selection,3,0.1,0.1,2586.3960003223197,8571.47462433637,5578935.312329345,1.0,0.0,-358872427.94248945,-391982884.8139455,11157.87062465869
5000,Moderate adverse selection,3,0.1,0.15,3879.594000483479,8571.47462433637,6225534.312409924,1.0,0.0,-340767655.94023323,-373878112.81168926,12451.068624819849
5000,Moderate adverse selection,3,0.1,0.2,5172.792000644639,8571.47462433637,6872133.312490505,1.0,0.0,-322662883.937977,-355773340.809433,13744.26662498101
5000,Moderate adverse selection,3,0.1,0.25,6465.990000805798,8571.47462433637,7518732.312571084,1.0,0.0,-304558111.9357208,-337668568.80717677,15037.46462514217
5000,Moderate adverse selection,3,0.1,0.3,7759.188000966958,8571.47462433637,8165331.312651664,1.0,0.0,-286453339.9334645,-319563796.80492055,16330.662625303328
5000,Moderate adverse selection,3,0.1,0.35,9052.386001128118,8571.47462433637,8811930.312732244,1.0,0.0,-268348567.9312083,-301459024.8026643,17623.860625464487
5000,Moderate adverse selection,3,0.1,0.4,10345.584001289279,8571.47462433637,9458529.312812826,1.0,0.0,-250243795.92895204,-283354252.800408,18917.05862562565
5000,Moderate adverse selection,3,0.1,0.45,11638.782001450438,8571.47462433637,10105128.312893406,1.0,0.0,-232139023.92669585,-265249480.79815185,20210.25662578681
5000,Moderate adverse selection,3,0.1,0.5,12931.980001611597,8571.47462433637,10751727.312973984,1.0,0.0,-214034251.92443958,-247144708.79589558,21503.45462594797
5000,Moderate adverse selection,3,0.1,0.55,14225.178001772758,8571.47462433637,11398326.313054563,1.0,0.0,-195929479.92218333,-229039936.79363936,22796.652626109128
5000,Moderate adverse selection,3,0.1,0.6,15518.376001933915,8571.47462433637,12044925.313135143,1.0,0.0,-177824707.91992715,-210935164.79138315,24089.850626270287
5000,Moderate adverse selection,3,0.1,0.65,16811.574002095076,8571.47462433637,12691524.313215723,1.0,0.0,-159719935.9176709,-192830392.78912687,25383.048626431446
5000,Moderate adverse selection,3,0.1,0.7,18104.772002256235,8571.47462433637,13338123.313296303,1.0,0.0,-141615163.91541466,-174725620.78687066,26676.246626592605
5000,Moderate adverse selection,3,0.1,0.75,19397.970002417394,8571.47462433637,13984722.313376881,1.0,0.0,-123510391.9131584,-156620848.78461438,27969.444626753764
5000,Moderate adverse selection,3,0.1,0.8,20691.168002578557,8571.47462433637,14631321.313457463,1.0,0.0,-105405664.97888829,-138516076.78235817,29262.642626914927
5000,Moderate adverse selection,3,0.1,0.85,21984.366002739713,8571.47462433637,15277920.313538041,1.0,0.0,-87301728.72547694,-120411304.78010203,30555.840627076082
5000,Moderate adverse selection,3,0.1,0.9,23277.564002900875,8571.47462433637,15924519.313618623,1.0,0.0,-69206619.08090052,-102306532.77784581,31849.038627237245
5000,Moderate adverse selection,3,0.1,0.95,24570.762003062035,8571.47462433637,16571118.313699204,0.9972,0.0005284089325512983,-51158381.77664399,-84201760.77558942,33142.23662739841
5000,Moderate adverse selection,3,0.1,1.0,25863.960003223194,8571.47462433637,17217717.31377978,0.9639,0.0018653897716027078,-33255343.09956126,-66108242.038816735,34435.43462755956
5000,Moderate adverse selection,3,0.1,1.05,27157.158003384353,8571.47462433637,17864316.313860364,0.7947,0.004039206729049653,-15539720.627377354,-48021468.387392186,35728.632627720726
5000,Moderate adverse selection,3,0.1,1.1,28450.356003545516,8571.47462433637,18510915.313940942,0.4766,0.004994521398492552,2279995.0416174363,-30464681.487628162,37021.830627881885
5000,Moderate adverse selection,3,0.1,1.15,29743.55400370667,8571.47462433637,19157514.314021524,0.1922,0.003940293897668041,20485242.466689453,-13834791.662690114,38315.028628043045
5000,Moderate adverse selection,3,0.1,1.2,31036.75200386783,8571.47462433637,19804113.3141021,0.0486,0.002150303234429972,38965567.35264417,492997.1527663891,39608.2266282042
5000,Moderate adverse selection,3,0.1,1.25,32329.950004028993,8571.47462433637,20450712.31418268,0.008,0.0008908422980528036,57407820.86068255,23847723.7467108,40901.42462836536
5000,Moderate adverse selection,3,0.1,1.3,33623.14800419015,8571.47462433637,21097311.31426326,0.0009,0.0002998649696113236,75609254.68108594,42466807.88266516,42194.62262852652
5000,Moderate adverse selection,3,0.1,1.35,34916.34600435131,8571.47462433637,21743910.31434384,0.0001,9.999499987499375e-05,93742028.62980156,60636415.242460355,43487.82062868768
5000,Moderate adverse selection,3,0.1,1.4,36209.54400451247,8571.47462433637,22390509.31442442,0.0,0.0,111851644.11617254,78741187.24471651,44781.01862884884
5000,Moderate adverse selection,3,0.1,1.45,37502.74200467363,8571.47462433637,23037108.314505,0.0,0.0,129956416.1184289,96845959.2469729,46074.21662901
5000,Moderate adverse selection,3,0.1,1.5,38795.94000483479,8571.47462433637,23683707.314585578,0.0,0.0,148061188.12068507,114950731.24922906,47367.41462917116
5000,Moderate adverse selection,3,0.1,1.55,40089.13800499595,8571.47462433637,24330306.31466616,0.0,0.0,166165960.12294123,133055503.25148521,48660.61262933232
5000,Moderate adverse selection,3,0.1,1.6,41382.336005157114,8571.47462433637,24976905.31474674,0.0,0.0,184270732.12519762,151160275.25374162,49953.810629493484
5000,Moderate adverse selection,3,0.1,1.65,42675.534005318266,8571.47462433637,25623504.31482732,0.0,0.0,202375504.12745377,169265047.25599778,51247.008629654636
5000,Moderate adverse selection,3,0.1,1.7,43968.732005479425,8571.47462433637,26270103.314907897,0.0,0.0,220480276.12971005,187369819.25825405,52540.206629815795
5000,Moderate adverse selection,3,0.1,1.75,45261.93000564059,8571.47462433637,26916702.31498848,0.0,0.0,238585048.1319664,205474591.26051044,53833.40462997696
5000,Moderate adverse selection,3,0.1,1.8,46555.12800580175,8571.47462433637,27563301.31506906,0.0,0.0,256689820.13422257,223579363.2627666,55126.60263013812
5000,Moderate adverse selection,3,0.1,1.85,47848.32600596291,8571.47462433637,28209900.31514964,0.0,0.0,274794592.1364789,241684135.26502287,56419.80063029928
5000,Moderate adverse selection,3,0.1,1.9,49141.52400612407,8571.47462433637,28856499.31523022,0.0,0.0,292899364.13873506,259788907.26727903,57712.99863046044
5000,Moderate adverse selection,3,0.1,1.95,50434.72200628523,8571.47462433637,29503098.3153108,0.0,0.0,311004136.14099133,277893679.2695353,59006.1966306216
5000,Moderate adverse selection,3,0.1,2.0,51727.92000644639,8571.47462433637,30149697.31539138,0.0,0.0,329108908.14324754,295998451.2717916,60299.39463078276
5000,Moderate adverse selection,3,0.1,2.05,53021.11800660754,8571.47462433637,30796296.315471955,0.0,0.0,347213680.14550364,314103223.2740476,61592.59263094391
5000,Moderate adverse selection,3,0.1,2.1,54314.316006768706,8571.47462433637,31442895.315552536,0.0,0.0,365318452.14776,332207995.276304,62885.790631105076
5000,Moderate adverse selection,3,0.1,2.15,55607.514006929865,8571.47462433637,32089494.31563312,0.0,0.0,383423224.1500162,350312767.27856016,64178.988631266235
5000,Moderate adverse selection,3,0.1,2.2,56900.71200709103,8571.47462433637,32736093.3157137,0.0,0.0,401527996.15227234,368417539.2808163,65472.1866314274
5000,Moderate adverse selection,3,0.1,2.25,58193.91000725218,8571.47462433637,33382692.31579428,0.0,0.0,419632768.15452844,386522311.2830725,66765.38463158856
5000,Moderate adverse selection,3,0.1,2.3,59487.10800741334,8571.47462433637,34029291.31587486,0.0,0.0,437737540.1567848,404627083.28532875,68058.58263174971
5000,Moderate adverse selection,3,0.1,2.35,60780.30600757451,8571.47462433637,34675890.31595544,0.0,0.0,455842312.1590411,422731855.28758514,69351.78063191088
5000,Moderate adverse selection,3,0.1,2.4,62073.50400773566,8571.47462433637,35322489.316036016,0.0,0.0,473947084.1612974,440836627.2898414,70644.97863207203
5000,Moderate adverse selection,3,0.1,2.45,63366.70200789683,8571.47462433637,35969088.3161166,0.0,0.0,492051856.16355383,458941399.2920978,71938.1766322332
5000,Moderate adverse selection,3,0.1,2.5,64659.900008057986,8571.47462433637,36615687.31619717,0.0,0.0,510156628.16580975,477046171.2943537,73231.37463239435
5000,Moderate adverse selection,3,0.25,0.0,0.0,8571.47462433637,10714343.280420462,1.0,0.0,-388653365.9787497,-421763822.85020566,8571.47462433637
5000,Moderate adverse selection,3,0.25,0.05,1293.1980001611598,8571.47462433637,12330840.78062191,1.0,0.0,-369578695.47637266,-402689152.3478286,9864.672624497529
5000,Moderate adverse selection,3,0.25,0.1,2586.3960003223197,8571.47462433637,13947338.280823363,1.0,0.0,-350504024.9739955,-383614481.8454515,11157.87062465869
5000,Moderate adverse selection,3,0.25,0.15,3879.594000483479,8571.47462433637,15563835.781024812,1.0,0.0,-331429354.47161835,-364539811.3430743,12451.068624819849
5000,Moderate adverse selection,3,0.25,0.2,5172.792000644639,8571.47462433637,17180333.281226262,1.0,0.0,-312354683.9692412,-345465140.8406972,13744.26662498101
5000,Moderate adverse selection,3,0.25,0.25,6465.990000805798,8571.47462433637,18796830.78142771,1.0,0.0,-293280013.46686417,-326390470.33832014,15037.46462514217
5000,Moderate adverse selection,3,0.25,0.3,7759.188000966958,8571.47462433637,20413328.28162916,1.0,0.0,-274205342.964487,-307315799.83594304,16330.662625303328
5000,Moderate adverse selection,3,0.25,0.35,9052.386001128118,8571.47462433637,22029825.78183061,1.0,0.0,-255130672.46210995,-288241129.33356595,17623.860625464487
5000,Moderate adverse selection,3,0.25,0.4,10345.584001289279,8571.47462433637,23646323.28203206,1.0,0.0,-236056001.9597328,-269166458.8311888,18917.05862562565
5000,Moderate adverse selection,3,0.25,0.45,11638.782001450438,8571.47462433637,25262820.78223351,1.0,0.0,-216981331.4573557,-250091788.3288117,20210.25662578681
5000,Moderate adverse selection,3,0.25,0.5,12931.980001611597,8571.47462433637,26879318.28243496,1.0,0.0,-197906660.95497862,-231017117.8264346,21503.45462594797
5000,Moderate adverse selection,3,0.25,0.55,14225.178001772758,8571.47462433637,28495815.782636408,1.0,0.0,-178831990.45260152,-211942447.32405752,22796.652626109128
5000,Moderate adverse selection,3,0.25,0.6,15518.376001933915,8571.47462433637,30112313.28283786,1.0,0.0,-159757319.9502244,-192867776.82168043,24089.850626270287
5000,Moderate adverse selection,3,0.25,0.65,16811.574002095076,8571.47462433637,31728810.78303931,1.0,0.0,-140682649.44784728,-173793106.31930327,25383.048626431446
5000,Moderate adverse selection,3,0.25,0.7,18104.772002256235,8571.47462433637,33345308.283240758,1.0,0.0,-121607978.94547024,-154718435.81692624,26676.246626592605
5000,Moderate adverse selection,3,0.25,0.75,19397.970002417394,8571.47462433637,34961805.78344221,1.0,0.0,-102533308.44309309,-135643765.3145491,27969.444626753764
5000,Moderate adverse selection,3,0.25,0.8,20691.168002578557,8571.47462433637,36578303.283643655,1.0,0.0,-83458683.0087021,-116569094.81217201,29262.642626914927
5000,Moderate adverse selection,3,0.25,0.85,21984.366002739713,8571.47462433637,38194800.783845104,0.9999,9.999499987498824e-05,-64384848.25516981,-97494424.30979492,30555.840627076082
5000,Moderate adverse selection,3,0.25,0.9,23277.564002900875,8571.47462433637,39811298.28404655,0.9919,0.000896347588829244,-45318604.66539279,-78419753.80741788,31849.038627237245
5000,Moderate adverse selection,3,0.25,0.95,24570.762003062035,8571.47462433637,41427795.78424801,0.9129,0.0028198154194911404,-26272940.24263468,-59345083.30504061,33142.23662739841
5000,Moderate adverse selection,3,0.25,1.0,25863.960003223194,8571.47462433637,43044293.28444945,0.634,0.00481709456000191,-7237949.241514313,-40281666.06814705,34435.43462755956
5000,Moderate adverse selection,3,0.25,1.05,27157.158003384353,8571.47462433637,44660790.78465091,0.2806,0.004492923769662691,11817110.97569559,-21224993.91660162,35728.632627720726
5000,Moderate adverse selection,3,0.25,1.1,28450.356003545516,8571.47462433637,46277288.284852356,0.0632,0.002433223376511084,30949100.185062926,-2698308.5167167215,37021.830627881885
5000,Moderate adverse selection,3,0.25,1.15,29743.55400370667,8571.47462433637,47893785.785053805,0.0088,0.0009339464652751785,50055500.562912926,16942345.438984286,38315.028628043045
5000,Moderate adverse selection,3,0.25,1.2,31036.75200386783,8571.47462433637,49510283.285255246,0.0003,0.00017317909804592468,69138726.0783008,36028269.20684479,39608.2266282042
5000,Moderate adverse selection,3,0.25,1.25,32329.950004028993,8571.47462433637,51126780.7854567,0.0,0.0,88213396.58067796,55102939.709221944,40901.42462836536
5000,Moderate adverse selection,3,0.25,1.3,33623.14800419015,8571.47462433637,52743278.28565815,0.0,0.0,107288067.08305497,74177610.21159898,42194.62262852652
5000,Moderate adverse selection,3,0.25,1.35,34916.34600435131,8571.47462433637,54359775.7858596,0.0,0.0,126362737.58543213,93252280.71397613,43487.82062868768
5000,Moderate adverse selection,3,0.25,1.4,36209.54400451247,8571.47462433637,55976273.28606105,0.0,0.0,145437408.08780918,112326951.21635316,44781.01862884884
5000,Moderate adverse selection,3,0.25,1.45,37502.74200467363,8571.47462433637,57592770.7862625,0.0,0.0,164512078.59018642,131401621.71873043,46074.21662901
5000,Moderate adverse selection,3,0.25,1.5,38795.94000483479,8571.47462433637,59209268.286463946,0.0,0.0,183586749.09256348,150476292.22110748,47367.41462917116
5000,Moderate adverse selection,3,0.25,1.55,40089.13800499595,8571.47462433637,60825765.786665395,0.0,0.0,202661419.5949405,169550962.72348452,48660.61262933232
5000,Moderate adverse selection,3,0.25,1.6,41382.336005157114,8571.47462433637,62442263.28686686,0.0,0.0,221736090.09731779,188625633.2258618,49953.810629493484
5000,Moderate adverse selection,3,0.25,1.65,42675.534005318266,8571.47462433637,64058760.78706829,0.0,0.0,240810760.59969473,207700303.7282387,51247.008629654636
5000,Moderate adverse selection,3,0.25,1.7,43968.732005479425,8571.47462433637,65675258.28726974,0.0,0.0,259885431.10207188,226774974.23061585,52540.206629815795
5000,Moderate adverse selection,3,0.25,1.75,45261.93000564059,8571.47462433637,67291755.7874712,0.0,0.0,278960101.6044491,245849644.73299313,53833.40462997696
5000,Moderate adverse selection,3,0.25,1.8,46555.12800580175,8571.47462433637,68908253.28767265,0.0,0.0,298034772.1068262,264924315.23537016,55126.60263013812
5000,Moderate adverse selection,3,0.25,1.85,47848.32600596291,8571.47462433637,70524750.7878741,0.0,0.0,317109442.60920334,283998985.7377473,56419.80063029928
5000,Moderate adverse selection,3,0.25,1.9,49141.52400612407,8571.47462433637,72141248.28807555,0.0,0.0,336184113.1115804,303073656.24012434,57712.99863046044
5000,Moderate adverse selection,3,0.25,1.95,50434.72200628523,8571.47462433637,73757745.788277,0.0,0.0,355258783.6139575,322148326.7425015,59006.1966306216
5000,Moderate adverse selection,3,0.25,2.0,51727.92000644639,8571.47462433637,75374243.28847845,0.0,0.0,374333454.1163347,341222997.24487865,60299.39463078276
5000,Moderate adverse selection,3,0.25,2.05,53021.11800660754,8571.47462433637,76990740.78867988,0.0,0.0,393408124.6187114,360297667.74725544,61592.59263094391
5000,Moderate adverse selection,3,0.25,2.1,54314.316006768706,8571.47462433637,78607238.28888135,0.0,0.0,412482795.1210887,379372338.2496327,62885.790631105076
5000,Moderate adverse selection,3,0.25,2.15,55607.514006929865,8571.47462433637,80223735.7890828,0.0,0.0,431557465.6234659,398447008.75200987,64178.988631266235
5000,Moderate adverse selection,3,0.25,2.2,56900.71200709103,8571.47462433637,81840233.28928424,0.0,0.0,450632136.12584287,417521679.2543869,65472.1866314274
5000,Moderate adverse selection,3,0.25,2.25,58193.91000725218,8571.47462433637,83456730.7894857,0.0,0.0,469706806.6282199,436596349.75676394,66765.38463158856
5000,Moderate adverse selection,3,0.25,2.3,59487.10800741334,8571.47462433637,85073228.28968714,0.0,0.0,488781477.13059705,455671020.2591411,68058.58263174971
5000,Moderate adverse selection,3,0.25,2.35,60780.30600757451,8571.47462433637,86689725.7898886,0.0,0.0,507856147.6329743,474745690.76151836,69351.78063191088
5000,Moderate adverse selection,3,0.25,2.4,62073.50400773566,8571.47462433637,88306223.29009004,0.0,0.0,526930818.1353515,493820361.2638955,70644.97863207203
5000,Moderate adverse selection,3,0.25,2.45,63366.70200789683,8571.47462433637,89922720.7902915,0.0,0.0,546005488.6377288,512895031.7662728,71938.1766322332
5000,Moderate adverse selection,3,0.25,2.5,64659.900008057986,8571.47462433637,91539218.29049294,0.0,0.0,565080159.1401056,531969702.2686496,73231.37463239435
5000,Moderate adverse selection,3,0.5,0.0,0.0,8571.47462433637,21428686.560840923,1.0,0.0,-377939022.6983292,-411049479.56978524,8571.47462433637
5000,Moderate adverse selection,3,0.5,0.05,1293.1980001611598,8571.47462433637,24661681.56124382,1.0,0.0,-357247854.6957507,-390358311.5672067,9864.672624497529
5000,Moderate adverse selection,3,0.5,0.1,2586.3960003223197,8571.47462433637,27894676.561646726,1.0,0.0,-336556686.6931721,-369667143.5646281,11157.87062465869
5000,Moderate adverse selection,3,0.5,0.15,3879.594000483479,8571.47462433637,31127671.562049624,1.0,0.0,-315865518.69059354,-348975975.5620495,12451.068624819849
5000,Moderate adverse selection,3,0.5,0.2,5172.792000644639,8571.47462433637,34360666.562452525,1.0,0.0,-295174350.688015,-328284807.559471,13744.26662498101
5000,Moderate adverse selection,3,0.5,0.25,6465.990000805798,8571.47462433637,37593661.56285542,1.0,0.0,-274483182.6854364,-307593639.5568924,15037.46462514217
5000,Moderate adverse selection,3,0.5,0.3,7759.188000966958,8571.47462433637,40826656.56325832,1.0,0.0,-253792014.6828579,-286902471.5543139,16330.662625303328
5000,Moderate adverse selection,3,0.5,0.35,9052.386001128118,8571.47462433637,44059651.56366122,1.0,0.0,-233100846.68027934,-266211303.55173534,17623.860625464487
5000,Moderate adverse selection,3,0.5,0.4,10345.584001289279,8571.47462433637,47292646.56406412,1.0,0.0,-212409678.67770073,-245520135.54915673,18917.05862562565
5000,Moderate adverse selection,3,0.5,0.45,11638.782001450438,8571.47462433637,50525641.56446702,1.0,0.0,-191718510.67512223,-224828967.54657823,20210.25662578681
5000,Moderate adverse selection,3,0.5,0.5,12931.980001611597,8571.47462433637,53758636.56486992,1.0,0.0,-171027342.67254362,-204137799.5439996,21503.45462594797
5000,Moderate adverse selection,3,0.5,0.55,14225.178001772758,8571.47462433637,56991631.565272816,1.0,0.0,-150336174.66996515,-183446631.54142112,22796.652626109128
5000,Moderate adverse selection,3,0.5,0.6,15518.376001933915,8571.47462433637,60224626.56567572,1.0,0.0,-129645006.66738658,-162755463.53884256,24089.850626270287
5000,Moderate adverse selection,3,0.5,0.65,16811.574002095076,8571.47462433637,63457621.56607862,1.0,0.0,-108953838.664808,-142064295.536264,25383.048626431446
5000,Moderate adverse selection,3,0.5,0.7,18104.772002256235,8571.47462433637,66690616.566481516,1.0,0.0,-88262670.66222945,-121373127.53368546,26676.246626592605
5000,Moderate adverse selection,3,0.5,0.75,19397.970002417394,8571.47462433637,69923611.56688441,1.0,0.0,-67571502.65965089,-100681959.5311069,27969.444626753764
5000,Moderate adverse selection,3,0.5,0.8,20691.168002578557,8571.47462433637,73156606.56728731,0.9937,0.0007912212080069626,-46880379.725058444,-79990791.52852835,29262.642626914927
5000,Moderate adverse selection,3,0.5,0.85,21984.366002739713,8571.47462433637,76389601.56769021,0.9108,0.0028503220870631438,-26189224.261994883,-59299623.52594985,30555.840627076082
5000,Moderate adverse selection,3,0.5,0.9,23277.564002900875,8571.47462433637,79622596.5680931,0.5971,0.0049048097822443635,-5500225.181504538,-38608455.523371294,31849.038627237245
5000,Moderate adverse selection,3,0.5,0.95,24570.762003062035,8571.47462433637,82855591.56849602,0.2234,0.004165242369898779,15191077.12372146,-17917287.520792615,33142.23662739841
5000,Moderate adverse selection,3,0.5,1.0,25863.960003223194,8571.47462433637,86088586.5688989,0.0387,0.0019287900352293404,35883744.7468287,2762627.2163024074,34435.43462755956
5000,Moderate adverse selection,3,0.5,1.05,27157.158003384353,8571.47462433637,89321581.56930181,0.0029,0.0005377350648786073,56575505.35582051,23465048.4843645,35728.632627720726
5000,Moderate adverse selection,3,0.5,1.1,28450.356003545516,8571.47462433637,92554576.56970471,0.0,0.0,77266673.358399,44156216.48694299,37021.830627881885
5000,Moderate adverse selection,3,0.5,1.15,29743.55400370667,8571.47462433637,95787571.57010761,0.0,0.0,97957841.36097749,64847384.48952149,38315.028628043045
5000,Moderate adverse selection,3,0.5,1.2,31036.75200386783,8571.47462433637,99020566.57051049,0.0,0.0,118649009.36355601,85538552.49209999,39608.2266282042
5000,Moderate adverse selection,3,0.5,1.25,32329.950004028993,8571.47462433637,102253561.5709134,0.0,0.0,139340177.3661347,106229720.49467872,40901.42462836536
5000,Moderate adverse selection,3,0.5,1.3,33623.14800419015,8571.47462433637,105486556.5713163,0.0,0.0,160031345.36871323,126920888.49725722,42194.62262852652
5000,Moderate adverse selection,3,0.5,1.35,34916.34600435131,8571.47462433637,108719551.5717192,0.0,0.0,180722513.37129173,147612056.49983573,43487.82062868768
5000,Moderate adverse selection,3,0.5,1.4,36209.54400451247,8571.47462433637,111952546.5721221,0.0,0.0,201413681.37387022,168303224.50241423,44781.01862884884
5000,Moderate adverse selection,3,0.5,1.45,37502.74200467363,8571.47462433637,115185541.572525,0.0,0.0,222104849.37644893,188994392.50499296,46074.21662901
5000,Moderate adverse selection,3,0.5,1.5,38795.94000483479,8571.47462433637,118418536.57292789,0.0,0.0,242796017.37902746,209685560.50757146,47367.41462917116
5000,Moderate adverse selection,3,0.5,1.55,40089.13800499595,8571.47462433637,121651531.57333079,0.0,0.0,263487185.38160586,230376728.51014984,48660.61262933232
5000,Moderate adverse selection,3,0.5,1.6,41382.336005157114,8571.47462433637,124884526.57373372,0.0,0.0,284178353.3841846,251067896.51272857,49953.810629493484
5000,Moderate adverse selection,3,0.5,1.65,42675.534005318266,8571.47462433637,128117521.57413658,0.0,0.0,304869521.3867631,271759064.51530707,51247.008629654636
5000,Moderate adverse selection,3,0.5,1.7,43968.732005479425,8571.47462433637,131350516.57453948,0.0,0.0,325560689.3893417,292450232.5178857,52540.206629815795
5000,Moderate adverse selection,3,0.5,1.75,45261.93000564059,8571.47462433637,134583511.5749424,0.0,0.0,346251857.3919204,313141400.5204644,53833.40462997696
5000,Moderate adverse selection,3,0.5,1.8,46555.12800580175,8571.47462433637,137816506.5753453,0.0,0.0,366943025.39449877,333832568.5230428,55126.60263013812
5000,Moderate adverse selection,3,0.5,1.85,47848.32600596291,8571.47462433637,141049501.5757482,0.0,0.0,387634193.39707744,354523736.5256214,56419.80063029928
5000,Moderate adverse selection,3,0.5,1.9,49141.52400612407,8571.47462433637,144282496.5761511,0.0,0.0,408325361.3996559,375214904.5281999,57712.99863046044
5000,Moderate adverse selection,3,0.5,1.95,50434.72200628523,8571.47462433637,147515491.576554,0.0,0.0,429016529.4022344,395906072.5307784,59006.1966306216
5000,Moderate adverse selection,3,0.5,2.0,51727.92000644639,8571.47462433637,150748486.5769569,0.0,0.0,449707697.404813,416597240.533357,60299.39463078276
5000,Moderate adverse selection,3,0.5,2.05,53021.11800660754,8571.47462433637,153981481.57735977,0.0,0.0,470398865.4073914,437288408.5359354,61592.59263094391
5000,Moderate adverse selection,3,0.5,2.1,54314.316006768706,8571.47462433637,157214476.5777627,0.0,0.0,491090033.4099701,457979576.53851414,62885.790631105076
5000,Moderate adverse selection,3,0.5,2.15,55607.514006929865,8571.47462433637,160447471.5781656,0.0,0.0,511781201.41254866,478670744.54109263,64178.988631266235
5000,Moderate adverse selection,3,0.5,2.2,56900.71200709103,8571.47462433637,163680466.5785685,0.0,0.0,532472369.41512716,499361912.54367113,65472.1866314274
5000,Moderate adverse selection,3,0.5,2.25,58193.91000725218,8571.47462433637,166913461.5789714,0.0,0.0,553163537.4177055,520053080.5462496,66765.38463158856
5000,Moderate adverse selection,3,0.5,2.3,59487.10800741334,8571.47462433637,170146456.57937428,0.0,0.0,573854705.420284,540744248.5488281,68058.58263174971
5000,Moderate adverse selection,3,0.5,2.35,60780.30600757451,8571.47462433637,173379451.5797772,0.0,0.0,594545873.4228628,561435416.5514069,69351.78063191088
5000,Moderate adverse selection,3,0.5,2.4,62073.50400773566,8571.47462433637,176612446.58018008,0.0,0.0,615237041.4254416,582126584.5539856,70644.97863207203
5000,Moderate adverse selection,3,0.5,2.45,63366.70200789683,8571.47462433637,179845441.580583,0.0,0.0,635928209.4280204,602817752.5565643,71938.1766322332
5000,Moderate adverse selection,3,0.5,2.5,64659.900008057986,8571.47462433637,183078436.58098587,0.0,0.0,656619377.4305984,623508920.5591424,73231.37463239435
20000,Moderate adverse selection,1,0.0,0.0,0.0,8571.47462433637,0.0,1.0,0.0,-531889183.2129422,-570159069.3460697,8571.47462433637
20000,Moderate adverse selection,1,0.0,0.05,1293.1980001611598,8571.47462433637,0.0,1.0,0.0,-508611619.2100413,-546881505.3431689,9864.672624497529
20000,Moderate adverse selection,1,0.0,0.1,2586.3960003223197,8571.47462433637,0.0,1.0,0.0,-485334055.2071403,-523603941.34026784,11157.87062465869
20000,Moderate adverse selection,1,0.0,0.15,3879.594000483479,8571.47462433637,0.0,1.0,0.0,-462056491.20423955,-500326377.337367,12451.068624819849
20000,Moderate adverse selection,1,0.0,0.2,5172.792000644639,8571.47462433637,0.0,1.0,0.0,-438778927.2013386,-477048813.33446604,13744.26662498101
20000,Moderate adverse selection,1,0.0,0.25,6465.990000805798,8571.47462433637,0.0,1.0,0.0,-415501363.19843775,-453771249.3315652,15037.46462514217
20000,Moderate adverse selection,1,0.0,0.3,7759.188000966958,8571.47462433637,0.0,1.0,0.0,-392223799.1955369,-430493685.32866436,16330.662625303328
20000,Moderate adverse selection,1,0.0,0.35,9052.386001128118,8571.47462433637,0.0,1.0,0.0,-368946235.192636,-407216121.32576346,17623.860625464487
20000,Moderate adverse selection,1,0.0,0.4,10345.584001289279,8571.47462433637,0.0,1.0,0.0,-345668671.1897351,-383938557.32286257,18917.05862562565
20000,Moderate adverse selection,1,0.0,0.45,11638.782001450438,8571.47462433637,0.0,1.0,0.0,-322391107.1868343,-360660993.3199617,20210.25662578681
20000,Moderate adverse selection,1,0.0,0.5,12931.980001611597,8571.47462433637,0.0,1.0,0.0,-299113543.1839334,-337383429.3170608,21503.45462594797
20000,Moderate adverse selection,1,0.0,0.55,14225.178001772758,8571.47462433637,0.0,1.0,0.0,-275835979.18103254,-314105865.31416,22796.652626109128
20000,Moderate adverse selection,1,0.0,0.6,15518.376001933915,8571.47462433637,0.0,1.0,0.0,-252558415.17813164,-290828301.3112591,24089.850626270287
20000,Moderate adverse selection,1,0.0,0.65,16811.574002095076,8571.47462433637,0.0,1.0,0.0,-229280851.1752307,-267550737.30835822,25383.048626431446
20000,Moderate adverse selection,1,0.0,0.7,18104.772002256235,8571.47462433637,0.0,1.0,0.0,-206003287.17232987,-244273173.30545738,26676.246626592605
20000,Moderate adverse selection,1,0.0,0.75,19397.970002417394,8571.47462433637,0.0,1.0,0.0,-182725723.169429,-220995609.30255648,27969.444626753764
20000,Moderate adverse selection,1,0.0,0.8,20691.168002578557,8571.47462433637,0.0,1.0,0.0,-159448159.16652817,-197718045.29965565,29262.642626914927
20000,Moderate adverse selection,1,0.0,0.85,21984.366002739713,8571.47462433637,0.0,1.0,0.0,-136170595.16362736,-174440481.2967548,30555.840627076082
20000,Moderate adverse selection,1,0.0,0.9,23277.564002900875,8571.47462433637,0.0,1.0,0.0,-112893031.16072646,-151162917.29385397,31849.038627237245
20000,Moderate adverse selection,1,0.0,0.95,24570.762003062035,8571.47462433637,0.0,1.0,0.0,-89615467.1578254,-127885353.29095289,33142.23662739841
20000,Moderate adverse selection,1,0.0,1.0,25863.960003223194,8571.47462433637,0.0,0.9994,0.0002448754785600316,-66337903.15492468,-104607789.28805217,34435.43462755956
20000,Moderate adverse selection,1,0.0,1.05,27157.158003384353,8571.47462433637,0.0,0.9695,0.0017195857059187243,-43060339.152023725,-81330225.28515121,35728.632627720726
20000,Moderate adverse selection,1,0.0,1.1,28450.356003545516,8571.47462433637,0.0,0.8015,0.003988705930499264,-19782775.149122886,-58052661.28225037,37021.830627881885
20000,Moderate adverse selection,1,0.0,1.15,29743.55400370667,8571.47462433637,0.0,0.4413,0.004965423546889026,3494788.8537779534,-34775097.27934953,38315.028628043045
20000,Moderate adverse selection,1,0.0,1.2,31036.75200386783,8571.47462433637,0.0,0.1247,0.003303784345262263,26772352.85667879,-11497533.27644869,39608.2266282042
20000,Moderate adverse selection,1,0.0,1.25,32329.950004028993,8571.47462433637,0.0,0.0188,0.0013581811366677127,50049916.85957976,11780030.726452269,40901.42462836536
20000,Moderate adverse selection,1,0.0,1.3,33623.14800419015,8571.47462433637,0.0,0.0008,0.0002827295527531567,73327480.8624806,35057594.72935311,42194.62262852652
20000,Moderate adverse selection,1,0.0,1.35,34916.34600435131,8571.47462433637,0.0,0.0001,9.999499987499375e-05,96605044.86538143,58335158.73225395,43487.82062868768
20000,Moderate adverse selection,1,0.0,1.4,36209.54400451247,8571.47462433637,0.0,0.0,0.0,119882608.86828227,81612722.73515478,44781.01862884884
20000,Moderate adverse selection,1,0.0,1.45,37502.74200467363,8571.47462433637,0.0,0.0,0.0,143160172.87118322,104890286.73805574,46074.21662901
20000,Moderate adverse selection,1,0.0,1.5,38795.94000483479,8571.47462433637,0.0,0.0,0.0,166437736.8740841,128167850.74095657,47367.41462917116
20000,Moderate adverse selection,1,0.0,1.55,40089.13800499595,8571.47462433637,0.0,0.0,0.0,189715300.87698492,151445414.7438574,48660.61262933232
20000,Moderate adverse selection,1,0.0,1.6,41382.336005157114,8571.47462433637,0.0,0.0,0.0,212992864.87988597,174722978.7467585,49953.810629493484
20000,Moderate adverse selection,1,0.0,1.65,42675.534005318266,8571.47462433637,0.0,0.0,0.0,236270428.88278657,198000542.7496591,51247.008629654636
20000,Moderate adverse selection,1,0.0,1.7,43968.732005479425,8571.47462433637,0.0,0.0,0.0,259547992.8856875,221278106.75256005,52540.206629815795
20000,Moderate adverse selection,1,0.0,1.75,45261.93000564059,8571.47462433637,0.0,0.0,0.0,282825556.88858855,244555670.75546113,53833.40462997696
20000,Moderate adverse selection,1,0.0,1.8,46555.12800580175,8571.47462433637,0.0,0.0,0.0,306103120.89148945,267833234.75836197,55126.60263013812
20000,Moderate adverse selection,1,0.0,1.85,47848.32600596291,8571.47462433637,0.0,0.0,0.0,329380684.89439034,291110798.76126283,56419.80063029928
20000,Moderate adverse selection,1,0.0,1.9,49141.52400612407,8571.47462433637,0.0,0.0,0.0,352658248.8972911,314388362.7641637,57712.99863046044
20000,Moderate adverse selection,1,0.0,1.95,50434.72200628523,8571.47462433637,0.0,0.0,0.0,375935812.90019196,337665926.7670645,59006.1966306216
20000,Moderate adverse selection,1,0.0,2.0,51727.92000644639,8571.47462433637,0.0,0.0,0.0,399213376.903093,360943490.76996547,60299.39463078276
20000,Moderate adverse selection,1,0.0,2.05,53021.11800660754,8571.47462433637,0.0,0.0,0.0,422490940.9059936,384221054.7728661,61592.59263094391
20000,Moderate adverse selection,1,0.0,2.1,54314.316006768706,8571.47462433637,0.0,0.0,0.0,445768504.90889466,407498618.77576715,62885.790631105076
20000,Moderate adverse selection,1,0.0,2.15,55607.514006929865,8571.47462433637,0.0,0.0,0.0,469046068.9117955,430776182.778668,64178.988631266235
20000,Moderate adverse selection,1,0.0,2.2,56900.71200709103,8571.47462433637,0.0,0.0,0.0,492323632.9146963,454053746.7815688,65472.1866314274
20000,Moderate adverse selection,1,0.0,2.25,58193.91000725218,8571.47462433637,0.0,0.0,0.0,515601196.9175972,477331310.78446966,66765.38463158856
20000,Moderate adverse selection,1,0.0,2.3,59487.10800741334,8571.47462433637,0.0,0.0,0.0,538878760.9204979,500608874.7873705,68058.58263174971
20000,Moderate adverse selection,1,0.0,2.35,60780.30600757451,8571.47462433637,0.0,0.0,0.0,562156324.923399,523886438.7902716,69351.78063191088
20000,Moderate adverse selection,1,0.0,2.4,62073.50400773566,8571.47462433637,0.0,0.0,0.0,585433888.9262999,547164002.7931724,70644.97863207203
20000,Moderate adverse selection,1,0.0,2.45,63366.70200789683,8571.47462433637,0.0,0.0,0.0,608711452.929201,570441566.7960734,71938.1766322332
20000,Moderate adverse selection,1,0.0,2.5,64659.900008057986,8571.47462433637,0.0,0.0,0.0,631989016.9321016,593719130.798974,73231.37463239435
20000,Moderate adverse selection,1,0.1,0.0,0.0,8571.47462433637,17142949.24867274,1.0,0.0,-514746233.96426946,-553016120.0973969,8571.47462433637
20000,Moderate adverse selection,1,0.1,0.05,1293.1980001611598,8571.47462433637,19729345.24899506,1.0,0.0,-488882273.9610463,-527152160.0941737,9864.672624497529
20000,Moderate adverse selection,1,0.1,0.1,2586.3960003223197,8571.47462433637,22315741.24931738,1.0,0.0,-463018313.95782304,-501288200.0909504,11157.87062465869
20000,Moderate adverse selection,1,0.1,0.15,3879.594000483479,8571.47462433637,24902137.249639697,1.0,0.0,-437154353.9545998,-475424240.08772725,12451.068624819849
20000,Moderate adverse selection,1,0.1,0.2,5172.792000644639,8571.47462433637,27488533.24996202,1.0,0.0,-411290393.9513766,-449560280.08450407,13744.26662498101
20000,Moderate adverse selection,1,0.1,0.25,6465.990000805798,8571.47462433637,30074929.250284337,1.0,0.0,-385426433.94815344,-423696320.0812809,15037.46462514217
20000,Moderate adverse selection,1,0.1,0.3,7759.188000966958,8571.47462433637,32661325.250606656,1.0,0.0,-359562473.94493026,-397832360.0780577,16330.662625303328
20000,Moderate adverse selection,1,0.1,0.35,9052.386001128118,8571.47462433637,35247721.250928976,1.0,0.0,-333698513.941707,-371968400.07483447,17623.860625464487
20000,Moderate adverse selection,1,0.1,0.4,10345.584001289279,8571.47462433637,37834117.2512513,1.0,0.0,-307834553.93848383,-346104440.0716113,18917.05862562565
20000,Moderate adverse selection,1,0.1,0.45,11638.782001450438,8571.47462433637,40420513.25157362,1.0,0.0,-281970593.93526065,-320240480.0683881,20210.25662578681
20000,Moderate adverse selection,1,0.1,0.5,12931.980001611597,8571.47462433637,43006909.251895934,1.0,0.0,-256106633.9320374,-294376520.06516486,21503.45462594797
20000,Moderate adverse selection,1,0.1,0.55,14225.178001772758,8571.47462433637,45593305.252218254,1.0,0.0,-230242673.92881426,-268512560.06194174,22796.652626109128
20000,Moderate adverse selection,1,0.1,0.6,15518.376001933915,8571.47462433637,48179701.25254057,1.0,0.0,-204378713.92559105,-242648600.05871853,24089.850626270287
20000,Moderate adverse selection,1,0.1,0.65,16811.574002095076,8571.47462433637,50766097.25286289,1.0,0.0,-178514753.92236787,-216784640.05549535,25383.048626431446
20000,Moderate adverse selection,1,0.1,0.7,18104.772002256235,8571.47462433637,53352493.25318521,1.0,0.0,-152650793.9191447,-190920680.05227217,26676.246626592605
20000,Moderate adverse selection,1,0.1,0.75,19397.970002417394,8571.47462433637,55938889.253507525,1.0,0.0,-126786833.91592151,-165056720.049049,27969.444626753764
20000,Moderate adverse selection,1,0.1,0.8,20691.168002578557,8571.47462433637,58525285.25382985,1.0,0.0,-100922873.91269831,-139192760.0458258,29262.642626914927
20000,Moderate adverse selection,1,0.1,0.85,21984.366002739713,8571.47462433637,61111681.254152164,0.9998,0.0001414072133945005,-75058913.90947513,-113328800.04260263,30555.840627076082
20000,Moderate adverse selection,1,0.1,0.9,23277.564002900875,8571.47462433637,63698077.25447449,0.9858,0.0011831466519413385,-49194953.90625196,-87464840.03937945,31849.038627237245
20000,Moderate adverse selection,1,0.1,0.95,24570.762003062035,8571.47462433637,66284473.25479682,0.8421,0.0036464721307038674,-23330993.90302854,-61600880.03615602,33142.23662739841
20000,Moderate adverse selection,1,0.1,1.0,25863.960003223194,8571.47462433637,68870869.25511912,0.4556,0.0049802473834138,2532966.1001944025,-35736920.03293308,34435.43462755956
20000,Moderate adverse selection,1,0.1,1.05,27157.158003384353,8571.47462433637,71457265.25544146,0.1104,0.003133876832295743,28396926.103417702,-9872960.029709779,35728.632627720726
20000,Moderate adverse selection,1,0.1,1.1,28450.356003545516,8571.47462433637,74043661.25576377,0.0129,0.0011284320980900887,54260886.10664088,15990999.973513402,37021.830627881885
20000,Moderate adverse selection,1,0.1,1.15,29743.55400370667,8571.47462433637,76630057.2560861,0.0004,0.0001999599959991998,80124846.10986406,41854959.97673658,38315.028628043045
20000,Moderate adverse selection,1,0.1,1.2,31036.75200386783,8571.47462433637,79216453.2564084,0.0,0.0,105988806.11308724,67718919.97995976,39608.2266282042
20000,Moderate adverse selection,1,0.1,1.25,32329.950004028993,8571.47462433637,81802849.25673072,0.0,0.0,131852766.1163104,93582879.98318294,40901.42462836536
20000,Moderate adverse selection,1,0.1,1.3,33623.14800419015,8571.47462433637,84389245.25705305,0.0,0.0,157716726.1195336,119446839.98640612,42194.62262852652
20000,Moderate adverse selection,1,0.1,1.35,34916.34600435131,8571.47462433637,86975641.25737536,0.0,0.0,183580686.12275678,145310799.9896293,43487.82062868768
20000,Moderate adverse selection,1,0.1,1.4,36209.54400451247,8571.47462433637,89562037.25769769,0.0,0.0,209444646.12598,171174759.99285248,44781.01862884884
20000,Moderate adverse selection,1,0.1,1.45,37502.74200467363,8571.47462433637,92148433.25802,0.0,0.0,235308606.12920323,197038719.99607578,46074.21662901
20000,Moderate adverse selection,1,0.1,1.5,38795.94000483479,8571.47462433637,94734829.25834231,0.0,0.0,261172566.13242638,222902679.99929884,47367.41462917116
20000,Moderate adverse selection,1,0.1,1.55,40089.13800499595,8571.47462433637,97321225.25866464,0.0,0.0,287036526.1356495,248766640.00252202,48660.61262933232
20000,Moderate adverse selection,1,0.1,1.6,41382.336005157114,8571.47462433637,99907621.25898696,0.0,0.0,312900486.1388729,274630600.0057455,49953.810629493484
20000,Moderate adverse selection,1,0.1,1.65,42675.534005318266,8571.47462433637,102494017.25930928,0.0,0.0,338764446.1420959,300494560.0089684,51247.008629654636
20000,Moderate adverse selection,1,0.1,1.7,43968.732005479425,8571.47462433637,105080413.25963159,0.0,0.0,364628406.14531916,326358520.0121917,52540.206629815795
20000,Moderate adverse selection,1,0.1,1.75,45261.93000564059,8571.47462433637,107666809.25995392,0.0,0.0,390492366.14854246,352222480.015415,53833.40462997696
20000,Moderate adverse selection,1,0.1,1.8,46555.12800580175,8571.47462433637,110253205.26027624,0.0,0.0,416356326.15176564,378086440.0186382,55126.60263013812
20000,Moderate adverse selection,1,0.1,1.85,47848.32600596291,8571.47462433637,112839601.26059856,0.0,0.0,442220286.15498877,403950400.0218614,56419.80063029928
20000,Moderate adverse selection,1,0.1,1.9,49141.52400612407,8571.47462433637,115425997.26092088,0.0,0.0,468084246.158212,429814360.02508456,57712.99863046044
20000,Moderate adverse selection,1,0.1,1.95,50434.72200628523,8571.47462433637,118012393.2612432,0.0,0.0,493948206.1614351,455678320.02830774,59006.1966306216
20000,Moderate adverse selection,1,0.1,2.0,51727.92000644639,8571.47462433637,120598789.26156552,0.0,0.0,519812166.1646584,481542280.0315309,60299.39463078276
20000,Moderate adverse selection,1,0.1,2.05,53021.11800660754,8571.47462433637,123185185.26188782,0.0,0.0,545676126.1678814,507406240.03475386,61592.59263094391
20000,Moderate adverse selection,1,0.1,2.1,54314.316006768706,8571.47462433637,125771581.26221015,0.0,0.0,571540086.1711048,533270200.0379773,62885.790631105076
20000,Moderate adverse selection,1,0.1,2.15,55607.514006929865,8571.47462433637,128357977.26253247,0.0,0.0,597404046.174328,559134160.0412004,64178.988631266235
20000,Moderate adverse selection,1,0.1,2.2,56900.71200709103,8571.47462433637,130944373.2628548,0.0,0.0,623268006.1775512,584998120.0444236,65472.1866314274
20000,Moderate adverse selection,1,0.1,2.25,58193.91000725218,8571.47462433637,133530769.26317713,0.0,0.0,649131966.1807743,610862080.0476468,66765.38463158856
20000,Moderate adverse selection,1,0.1,2.3,59487.10800741334,8571.47462433637,136117165.26349944,0.0,0.0,674995926.1839975,636726040.05087,68058.58263174971
20000,Moderate adverse selection,1,0.1,2.35,60780.30600757451,8571.47462433637,138703561.26382175,0.0,0.0,700859886.1872208,662590000.0540934,69351.78063191088
20000,Moderate adverse selection,1,0.1,2.4,62073.50400773566,8571.47462433637,141289957.26414406,0.0,0.0,726723846.190444,688453960.0573165,70644.97863207203
20000,Moderate adverse selection,1,0.1,2.45,63366.70200789683,8571.47462433637,143876353.2644664,0.0,0.0,752587806.1936675,714317920.06054,71938.1766322332
20000,Moderate adverse selection,1,0.1,2.5,64659.900008057986,8571.47462433637,146462749.2647887,0.0,0.0,778451766.1968901,740181880.0637627,73231.37463239435
20000,Moderate adverse selection,1,0.25,0.0,0.0,8571.47462433637,42857373.12168185,1.0,0.0,-489031810.0912604,-527301696.22438776,8571.47462433637
20000,Moderate adverse selection,1,0.25,0.05,1293.1980001611598,8571.47462433637,49323363.12248764,1.0,0.0,-459288256.0875536,-497558142.22068113,9864.672624497529
20000,Moderate adverse selection,1,0.25,0.1,2586.3960003223197,8571.47462433637,55789353.12329345,1.0,0.0,-429544702.083847,-467814588.2169744,11157.87062465869
20000,Moderate adverse selection,1,0.25,0.15,3879.594000483479,8571.47462433637,62255343.12409925,1.0,0.0,-399801148.08014023,-438071034.21326774,12451.068624819849
20000,Moderate adverse selection,1,0.25,0.2,5172.792000644639,8571.47462433637,68721333.12490505,1.0,0.0,-370057594.0764336,-408327480.20956105,13744.26662498101
20000,Moderate adverse selection,1,0.25,0.25,6465.990000805798,8571.47462433637,75187323.12571084,1.0,0.0,-340314040.0727269,-378583926.20585436,15037.46462514217
20000,Moderate adverse selection,1,0.25,0.3,7759.188000966958,8571.47462433637,81653313.12651664,1.0,0.0,-310570486.0690203,-348840372.2021477,16330.662625303328
20000,Moderate adverse selection,1,0.25,0.35,9052.386001128118,8571.47462433637,88119303.12732244,1.0,0.0,-280826932.0653136,-319096818.198441,17623.860625464487
20000,Moderate adverse selection,1,0.25,0.4,10345.584001289279,8571.47462433637,94585293.12812825,1.0,0.0,-251083378.06160682,-289353264.19473433,18917.05862562565
20000,Moderate adverse selection,1,0.25,0.45,11638.782001450438,8571.47462433637,101051283.12893404,1.0,0.0,-221339824.05790025,-259609710.19102773,20210.25662578681
20000,Moderate adverse selection,1,0.25,0.5,12931.980001611597,8571.47462433637,107517273.12973984,1.0,0.0,-191596270.05419356,-229866156.18732104,21503.45462594797
20000,Moderate adverse selection,1,0.25,0.55,14225.178001772758,8571.47462433637,113983263.13054563,1.0,0.0,-161852716.05048692,-200122602.1836144,22796.652626109128
20000,Moderate adverse selection,1,0.25,0.6,15518.376001933915,8571.47462433637,120449253.13135144,1.0,0.0,-132109162.04678017,-170379048.17990765,24089.850626270287
20000,Moderate adverse selection,1,0.25,0.65,16811.574002095076,8571.47462433637,126915243.13215724,1.0,0.0,-102365608.04307346,-140635494.17620096,25383.048626431446
20000,Moderate adverse selection,1,0.25,0.7,18104.772002256235,8571.47462433637,133381233.13296303,0.9998,0.0001414072133945005,-72622054.0393669,-110891940.17249438,26676.246626592605
20000,Moderate adverse selection,1,0.25,0.75,19397.970002417394,8571.47462433637,139847223.13376883,0.9692,0.00172775461220626,-42878500.0356602,-81148386.16878769,27969.444626753764
20000,Moderate adverse selection,1,0.25,0.8,20691.168002578557,8571.47462433637,146313213.13457462,0.7076,0.004548650788970285,-13134946.031953506,-51404832.16508099,29262.642626914927
20000,Moderate adverse selection,1,0.25,0.85,21984.366002739713,8571.47462433637,152779203.13538042,0.2333,0.004229315665683989,16608607.97175307,-21661278.161374412,30555.840627076082
20000,Moderate adverse selection,1,0.25,0.9,23277.564002900875,8571.47462433637,159245193.1361862,0.0256,0.0015793872229443926,46352161.97545976,8082275.84233228,31849.038627237245
20000,Moderate adverse selection,1,0.25,0.95,24570.762003062035,8571.47462433637,165711183.13699204,0.0006,0.0002448754785600224,76095715.97916658,37825829.846039094,33142.23662739841
20000,Moderate adverse selection,1,0.25,1.0,25863.960003223194,8571.47462433637,172177173.1377978,0.0,0.0,105839269.98287314,67569383.84974566,34435.43462755956
20000,Moderate adverse selection,1,0.25,1.05,27157.158003384353,8571.47462433637,178643163.13860363,0.0,0.0,135582823.98657998,97312937.85345247,35728.632627720726
20000,Moderate adverse selection,1,0.25,1.1,28450.356003545516,8571.47462433637,185109153.13940942,0.0,0.0,165326377.99028653,127056491.85715905,37021.830627881885
20000,Moderate adverse selection,1,0.25,1.15,29743.55400370667,8571.47462433637,191575143.14021522,0.0,0.0,195069931.9939931,156800045.86086562,38315.028628043045
20000,Moderate adverse selection,1,0.25,1.2,31036.75200386783,8571.47462433637,198041133.14102098,0.0,0.0,224813485.9976998,186543599.86457232,39608.2266282042
20000,Moderate adverse selection,1,0.25,1.25,32329.950004028993,8571.47462433637,204507123.1418268,0.0,0.0,254557040.00140655,216287153.868279,40901.42462836536
20000,Moderate adverse selection,1,0.25,1.3,33623.14800419015,8571.47462433637,210973113.1426326,0.0,0.0,284300594.0051132,246030707.8719857,42194.62262852652
20000,Moderate adverse selection,1,0.25,1.35,34916.34600435131,8571.47462433637,217439103.1434384,0.0,0.0,314044148.0088199,275774261.8756924,43487.82062868768
20000,Moderate adverse selection,1,0.25,1.4,36209.54400451247,8571.47462433637,223905093.1442442,0.0,0.0,343787702.01252645,305517815.879399,44781.01862884884
20000,Moderate adverse selection,1,0.25,1.45,37502.74200467363,8571.47462433637,230371083.14505,0.0,0.0,373531256.0162333,335261369.8831058,46074.21662901
20000,Moderate adverse selection,1,0.25,1.5,38795.94000483479,8571.47462433637,236837073.14585578,0.0,0.0,403274810.01993996,365004923.8868125,47367.41462917116
20000,Moderate adverse selection,1,0.25,1.55,40089.13800499595,8571.47462433637,243303063.14666158,0.0,0.0,433018364.0236464,394748477.89051896,48660.61262933232
20000,Moderate adverse selection,1,0.25,1.6,41382.336005157114,8571.47462433637,249769053.14746743,0.0,0.0,462761918.02735335,424492031.8942259,49953.810629493484
20000,Moderate adverse selection,1,0.25,1.65,42675.534005318266,8571.47462433637,256235043.14827317,0.0,0.0,492505472.03105974,454235585.89793235,51247.008629654636
20000,Moderate adverse selection,1,0.25,1.7,43968.732005479425,8571.47462433637,262701033.14907897,0.0,0.0,522249026.0347665,483979139.90163904,52540.206629815795
20000,Moderate adverse selection,1,0.25,1.75,45261.93000564059,8571.47462433637,269167023.1498848,0.0,0.0,551992580.0384735,513722693.905346,53833.40462997696
20000,Moderate adverse selection,1,0.25,1.8,46555.12800580175,8571.47462433637,275633013.1506906,0.0,0.0,581736134.0421802,543466247.9090526,55126.60263013812
20000,Moderate adverse selection,1,0.25,1.85,47848.32600596291,8571.47462433637,282099003.1514964,0.0,0.0,611479688.0458866,573209801.9127591,56419.80063029928
20000,Moderate adverse selection,1,0.25,1.9,49141.52400612407,8571.47462433637,288564993.1523022,0.0,0.0,641223242.0495932,602953355.9164658,57712.99863046044
20000,Moderate adverse selection,1,0.25,1.95,50434.72200628523,8571.47462433637,295030983.153108,0.0,0.0,670966796.0533,632696909.9201725,59006.1966306216
20000,Moderate adverse selection,1,0.25,2.0,51727.92000644639,8571.47462433637,301496973.1539138,0.0,0.0,700710350.0570066,662440463.9238791,60299.39463078276
20000,Moderate adverse selection,1,0.25,2.05,53021.11800660754,8571.47462433637,307962963.15471953,0.0,0.0,730453904.060713,692184017.9275856,61592.59263094391
20000,Moderate adverse selection,1,0.25,2.1,54314.316006768706,8571.47462433637,314428953.1555254,0.0,0.0,760197458.06442,721927571.9312925,62885.790631105076
20000,Moderate adverse selection,1,0.25,2.15,55607.514006929865,8571.47462433637,320894943.1563312,0.0,0.0,789941012.0681268,751671125.9349992,64178.988631266235
20000,Moderate adverse selection,1,0.25,2.2,56900.71200709103,8571.47462433637,327360933.157137,0.0,0.0,819684566.0718333,781414679.9387057,65472.1866314274
20000,Moderate adverse selection,1,0.25,2.25,58193.91000725218,8571.47462433637,333826923.1579428,0.0,0.0,849428120.07554,811158233.9424124,66765.38463158856
20000,Moderate adverse selection,1,0.25,2.3,59487.10800741334,8571.47462433637,340292913.15874857,0.0,0.0,879171674.0792466,840901787.9461191,68058.58263174971
20000,Moderate adverse selection,1,0.25,2.35,60780.30600757451,8571.47462433637,346758903.1595544,0.0,0.0,908915228.0829536,870645341.949826,69351.78063191088
20000,Moderate adverse selection,1,0.25,2.4,62073.50400773566,8571.47462433637,353224893.16036016,0.0,0.0,938658782.0866599,900388895.9535325,70644.97863207203
20000,Moderate adverse selection,1,0.25,2.45,63366.70200789683,8571.47462433637,359690883.161166,0.0,0.0,968402336.0903668,930132449.9572394,71938.1766322332
20000,Moderate adverse selection,1,0.25,2.5,64659.900008057986,8571.47462433637,366156873.16197175,0.0,0.0,998145890.0940733,959876003.9609458,73231.37463239435
20000,Moderate adverse selection,1,0.5,0.0,0.0,8571.47462433637,85714746.2433637,1.0,0.0,-446174436.96957844,-484444323.1027059,8571.47462433637
20000,Moderate adverse selection,1,0.5,0.05,1293.1980001611598,8571.47462433637,98646726.24497528,1.0,0.0,-409964892.965066,-448234779.09819347,9864.672624497529
20000,Moderate adverse selection,1,0.5,0.1,2586.3960003223197,8571.47462433637,111578706.2465869,1.0,0.0,-373755348.9605534,-412025235.0936809,11157.87062465869
20000,Moderate adverse selection,1,0.5,0.15,3879.594000483479,8571.47462433637,124510686.2481985,1.0,0.0,-337545804.95604104,-375815691.0891685,12451.068624819849
20000,Moderate adverse selection,1,0.5,0.2,5172.792000644639,8571.47462433637,137442666.2498101,1.0,0.0,-301336260.9515285,-339606147.08465594,13744.26662498101
20000,Moderate adverse selection,1,0.5,0.25,6465.990000805798,8571.47462433637,150374646.2514217,1.0,0.0,-265126716.947016,-303396603.0801435,15037.46462514217
20000,Moderate adverse selection,1,0.5,0.3,7759.188000966958,8571.47462433637,163306626.25303328,1.0,0.0,-228917172.9425036,-267187059.0756311,16330.662625303328
20000,Moderate adverse selection,1,0.5,0.35,9052.386001128118,8571.47462433637,176238606.25464487,1.0,0.0,-192707628.9379911,-230977515.07111862,17623.860625464487
20000,Moderate adverse selection,1,0.5,0.4,10345.584001289279,8571.47462433637,189170586.2562565,1.0,0.0,-156498084.93347862,-194767971.06660613,18917.05862562565
20000,Moderate adverse selection,1,0.5,0.45,11638.782001450438,8571.47462433637,202102566.25786808,1.0,0.0,-120288540.92896621,-158558427.0620937,20210.25662578681
20000,Moderate adverse selection,1,0.5,0.5,12931.980001611597,8571.47462433637,215034546.25947967,1.0,0.0,-84078996.92445366,-122348883.05758116,21503.45462594797
20000,Moderate adverse selection,1,0.5,0.55,14225.178001772758,8571.47462433637,227966526.26109126,0.9836,0.0012700803124212252,-47869452.91994124,-86139339.05306873,22796.652626109128
20000,Moderate adverse selection,1,0.5,0.6,15518.376001933915,8571.47462433637,240898506.26270288,0.6861,0.004640762760581497,-11659908.915428808,-49929795.04855629,24089.850626270287
20000,Moderate adverse selection,1,0.5,0.65,16811.574002095076,8571.47462433637,253830486.26431447,0.1446,0.0035169708557222933,24549635.08908374,-13720251.044043742,25383.048626431446
20000,Moderate adverse selection,1,0.5,0.7,18104.772002256235,8571.47462433637,266762466.26592606,0.0062,0.0007849560497250785,60759179.09359617,22489292.960468687,26676.246626592605
20000,Moderate adverse selection,1,0.5,0.75,19397.970002417394,8571.47462433637,279694446.26753765,0.0001,9.999499987499375e-05,96968723.09810859,58698836.96498112,27969.444626753764
20000,Moderate adverse selection,1,0.5,0.8,20691.168002578557,8571.47462433637,292626426.26914924,0.0,0.0,133178267.10262114,94908380.96949366,29262.642626914927
20000,Moderate adverse selection,1,0.5,0.85,21984.366002739713,8571.47462433637,305558406.27076083,0.0,0.0,169387811.10713345,131117924.97400597,30555.840627076082
20000,Moderate adverse selection,1,0.5,0.9,23277.564002900875,8571.47462433637,318490386.2723724,0.0,0.0,205597355.111646,167327468.97851852,31849.038627237245
20000,Moderate adverse selection,1,0.5,0.95,24570.762003062035,8571.47462433637,331422366.2739841,0.0,0.0,241806899.1161587,203537012.98303118,33142.23662739841
20000,Moderate adverse selection,1,0.5,1.0,25863.960003223194,8571.47462433637,344354346.2755956,0.0,0.0,278016443.1206709,239746556.98754337,34435.43462755956
20000,Moderate adverse selection,1,0.5,1.05,27157.158003384353,8571.47462433637,357286326.27720726,0.0,0.0,314225987.1251835,275956100.9920561,35728.632627720726
20000,Moderate adverse selection,1,0.5,1.1,28450.356003545516,8571.47462433637,370218306.27881885,0.0,0.0,350435531.129696,312165644.9965685,37021.830627881885
20000,Moderate adverse selection,1,0.5,1.15,29743.55400370667,8571.47462433637,383150286.28043044,0.0,0.0,386645075.1342084,348375189.00108093,38315.028628043045
20000,Moderate adverse selection,1,0.5,1.2,31036.75200386783,8571.47462433637,396082266.28204197,0.0,0.0,422854619.1387208,384584733.00559336,39608.2266282042
20000,Moderate adverse selection,1,0.5,1.25,32329.950004028993,8571.47462433637,409014246.2836536,0.0,0.0,459064163.1432334,420794277.0101059,40901.42462836536
20000,Moderate adverse selection,1,0.5,1.3,33623.14800419015,8571.47462433637,421946226.2852652,0.0,0.0,495273707.1477457,457003821.0146182,42194.62262852652
20000,Moderate adverse selection,1,0.5,1.35,34916.34600435131,8571.47462433637,434878206.2868768,0.0,0.0,531483251.1522582,493213365.01913077,43487.82062868768
20000,Moderate adverse selection,1,0.5,1.4,36209.54400451247,8571.47462433637,447810186.2884884,0.0,0.0,567692795.1567708,529422909.0236433,44781.01862884884
20000,Moderate adverse selection,1,0.5,1.45,37502.74200467363,8571.47462433637,460742166.2901,0.0,0.0,603902339.1612831,565632453.0281556,46074.21662901
20000,Moderate adverse selection,1,0.5,1.5,38795.94000483479,8571.47462433637,473674146.29171157,0.0,0.0,640111883.1657956,601841997.0326681,47367.41462917116
20000,Moderate adverse selection,1,0.5,1.55,40089.13800499595,8571.47462433637,486606126.29332316,0.0,0.0,676321427.1703082,638051541.0371807,48660.61262933232
20000,Moderate adverse selection,1,0.5,1.6,41382.336005157114,8571.47462433637,499538106.29493487,0.0,0.0,712530971.174821,674261085.0416934,49953.810629493484
20000,Moderate adverse selection,1,0.5,1.65,42675.534005318266,8571.47462433637,512470086.29654634,0.0,0.0,748740515.1793329,710470629.0462053,51247.008629654636
20000,Moderate adverse selection,1,0.5,1.7,43968.732005479425,8571.47462433637,525402066.29815793,0.0,0.0,784950059.1838456,746680173.0507181,52540.206629815795
20000,Moderate adverse selection,1,0.5,1.75,45261.93000564059,8571.47462433637,538334046.2997696,0.0,0.0,821159603.1883584,782889717.0552309,53833.40462997696
20000,Moderate adverse selection,1,0.5,1.8,46555.12800580175,8571.47462433637,551266026.3013812,0.0,0.0,857369147.1928707,819099261.0597432,55126.60263013812
20000,Moderate adverse selection,1,0.5,1.85,47848.32600596291,8571.47462433637,564198006.3029928,0.0,0.0,893578691.197383,855308805.0642555,56419.80063029928
20000,Moderate adverse selection,1,0.5,1.9,49141.52400612407,8571.47462433637,577129986.3046044,0.0,0.0,929788235.2018955,891518349.068768,57712.99863046044
20000,Moderate adverse selection,1,0.5,1.95,50434.72200628523,8571.47462433637,590061966.306216,0.0,0.0,965997779.206408,927727893.0732806,59006.1966306216
20000,Moderate adverse selection,1,0.5,2.0,51727.92000644639,8571.47462433637,602993946.3078276,0.0,0.0,1002207323.2109203,963937437.0777929,60299.39463078276
20000,Moderate adverse selection,1,0.5,2.05,53021.11800660754,8571.47462433637,615925926.3094391,0.0,0.0,1038416867.2154326,1000146981.0823052,61592.59263094391
20000,Moderate adverse selection,1,0.5,2.1,54314.316006768706,8571.47462433637,628857906.3110508,0.0,0.0,1074626411.2199454,1036356525.086818,62885.790631105076
20000,Moderate adverse selection,1,0.5,2.15,55607.514006929865,8571.47462433637,641789886.3126624,0.0,0.0,1110835955.2244577,1072566069.0913303,64178.988631266235
20000,Moderate adverse selection,1,0.5,2.2,56900.71200709103,8571.47462433637,654721866.314274,0.0,0.0,1147045499.22897,1108775613.0958426,65472.1866314274
20000,Moderate adverse selection,1,0.5,2.25,58193.91000725218,8571.47462433637,667653846.3158855,0.0,0.0,1183255043.2334826,1144985157.1003551,66765.38463158856
20000,Moderate adverse selection,1,0.5,2.3,59487.10800741334,8571.47462433637,680585826.3174971,0.0,0.0,1219464587.2379954,1181194701.1048677,68058.58263174971
20000,Moderate adverse selection,1,0.5,2.35,60780.30600757451,8571.47462433637,693517806.3191088,0.0,0.0,1255674131.242508,1217404245.1093805,69351.78063191088
20000,Moderate adverse selection,1,0.5,2.4,62073.50400773566,8571.47462433637,706449786.3207203,0.0,0.0,1291883675.2470202,1253613789.1138928,70644.97863207203
20000,Moderate adverse selection,1,0.5,2.45,63366.70200789683,8571.47462433637,719381766.322332,0.0,0.0,1328093219.2515333,1289823333.1184056,71938.1766322332
20000,Moderate adverse selection,1,0.5,2.5,64659.900008057986,8571.47462433637,732313746.3239435,0.0,0.0,1364302763.2560449,1326032877.1229174,73231.37463239435
20000,Moderate adverse selection,3,0.0,0.0,0.0,8571.47462433637,0.0,1.0,0.0,-1595295500.0333052,-1661991982.8231275,8571.47462433637
20000,Moderate adverse selection,3,0.0,0.05,1293.1980001611598,8571.47462433637,0.0,1.0,0.0,-1525462808.0246024,-1592159290.814425,9864.672624497529
20000,Moderate adverse selection,3,0.0,0.1,2586.3960003223197,8571.47462433637,0.0,1.0,0.0,-1455630116.0158997,-1522326598.8057222,11157.87062465869
20000,Moderate adverse selection,3,0.0,0.15,3879.594000483479,8571.47462433637,0.0,1.0,0.0,-1385797424.007197,-1452493906.7970195,12451.068624819849
20000,Moderate adverse selection,3,0.0,0.2,5172.792000644639,8571.47462433637,0.0,1.0,0.0,-1315964731.9984946,-1382661214.788317,13744.26662498101
20000,Moderate adverse selection,3,0.0,0.25,6465.990000805798,8571.47462433637,0.0,1.0,0.0,-1246132039.9897919,-1312828522.7796144,15037.46462514217
20000,Moderate adverse selection,3,0.0,0.3,7759.188000966958,8571.47462433637,0.0,1.0,0.0,-1176299347.981089,-1242995830.7709117,16330.662625303328
20000,Moderate adverse selection,3,0.0,0.35,9052.386001128118,8571.47462433637,0.0,1.0,0.0,-1106466655.9723868,-1173163138.7622092,17623.860625464487
20000,Moderate adverse selection,3,0.0,0.4,10345.584001289279,8571.47462433637,0.0,1.0,0.0,-1036633963.9636838,-1103330446.7535064,18917.05862562565
20000,Moderate adverse selection,3,0.0,0.45,11638.782001450438,8571.47462433637,0.0,1.0,0.0,-966801271.9549812,-1033497754.7448039,20210.25662578681
20000,Moderate adverse selection,3,0.0,0.5,12931.980001611597,8571.47462433637,0.0,1.0,0.0,-896968579.9462786,-963665062.7361012,21503.45462594797
20000,Moderate adverse selection,3,0.0,0.55,14225.178001772758,8571.47462433637,0.0,1.0,0.0,-827135887.9375759,-893832370.7273986,22796.652626109128
20000,Moderate adverse selection,3,0.0,0.6,15518.376001933915,8571.47462433637,0.0,1.0,0.0,-757303195.9288735,-823999678.7186961,24089.850626270287
20000,Moderate adverse selection,3,0.0,0.65,16811.574002095076,8571.47462433637,0.0,1.0,0.0,-687470503.9201708,-754166986.7099934,25383.048626431446
20000,Moderate adverse selection,3,0.0,0.7,18104.772002256235,8571.47462433637,0.0,1.0,0.0,-617637811.9114683,-684334294.7012908,26676.246626592605
20000,Moderate adverse selection,3,0.0,0.75,19397.970002417394,8571.47462433637,0.0,1.0,0.0,-547805119.9027654,-614501602.6925881,27969.444626753764
20000,Moderate adverse selection,3,0.0,0.8,20691.168002578557,8571.47462433637,0.0,1.0,0.0,-477972427.8940631,-544668910.6838856,29262.642626914927
20000,Moderate adverse selection,3,0.0,0.85,21984.366002739713,8571.47462433637,0.0,1.0,0.0,-408139735.8853604,-474836218.6751831,30555.840627076082
20000,Moderate adverse selection,3,0.0,0.9,23277.564002900875,8571.47462433637,0.0,1.0,0.0,-338307043.876658,-405003526.6664806,31849.038627237245
20000,Moderate adverse selection,3,0.0,0.95,24570.762003062035,8571.47462433637,0.0,1.0,0.0,-268474351.8679547,-335170834.65777737,33142.23662739841
20000,Moderate adverse selection,3,0.0,1.0,25863.960003223194,8571.47462433637,0.0,1.0,0.0,-198650813.4082574,-265338142.6490751,34435.43462755956
20000,Moderate adverse selection,3,0.0,1.05,27157.158003384353,8571.47462433637,0.0,0.9999,9.999499987498824e-05,-129059104.80643262,-195505450.64037234,35728.632627720726
20000,Moderate adverse selection,3,0.0,1.1,28450.356003545516,8571.47462433637,0.0,0.962,0.001911962342725401,-61846995.724261254,-125712085.03332213,37021.830627881885
20000,Moderate adverse selection,3,0.0,1.15,29743.55400370667,8571.47462433637,0.0,0.6024,0.00489401920715479,914938.6981656399,-60053467.771680355,38315.028628043045
20000,Moderate adverse selection,3,0.0,1.2,31036.75200386783,8571.47462433637,0.0,0.149,0.0035608847215263793,73005238.31101769,-15576098.399221752,39608.2266282042
20000,Moderate adverse selection,3,0.0,1.25,32329.950004028993,8571.47462433637,0.0,0.0194,0.0013792621215708057,148525888.29568896,77690921.32326366,40901.42462836536
20000,Moderate adverse selection,3,0.0,1.3,33623.14800419015,8571.47462433637,0.0,0.0008,0.0002827295527531567,220242291.3487727,153651509.48706764,42194.62262852652
20000,Moderate adverse selection,3,0.0,1.35,34916.34600435131,8571.47462433637,0.0,0.0001,9.999499987499375e-05,290166119.8879909,223490701.41184324,43487.82062868768
20000,Moderate adverse selection,3,0.0,1.4,36209.54400451247,8571.47462433637,0.0,0.0,0.0,360019876.21036816,293323393.4205455,44781.01862884884
20000,Moderate adverse selection,3,0.0,1.45,37502.74200467363,8571.47462433637,0.0,0.0,0.0,429852568.2190714,363156085.42924875,46074.21662901
20000,Moderate adverse selection,3,0.0,1.5,38795.94000483479,8571.47462433637,0.0,0.0,0.0,499685260.2277736,432988777.437951,47367.41462917116
20000,Moderate adverse selection,3,0.0,1.55,40089.13800499595,8571.47462433637,0.0,0.0,0.0,569517952.236476,502821469.4466533,48660.61262933232
20000,Moderate adverse selection,3,0.0,1.6,41382.336005157114,8571.47462433637,0.0,0.0,0.0,639350644.2451792,572654161.4553566,49953.810629493484
20000,Moderate adverse selection,3,0.0,1.65,42675.534005318266,8571.47462433637,0.0,0.0,0.0,709183336.2538815,642486853.4640589,51247.008629654636
20000,Moderate adverse selection,3,0.0,1.7,43968.732005479425,8571.47462433637,0.0,0.0,0.0,779016028.2625842,712319545.4727616,52540.206629815795
20000,Moderate adverse selection,3,0.0,1.75,45261.93000564059,8571.47462433637,0.0,0.0,0.0,848848720.2712874,782152237.4814649,53833.40462997696
20000,Moderate adverse selection,3,0.0,1.8,46555.12800580175,8571.47462433637,0.0,0.0,0.0,918681412.2799896,851984929.4901671,55126.60263013812
20000,Moderate adverse selection,3,0.0,1.85,47848.32600596291,8571.47462433637,0.0,0.0,0.0,988514104.2886926,921817621.4988699,56419.80063029928
20000,Moderate adverse selection,3,0.0,1.9,49141.52400612407,8571.47462433637,0.0,0.0,0.0,1058346796.2973949,991650313.5075722,57712.99863046044
20000,Moderate adverse selection,3,0.0,1.95,50434.72200628523,8571.47462433637,0.0,0.0,0.0,1128179488.3060975,1061483005.5162749,59006.1966306216
20000,Moderate adverse selection,3,0.0,2.0,51727.92000644639,8571.47462433637,0.0,0.0,0.0,1198012180.3148005,1131315697.5249777,60299.39463078276
20000,Moderate adverse selection,3,0.0,2.05,53021.11800660754,8571.47462433637,0.0,0.0,0.0,1267844872.323502,1201148389.5336795,61592.59263094391
20000,Moderate adverse selection,3,0.0,2.1,54314.316006768706,8571.47462433637,0.0,0.0,0.0,1337677564.3322053,1270981081.5423827,62885.790631105076
20000,Moderate adverse selection,3,0.0,2.15,55607.514006929865,8571.47462433637,0.0,0.0,0.0,1407510256.3409083,1340813773.5510855,64178.988631266235
20000,Moderate adverse selection,3,0.0,2.2,56900.71200709103,8571.47462433637,0.0,0.0,0.0,1477342948.3496103,1410646465.5597878,65472.1866314274
20000,Moderate adverse selection,3,0.0,2.25,58193.91000725218,8571.47462433637,0.0,0.0,0.0,1547175640.3583126,1480479157.56849,66765.38463158856
20000,Moderate adverse selection,3,0.0,2.3,59487.10800741334,8571.47462433637,0.0,0.0,0.0,1617008332.3670151,1550311849.5771928,68058.58263174971
20000,Moderate adverse selection,3,0.0,2.35,60780.30600757451,8571.47462433637,0.0,0.0,0.0,1686841024.3757186,1620144541.585896,69351.78063191088
20000,Moderate adverse selection,3,0.0,2.4,62073.50400773566,8571.47462433637,0.0,0.0,0.0,1756673716.3844216,1689977233.5945988,70644.97863207203
20000,Moderate adverse selection,3,0.0,2.45,63366.70200789683,8571.47462433637,0.0,0.0,0.0,1826506408.3931246,1759809925.603302,71938.1766322332
20000,Moderate adverse selection,3,0.0,2.5,64659.900008057986,8571.47462433637,0.0,0.0,0.0,1896339100.4018257,1829642617.6120033,73231.37463239435
20000,Moderate adverse selection,3,0.1,0.0,0.0,8571.47462433637,17142949.24867274,1.0,0.0,-1578152550.7846322,-1644849033.5744548,8571.47462433637
20000,Moderate adverse selection,3,0.1,0.05,1293.1980001611598,8571.47462433637,19729345.24899506,1.0,0.0,-1505733462.7756073,-1572429945.56543,9864.672624497529
20000,Moderate adverse selection,3,0.1,0.1,2586.3960003223197,8571.47462433637,22315741.24931738,1.0,0.0,-1433314374.7665823,-1500010857.5564048,11157.87062465869
20000,Moderate adverse selection,3,0.1,0.15,3879.594000483479,8571.47462433637,24902137.249639697,1.0,0.0,-1360895286.7575574,-1427591769.54738,12451.068624819849
20000,Moderate adverse selection,3,0.1,0.2,5172.792000644639,8571.47462433637,27488533.24996202,1.0,0.0,-1288476198.7485325,-1355172681.5383549,13744.26662498101
20000,Moderate adverse selection,3,0.1,0.25,6465.990000805798,8571.47462433637,30074929.250284337,1.0,0.0,-1216057110.7395074,-1282753593.52933,15037.46462514217
20000,Moderate adverse selection,3,0.1,0.3,7759.188000966958,8571.47462433637,32661325.250606656,1.0,0.0,-1143638022.7304826,-1210334505.5203052,16330.662625303328
20000,Moderate adverse selection,3,0.1,0.35,9052.386001128118,8571.47462433637,35247721.250928976,1.0,0.0,-1071218934.7214576,-1137915417.51128,17623.860625464487
20000,Moderate adverse selection,3,0.1,0.4,10345.584001289279,8571.47462433637,37834117.2512513,1.0,0.0,-998799846.7124324,-1065496329.5022551,18917.05862562565
20000,Moderate adverse selection,3,0.1,0.45,11638.782001450438,8571.47462433637,40420513.25157362,1.0,0.0,-926380758.7034078,-993077241.4932303,20210.25662578681
20000,Moderate adverse selection,3,0.1,0.5,12931.980001611597,8571.47462433637,43006909.251895934,1.0,0.0,-853961670.6943827,-920658153.4842052,21503.45462594797
20000,Moderate adverse selection,3,0.1,0.55,14225.178001772758,8571.47462433637,45593305.252218254,1.0,0.0,-781542582.6853578,-848239065.4751804,22796.652626109128
20000,Moderate adverse selection,3,0.1,0.6,15518.376001933915,8571.47462433637,48179701.25254057,1.0,0.0,-709123494.676333,-775819977.4661555,24089.850626270287
20000,Moderate adverse selection,3,0.1,0.65,16811.574002095076,8571.47462433637,50766097.25286289,1.0,0.0,-636704406.6673079,-703400889.4571304,25383.048626431446
20000,Moderate adverse selection,3,0.1,0.7,18104.772002256235,8571.47462433637,53352493.25318521,1.0,0.0,-564285318.658283,-630981801.4481056,26676.246626592605
20000,Moderate adverse selection,3,0.1,0.75,19397.970002417394,8571.47462433637,55938889.253507525,1.0,0.0,-491866230.6492579,-558562713.4390805,27969.444626753764
20000,Moderate adverse selection,3,0.1,0.8,20691.168002578557,8571.47462433637,58525285.25382985,1.0,0.0,-419447142.640233,-486143625.4300557,29262.642626914927
20000,Moderate adverse selection,3,0.1,0.85,21984.366002739713,8571.47462433637,61111681.254152164,1.0,0.0,-347028054.6312084,-413724537.42103106,30555.840627076082
20000,Moderate adverse selection,3,0.1,0.9,23277.564002900875,8571.47462433637,63698077.25447449,1.0,0.0,-274608966.62218356,-341305449.4120062,31849.038627237245
20000,Moderate adverse selection,3,0.1,0.95,24570.762003062035,8571.47462433637,66284473.25479682,1.0,0.0,-202189878.613158,-268886361.4029806,33142.23662739841
20000,Moderate adverse selection,3,0.1,1.0,25863.960003223194,8571.47462433637,68870869.25511912,0.9997,0.00017317909804591517,-129779944.15313832,-196467273.393956,34435.43462755956
20000,Moderate adverse selection,3,0.1,1.05,27157.158003384353,8571.47462433637,71457265.25544146,0.9291,0.0025665772928162513,-57515505.78832134,-124048185.38493091,35728.632627720726
20000,Moderate adverse selection,3,0.1,1.1,28450.356003545516,8571.47462433637,74043661.25576377,0.3654,0.004815421476880295,14696290.009227954,-51668423.77755835,37021.830627881885
20000,Moderate adverse selection,3,0.1,1.15,29743.55400370667,8571.47462433637,76630057.2560861,0.0189,0.0013617191340360903,87426244.06350367,20630588.312851142,38315.028628043045
20000,Moderate adverse selection,3,0.1,1.2,31036.75200386783,8571.47462433637,79216453.2564084,0.0001,9.999499987499375e-05,159904047.41217119,93209078.64214367,39608.2266282042
20000,Moderate adverse selection,3,0.1,1.25,32329.950004028993,8571.47462433637,81802849.25673072,0.0,0.0,232324649.4409914,165628166.65116876,40901.42462836536
20000,Moderate adverse selection,3,0.1,1.3,33623.14800419015,8571.47462433637,84389245.25705305,0.0,0.0,304743737.450016,238047254.66019338,42194.62262852652
20000,Moderate adverse selection,3,0.1,1.35,34916.34600435131,8571.47462433637,86975641.25737536,0.0,0.0,377162825.4590411,310466342.6692185,43487.82062868768
20000,Moderate adverse selection,3,0.1,1.4,36209.54400451247,8571.47462433637,89562037.25769769,0.0,0.0,449581913.4680658,382885430.6782431,44781.01862884884
20000,Moderate adverse selection,3,0.1,1.45,37502.74200467363,8571.47462433637,92148433.25802,0.0,0.0,522001001.4770913,455304518.6872687,46074.21662901
20000,Moderate adverse selection,3,0.1,1.5,38795.94000483479,8571.47462433637,94734829.25834231,0.0,0.0,594420089.4861159,527723606.6962933,47367.41462917116
20000,Moderate adverse selection,3,0.1,1.55,40089.13800499595,8571.47462433637,97321225.25866464,0.0,0.0,666839177.4951406,600142694.705318,48660.61262933232
20000,Moderate adverse selection,3,0.1,1.6,41382.336005157114,8571.47462433637,99907621.25898696,0.0,0.0,739258265.5041661,672561782.7143435,49953.810629493484
20000,Moderate adverse selection,3,0.1,1.65,42675.534005318266,8571.47462433637,102494017.25930928,0.0,0.0,811677353.5131909,744980870.7233682,51247.008629654636
20000,Moderate adverse selection,3,0.1,1.7,43968.732005479425,8571.47462433637,105080413.25963159,0.0,0.0,884096441.5222158,817399958.7323933,52540.206629815795
20000,Moderate adverse selection,3,0.1,1.75,45261.93000564059,8571.47462433637,107666809.25995392,0.0,0.0,956515529.5312414,889819046.7414188,53833.40462997696
20000,Moderate adverse selection,3,0.1,1.8,46555.12800580175,8571.47462433637,110253205.26027624,0.0,0.0,1028934617.540266,962238134.7504435,55126.60263013812
20000,Moderate adverse selection,3,0.1,1.85,47848.32600596291,8571.47462433637,112839601.26059856,0.0,0.0,1101353705.5492911,1034657222.7594686,56419.80063029928
20000,Moderate adverse selection,3,0.1,1.9,49141.52400612407,8571.47462433637,115425997.26092088,0.0,0.0,1173772793.5583158,1107076310.7684932,57712.99863046044
20000,Moderate adverse selection,3,0.1,1.95,50434.72200628523,8571.47462433637,118012393.2612432,0.0,0.0,1246191881.5673409,1179495398.7775183,59006.1966306216
20000,Moderate adverse selection,3,0.1,2.0,51727.92000644639,8571.47462433637,120598789.26156552,0.0,0.0,1318610969.5763657,1251914486.7865434,60299.39463078276
20000,Moderate adverse selection,3,0.1,2.05,53021.11800660754,8571.47462433637,123185185.26188782,0.0,0.0,1391030057.5853903,1324333574.7955675,61592.59263094391
20000,Moderate adverse selection,3,0.1,2.1,54314.316006768706,8571.47462433637,125771581.26221015,0.0,0.0,1463449145.5944157,1396752662.804593,62885.790631105076
20000,Moderate adverse selection,3,0.1,2.15,55607.514006929865,8571.47462433637,128357977.26253247,0.0,0.0,1535868233.6034403,1469171750.8136177,64178.988631266235
20000,Moderate adverse selection,3,0.1,2.2,56900.71200709103,8571.47462433637,130944373.2628548,0.0,0.0,1608287321.612465,1541590838.8226423,65472.1866314274
20000,Moderate adverse selection,3,0.1,2.25,58193.91000725218,8571.47462433637,133530769.26317713,0.0,0.0,1680706409.6214895,1614009926.831667,66765.38463158856
20000,Moderate adverse selection,3,0.1,2.3,59487.10800741334,8571.47462433637,136117165.26349944,0.0,0.0,1753125497.6305144,1686429014.840692,68058.58263174971
20000,Moderate adverse selection,3,0.1,2.35,60780.30600757451,8571.47462433637,138703561.26382175,0.0,0.0,1825544585.6395407,1758848102.8497176,69351.78063191088
20000,Moderate adverse selection,3,0.1,2.4,62073.50400773566,8571.47462433637,141289957.26414406,0.0,0.0,1897963673.6485653,1831267190.8587427,70644.97863207203
20000,Moderate adverse selection,3,0.1,2.45,63366.70200789683,8571.47462433637,143876353.2644664,0.0,0.0,1970382761.6575906,1903686278.8677683,71938.1766322332
20000,Moderate adverse selection,3,0.1,2.5,64659.900008057986,8571.47462433637,146462749.2647887,0.0,0.0,2042801849.6666145,1976105366.876792,73231.37463239435
20000,Moderate adverse selection,3,0.25,0.0,0.0,8571.47462433637,42857373.12168185,1.0,0.0,-1552438126.911623,-1619134609.7014456,8571.47462433637
20000,Moderate adverse selection,3,0.25,0.05,1293.1980001611598,8571.47462433637,49323363.12248764,1.0,0.0,-1476139444.9021149,-1542835927.6919374,9864.672624497529
20000,Moderate adverse selection,3,0.25,0.1,2586.3960003223197,8571.47462433637,55789353.12329345,1.0,0.0,-1399840762.8926063,-1466537245.6824288,11157.87062465869
20000,Moderate adverse selection,3,0.25,0.15,3879.594000483479,8571.47462433637,62255343.12409925,1.0,0.0,-1323542080.8830976,-1390238563.6729202,12451.068624819849
20000,Moderate adverse selection,3,0.25,0.2,5172.792000644639,8571.47462433637,68721333.12490505,1.0,0.0,-1247243398.8735893,-1313939881.6634119,13744.26662498101
20000,Moderate adverse selection,3,0.25,0.25,6465.990000805798,8571.47462433637,75187323.12571084,1.0,0.0,-1170944716.864081,-1237641199.6539035,15037.46462514217
20000,Moderate adverse selection,3,0.25,0.3,7759.188000966958,8571.47462433637,81653313.12651664,1.0,0.0,-1094646034.8545725,-1161342517.644395,16330.662625303328
20000,Moderate adverse selection,3,0.25,0.35,9052.386001128118,8571.47462433637,88119303.12732244,1.0,0.0,-1018347352.845064,-1085043835.6348867,17623.860625464487
20000,Moderate adverse selection,3,0.25,0.4,10345.584001289279,8571.47462433637,94585293.12812825,1.0,0.0,-942048670.8355554,-1008745153.6253781,18917.05862562565
20000,Moderate adverse selection,3,0.25,0.45,11638.782001450438,8571.47462433637,101051283.12893404,1.0,0.0,-865749988.8260471,-932446471.6158698,20210.25662578681
20000,Moderate adverse selection,3,0.25,0.5,12931.980001611597,8571.47462433637,107517273.12973984,1.0,0.0,-789451306.8165388,-856147789.6063614,21503.45462594797
20000,Moderate adverse selection,3,0.25,0.55,14225.178001772758,8571.47462433637,113983263.13054563,1.0,0.0,-713152624.8070304,-779849107.596853,22796.652626109128
20000,Moderate adverse selection,3,0.25,0.6,15518.376001933915,8571.47462433637,120449253.13135144,1.0,0.0,-636853942.7975221,-703550425.5873446,24089.850626270287
20000,Moderate adverse selection,3,0.25,0.65,16811.574002095076,8571.47462433637,126915243.13215724,1.0,0.0,-560555260.7880135,-627251743.577836,25383.048626431446
20000,Moderate adverse selection,3,0.25,0.7,18104.772002256235,8571.47462433637,133381233.13296303,1.0,0.0,-484256578.77850527,-550953061.5683279,26676.246626592605
20000,Moderate adverse selection,3,0.25,0.75,19397.970002417394,8571.47462433637,139847223.13376883,1.0,0.0,-407957896.76899666,-474654379.55881935,27969.444626753764
20000,Moderate adverse selection,3,0.25,0.8,20691.168002578557,8571.47462433637,146313213.13457462,1.0,0.0,-331659214.7594884,-398355697.549311,29262.642626914927
20000,Moderate adverse selection,3,0.25,0.85,21984.366002739713,8571.47462433637,152779203.13538042,1.0,0.0,-255360532.74997997,-322057015.5398026,30555.840627076082
20000,Moderate adverse selection,3,0.25,0.9,23277.564002900875,8571.47462433637,159245193.1361862,1.0,0.0,-179061850.74047184,-245758333.53029448,31849.038627237245
20000,Moderate adverse selection,3,0.25,0.95,24570.762003062035,8571.47462433637,165711183.13699204,0.9956,0.0006618640343756382,-102763168.73096274,-169459651.5207854,33142.23662739841
20000,Moderate adverse selection,3,0.25,1.0,25863.960003223194,8571.47462433637,172177173.1377978,0.7451,0.004358049907929005,-26466503.784053203,-93160969.51127726,34435.43462755956
20000,Moderate adverse selection,3,0.25,1.05,27157.158003384353,8571.47462433637,178643163.13860363,0.1075,0.0030974788134868654,49834195.28805399,-16862287.50176865,35728.632627720726
20000,Moderate adverse selection,3,0.25,1.1,28450.356003545516,8571.47462433637,185109153.13940942,0.0014,0.0003739037309254884,126132877.2975621,59436394.507739484,37021.830627881885
20000,Moderate adverse selection,3,0.25,1.15,29743.55400370667,8571.47462433637,191575143.14021522,0.0,0.0,202431559.30707076,135735076.5172481,38315.028628043045
20000,Moderate adverse selection,3,0.25,1.2,31036.75200386783,8571.47462433637,198041133.14102098,0.0,0.0,278730241.3165789,212033758.52675623,39608.2266282042
20000,Moderate adverse selection,3,0.25,1.25,32329.950004028993,8571.47462433637,204507123.1418268,0.0,0.0,355028923.3260875,288332440.53626484,40901.42462836536
20000,Moderate adverse selection,3,0.25,1.3,33623.14800419015,8571.47462433637,210973113.1426326,0.0,0.0,431327605.3355956,364631122.54577297,42194.62262852652
20000,Moderate adverse selection,3,0.25,1.35,34916.34600435131,8571.47462433637,217439103.1434384,0.0,0.0,507626287.3451043,440929804.5552816,43487.82062868768
20000,Moderate adverse selection,3,0.25,1.4,36209.54400451247,8571.47462433637,223905093.1442442,0.0,0.0,583924969.3546124,517228486.5647897,44781.01862884884
20000,Moderate adverse selection,3,0.25,1.45,37502.74200467363,8571.47462433637,230371083.14505,0.0,0.0,660223651.3641214,593527168.5742989,46074.21662901
20000,Moderate adverse selection,3,0.25,1.5,38795.94000483479,8571.47462433637,236837073.14585578,0.0,0.0,736522333.3736296,669825850.583807,47367.41462917116
20000,Moderate adverse selection,3,0.25,1.55,40089.13800499595,8571.47462433637,243303063.14666158,0.0,0.0,812821015.3831377,746124532.5933151,48660.61262933232
20000,Moderate adverse selection,3,0.25,1.6,41382.336005157114,8571.47462433637,249769053.14746743,0.0,0.0,889119697.3926469,822423214.6028242,49953.810629493484
20000,Moderate adverse selection,3,0.25,1.65,42675.534005318266,8571.47462433637,256235043.14827317,0.0,0.0,965418379.4021544,898721896.6123319,51247.008629654636
20000,Moderate adverse selection,3,0.25,1.7,43968.732005479425,8571.47462433637,262701033.14907897,0.0,0.0,1041717061.411663,975020578.6218405,52540.206629815795
20000,Moderate adverse selection,3,0.25,1.75,45261.93000564059,8571.47462433637,269167023.1498848,0.0,0.0,1118015743.4211724,1051319260.6313496,53833.40462997696
20000,Moderate adverse selection,3,0.25,1.8,46555.12800580175,8571.47462433637,275633013.1506906,0.0,0.0,1194314425.4306803,1127617942.6408577,55126.60263013812
20000,Moderate adverse selection,3,0.25,1.85,47848.32600596291,8571.47462433637,282099003.1514964,0.0,0.0,1270613107.440189,1203916624.6503663,56419.80063029928
20000,Moderate adverse selection,3,0.25,1.9,49141.52400612407,8571.47462433637,288564993.1523022,0.0,0.0,1346911789.449697,1280215306.6598744,57712.99863046044
20000,Moderate adverse selection,3,0.25,1.95,50434.72200628523,8571.47462433637,295030983.153108,0.0,0.0,1423210471.4592056,1356513988.669383,59006.1966306216
20000,Moderate adverse selection,3,0.25,2.0,51727.92000644639,8571.47462433637,301496973.1539138,0.0,0.0,1499509153.4687142,1432812670.6788917,60299.39463078276
20000,Moderate adverse selection,3,0.25,2.05,53021.11800660754,8571.47462433637,307962963.15471953,0.0,0.0,1575807835.4782214,1509111352.6883988,61592.59263094391
20000,Moderate adverse selection,3,0.25,2.1,54314.316006768706,8571.47462433637,314428953.1555254,0.0,0.0,1652106517.4877305,1585410034.697908,62885.790631105076
20000,Moderate adverse selection,3,0.25,2.15,55607.514006929865,8571.47462433637,320894943.1563312,0.0,0.0,1728405199.497239,1661708716.7074165,64178.988631266235
20000,Moderate adverse selection,3,0.25,2.2,56900.71200709103,8571.47462433637,327360933.157137,0.0,0.0,1804703881.5067477,1738007398.7169247,65472.1866314274
20000,Moderate adverse selection,3,0.25,2.25,58193.91000725218,8571.47462433637,333826923.1579428,0.0,0.0,1881002563.5162554,1814306080.7264328,66765.38463158856
20000,Moderate adverse selection,3,0.25,2.3,59487.10800741334,8571.47462433637,340292913.15874857,0.0,0.0,1957301245.525764,1890604762.7359414,68058.58263174971
20000,Moderate adverse selection,3,0.25,2.35,60780.30600757451,8571.47462433637,346758903.1595544,0.0,0.0,2033599927.535273,1966903444.7454505,69351.78063191088
20000,Moderate adverse selection,3,0.25,2.4,62073.50400773566,8571.47462433637,353224893.16036016,0.0,0.0,2109898609.544782,2043202126.754959,70644.97863207203
20000,Moderate adverse selection,3,0.25,2.45,63366.70200789683,8571.47462433637,359690883.161166,0.0,0.0,2186197291.554291,2119500808.7644682,71938.1766322332
20000,Moderate adverse selection,3,0.25,2.5,64659.900008057986,8571.47462433637,366156873.16197175,0.0,0.0,2262495973.563798,2195799490.7739754,73231.37463239435
20000,Moderate adverse selection,3,0.5,0.0,0.0,8571.47462433637,85714746.2433637,1.0,0.0,-1509580753.7899413,-1576277236.579764,8571.47462433637
20000,Moderate adverse selection,3,0.5,0.05,1293.1980001611598,8571.47462433637,98646726.24497528,1.0,0.0,-1426816081.7796268,-1493512564.5694497,9864.672624497529
20000,Moderate adverse selection,3,0.5,0.1,2586.3960003223197,8571.47462433637,111578706.2465869,1.0,0.0,-1344051409.7693126,-1410747892.5591354,11157.87062465869
20000,Moderate adverse selection,3,0.5,0.15,3879.594000483479,8571.47462433637,124510686.2481985,1.0,0.0,-1261286737.7589984,-1327983220.548821,12451.068624819849
20000,Moderate adverse selection,3,0.5,0.2,5172.792000644639,8571.47462433637,137442666.2498101,1.0,0.0,-1178522065.7486844,-1245218548.538507,13744.26662498101
20000,Moderate adverse selection,3,0.5,0.25,6465.990000805798,8571.47462433637,150374646.2514217,1.0,0.0,-1095757393.73837,-1162453876.5281925,15037.46462514217
20000,Moderate adverse selection,3,0.5,0.3,7759.188000966958,8571.47462433637,163306626.25303328,1.0,0.0,-1012992721.7280558,-1079689204.5178785,16330.662625303328
20000,Moderate adverse selection,3,0.5,0.35,9052.386001128118,8571.47462433637,176238606.25464487,1.0,0.0,-930228049.7177418,-996924532.5075643,17623.860625464487
20000,Moderate adverse selection,3,0.5,0.4,10345.584001289279,8571.47462433637,189170586.2562565,1.0,0.0,-847463377.7074274,-914159860.4972498,18917.05862562565
20000,Moderate adverse selection,3,0.5,0.45,11638.782001450438,8571.47462433637,202102566.25786808,1.0,0.0,-764698705.6971133,-831395188.4869359,20210.25662578681
20000,Moderate adverse selection,3,0.5,0.5,12931.980001611597,8571.47462433637,215034546.25947967,1.0,0.0,-681934033.6867988,-748630516.4766214,21503.45462594797
20000,Moderate adverse selection,3,0.5,0.55,14225.178001772758,8571.47462433637,227966526.26109126,1.0,0.0,-599169361.6764848,-665865844.4663074,22796.652626109128
20000,Moderate adverse selection,3,0.5,0.6,15518.376001933915,8571.47462433637,240898506.26270288,1.0,0.0,-516404689.66617054,-583101172.4559932,24089.850626270287
20000,Moderate adverse selection,3,0.5,0.65,16811.574002095076,8571.47462433637,253830486.26431447,1.0,0.0,-433640017.6558564,-500336500.445679,25383.048626431446
20000,Moderate adverse selection,3,0.5,0.7,18104.772002256235,8571.47462433637,266762466.26592606,1.0,0.0,-350875345.6455421,-417571828.4353648,26676.246626592605
20000,Moderate adverse selection,3,0.5,0.75,19397.970002417394,8571.47462433637,279694446.26753765,1.0,0.0,-268110673.63522792,-334807156.42505056,27969.444626753764
20000,Moderate adverse selection,3,0.5,0.8,20691.168002578557,8571.47462433637,292626426.26914924,1.0,0.0,-185346001.62491366,-252042484.41473633,29262.642626914927
20000,Moderate adverse selection,3,0.5,0.85,21984.366002739713,8571.47462433637,305558406.27076083,0.9956,0.0006618640343756382,-102581329.6145997,-169277812.40442234,30555.840627076082
20000,Moderate adverse selection,3,0.5,0.9,23277.564002900875,8571.47462433637,318490386.2723724,0.6857,0.004642364806862985,-19816657.604285475,-86513140.39410812,31849.038627237245
20000,Moderate adverse selection,3,0.5,0.95,24570.762003062035,8571.47462433637,331422366.2739841,0.0592,0.0023599864406390137,62948014.406029224,-3748468.383793413,33142.23662739841
20000,Moderate adverse selection,3,0.5,1.0,25863.960003223194,8571.47462433637,344354346.2755956,0.0002,0.00014140721339450828,145712686.4163432,79016203.62652057,34435.43462755956
20000,Moderate adverse selection,3,0.5,1.05,27157.158003384353,8571.47462433637,357286326.27720726,0.0,0.0,228477358.4266577,161780875.63683504,35728.632627720726
20000,Moderate adverse selection,3,0.5,1.1,28450.356003545516,8571.47462433637,370218306.27881885,0.0,0.0,311242030.43697166,244545547.64714903,37021.830627881885
20000,Moderate adverse selection,3,0.5,1.15,29743.55400370667,8571.47462433637,383150286.28043044,0.0,0.0,394006702.44728565,327310219.657463,38315.028628043045
20000,Moderate adverse selection,3,0.5,1.2,31036.75200386783,8571.47462433637,396082266.28204197,0.0,0.0,476771374.4575996,410074891.667777,39608.2266282042
20000,Moderate adverse selection,3,0.5,1.25,32329.950004028993,8571.47462433637,409014246.2836536,0.0,0.0,559536046.4679147,492839563.67809194,40901.42462836536
20000,Moderate adverse selection,3,0.5,1.3,33623.14800419015,8571.47462433637,421946226.2852652,0.0,0.0,642300718.4782286,575604235.688406,42194.62262852652
20000,Moderate adverse selection,3,0.5,1.35,34916.34600435131,8571.47462433637,434878206.2868768,0.0,0.0,725065390.4885426,658368907.69872,43487.82062868768
20000,Moderate adverse selection,3,0.5,1.4,36209.54400451247,8571.47462433637,447810186.2884884,0.0,0.0,807830062.4988567,741133579.709034,44781.01862884884
20000,Moderate adverse selection,3,0.5,1.45,37502.74200467363,8571.47462433637,460742166.2901,0.0,0.0,890594734.5091715,823898251.7193489,46074.21662901
20000,Moderate adverse selection,3,0.5,1.5,38795.94000483479,8571.47462433637,473674146.29171157,0.0,0.0,973359406.5194856,906662923.7296629,47367.41462917116
20000,Moderate adverse selection,3,0.5,1.55,40089.13800499595,8571.47462433637,486606126.29332316,0.0,0.0,1056124078.529799,989427595.7399764,48660.61262933232
20000,Moderate adverse selection,3,0.5,1.6,41382.336005157114,8571.47462433637,499538106.29493487,0.0,0.0,1138888750.5401142,1072192267.7502913,49953.810629493484
20000,Moderate adverse selection,3,0.5,1.65,42675.534005318266,8571.47462433637,512470086.29654634,0.0,0.0,1221653422.550428,1154956939.7606053,51247.008629654636
20000,Moderate adverse selection,3,0.5,1.7,43968.732005479425,8571.47462433637,525402066.29815793,0.0,0.0,1304418094.5607424,1237721611.7709198,52540.206629815795
20000,Moderate adverse selection,3,0.5,1.75,45261.93000564059,8571.47462433637,538334046.2997696,0.0,0.0,1387182766.5710573,1320486283.7812347,53833.40462997696
20000,Moderate adverse selection,3,0.5,1.8,46555.12800580175,8571.47462433637,551266026.3013812,0.0,0.0,1469947438.5813706,1403250955.7915483,55126.60263013812
20000,Moderate adverse selection,3,0.5,1.85,47848.32600596291,8571.47462433637,564198006.3029928,0.0,0.0,1552712110.591685,1486015627.8018627,56419.80063029928
20000,Moderate adverse selection,3,0.5,1.9,49141.52400612407,8571.47462433637,577129986.3046044,0.0,0.0,1635476782.6019995,1568780299.8121767,57712.99863046044
20000,Moderate adverse selection,3,0.5,1.95,50434.72200628523,8571.47462433637,590061966.306216,0.0,0.0,1718241454.6123133,1651544971.8224907,59006.1966306216
20000,Moderate adverse selection,3,0.5,2.0,51727.92000644639,8571.47462433637,602993946.3078276,0.0,0.0,1801006126.6226277,1734309643.8328052,60299.39463078276
20000,Moderate adverse selection,3,0.5,2.05,53021.11800660754,8571.47462433637,615925926.3094391,0.0,0.0,1883770798.6329415,1817074315.8431187,61592.59263094391
20000,Moderate adverse selection,3,0.5,2.1,54314.316006768706,8571.47462433637,628857906.3110508,0.0,0.0,1966535470.6432562,1899838987.8534336,62885.790631105076
20000,Moderate adverse selection,3,0.5,2.15,55607.514006929865,8571.47462433637,641789886.3126624,0.0,0.0,2049300142.6535704,1982603659.8637476,64178.988631266235
20000,Moderate adverse selection,3,0.5,2.2,56900.71200709103,8571.47462433637,654721866.314274,0.0,0.0,2132064814.6638844,2065368331.8740616,65472.1866314274
20000,Moderate adverse selection,3,0.5,2.25,58193.91000725218,8571.47462433637,667653846.3158855,0.0,0.0,2214829486.6741986,2148133003.8843756,66765.38463158856
20000,Moderate adverse selection,3,0.5,2.3,59487.10800741334,8571.47462433637,680585826.3174971,0.0,0.0,2297594158.6845126,2230897675.8946896,68058.58263174971
20000,Moderate adverse selection,3,0.5,2.35,60780.30600757451,8571.47462433637,693517806.3191088,0.0,0.0,2380358830.6948276,2313662347.9050045,69351.78063191088
20000,Moderate adverse selection,3,0.5,2.4,62073.50400773566,8571.47462433637,706449786.3207203,0.0,0.0,2463123502.705142,2396427019.9153194,70644.97863207203
20000,Moderate adverse selection,3,0.5,2.45,63366.70200789683,8571.47462433637,719381766.322332,0.0,0.0,2545888174.715457,2479191691.9256344,71938.1766322332
20000,Moderate adverse selection,3,0.5,2.5,64659.900008057986,8571.47462433637,732313746.3239435,0.0,0.0,2628652846.7257686,2561956363.9359465,73231.37463239435
100000,Moderate adverse selection,1,0.0,0.0,0.0,8571.47462433637,0.0,1.0,0.0,-2659854804.178496,-2746036038.408311,8571.47462433637
100000,Moderate adverse selection,1,0.0,0.05,1293.1980001611598,8571.47462433637,0.0,1.0,0.0,-2543466984.163992,-2629648218.3938065,9864.672624497529
100000,Moderate adverse selection,1,0.0,0.1,2586.3960003223197,8571.47462433637,0.0,1.0,0.0,-2427079164.1494875,-2513260398.379302,11157.87062465869
100000,Moderate adverse selection,1,0.0,0.15,3879.594000483479,8571.47462433637,0.0,1.0,0.0,-2310691344.1349826,-2396872578.3647976,12451.068624819849
100000,Moderate adverse selection,1,0.0,0.2,5172.792000644639,8571.47462433637,0.0,1.0,0.0,-2194303524.120478,-2280484758.350293,13744.26662498101
100000,Moderate adverse selection,1,0.0,0.25,6465.990000805798,8571.47462433637,0.0,1.0,0.0,-2077915704.1059742,-2164096938.3357887,15037.46462514217
100000,Moderate adverse selection,1,0.0,0.3,7759.188000966958,8571.47462433637,0.0,1.0,0.0,-1961527884.0914695,-2047709118.3212843,16330.662625303328
100000,Moderate adverse selection,1,0.0,0.35,9052.386001128118,8571.47462433637,0.0,1.0,0.0,-1845140064.0769656,-1931321298.30678,17623.860625464487
100000,Moderate adverse selection,1,0.0,0.4,10345.584001289279,8571.47462433637,0.0,1.0,0.0,-1728752244.062461,-1814933478.2922754,18917.05862562565
100000,Moderate adverse selection,1,0.0,0.45,11638.782001450438,8571.47462433637,0.0,1.0,0.0,-1612364424.0479562,-1698545658.277771,20210.25662578681
100000,Moderate adverse selection,1,0.0,0.5,12931.980001611597,8571.47462433637,0.0,1.0,0.0,-1495976604.0334523,-1582157838.2632668,21503.45462594797
100000,Moderate adverse selection,1,0.0,0.55,14225.178001772758,8571.47462433637,0.0,1.0,0.0,-1379588784.0189478,-1465770018.2487624,22796.652626109128
100000,Moderate adverse selection,1,0.0,0.6,15518.376001933915,8571.47462433637,0.0,1.0,0.0,-1263200964.0044436,-1349382198.2342584,24089.850626270287
100000,Moderate adverse selection,1,0.0,0.65,16811.574002095076,8571.47462433637,0.0,1.0,0.0,-1146813143.989939,-1232994378.2197535,25383.048626431446
100000,Moderate adverse selection,1,0.0,0.7,18104.772002256235,8571.47462433637,0.0,1.0,0.0,-1030425323.975435,-1116606558.2052495,26676.246626592605
100000,Moderate adverse selection,1,0.0,0.75,19397.970002417394,8571.47462433637,0.0,1.0,0.0,-914037503.9609305,-1000218738.1907452,27969.444626753764
100000,Moderate adverse selection,1,0.0,0.8,20691.168002578557,8571.47462433637,0.0,1.0,0.0,-797649683.9464262,-883830918.1762408,29262.642626914927
100000,Moderate adverse selection,1,0.0,0.85,21984.366002739713,8571.47462433637,0.0,1.0,0.0,-681261863.9319217,-767443098.1617364,30555.840627076082
100000,Moderate adverse selection,1,0.0,0.9,23277.564002900875,8571.47462433637,0.0,1.0,0.0,-564874043.9174173,-651055278.1472319,31849.038627237245
100000,Moderate adverse selection,1,0.0,0.95,24570.762003062035,8571.47462433637,0.0,1.0,0.0,-448486223.9029123,-534667458.13272697,33142.23662739841
100000,Moderate adverse selection,1,0.0,1.0,25863.960003223194,8571.47462433637,0.0,1.0,0.0,-332098403.8884089,-418279638.1182235,34435.43462755956
100000,Moderate adverse selection,1,0.0,1.05,27157.158003384353,8571.47462433637,0.0,1.0,0.0,-215710583.87390396,-301891818.1037186,35728.632627720726
100000,Moderate adverse selection,1,0.0,1.1,28450.356003545516,8571.47462433637,0.0,0.9738,0.0015972964659073156,-99322763.85939954,-185503998.08921415,37021.830627881885
100000,Moderate adverse selection,1,0.0,1.15,29743.55400370667,8571.47462433637,0.0,0.3679,0.004822339577425049,17065056.155104905,-69116178.07470973,38315.028628043045
100000,Moderate adverse selection,1,0.0,1.2,31036.75200386783,8571.47462433637,0.0,0.0065,0.0008036012692872006,133452876.16960837,47271641.93979376,39608.2266282042
100000,Moderate adverse selection,1,0.0,1.25,32329.950004028993,8571.47462433637,0.0,0.0,0.0,249840696.1841133,163659461.95429868,40901.42462836536
100000,Moderate adverse selection,1,0.0,1.3,33623.14800419015,8571.47462433637,0.0,0.0,0.0,366228516.19861776,280047281.9688031,42194.62262852652
100000,Moderate adverse selection,1,0.0,1.35,34916.34600435131,8571.47462433637,0.0,0.0,0.0,482616336.21312165,396435101.98330706,43487.82062868768
100000,Moderate adverse selection,1,0.0,1.4,36209.54400451247,8571.47462433637,0.0,0.0,0.0,599004156.2276261,512822921.9978115,44781.01862884884
100000,Moderate adverse selection,1,0.0,1.45,37502.74200467363,8571.47462433637,0.0,0.0,0.0,715391976.2421305,629210742.0123159,46074.21662901
100000,Moderate adverse selection,1,0.0,1.5,38795.94000483479,8571.47462433637,0.0,0.0,0.0,831779796.2566354,745598562.0268208,47367.41462917116
100000,Moderate adverse selection,1,0.0,1.55,40089.13800499595,8571.47462433637,0.0,0.0,0.0,948167616.2711395,861986382.0413247,48660.61262933232
100000,Moderate adverse selection,1,0.0,1.6,41382.336005157114,8571.47462433637,0.0,0.0,0.0,1064555436.2856449,978374202.0558301,49953.810629493484
100000,Moderate adverse selection,1,0.0,1.65,42675.534005318266,8571.47462433637,0.0,0.0,0.0,1180943256.3001485,1094762022.0703337,51247.008629654636
100000,Moderate adverse selection,1,0.0,1.7,43968.732005479425,8571.47462433637,0.0,0.0,0.0,1297331076.3146527,1211149842.0848382,52540.206629815795
100000,Moderate adverse selection,1,0.0,1.75,45261.93000564059,8571.47462433637,0.0,0.0,0.0,1413718896.329157,1327537662.0993426,53833.40462997696
100000,Moderate adverse selection,1,0.0,1.8,46555.12800580175,8571.47462433637,0.0,0.0,0.0,1530106716.3436618,1443925482.113847,55126.60263013812
100000,Moderate adverse selection,1,0.0,1.85,47848.32600596291,8571.47462433637,0.0,0.0,0.0,1646494536.358166,1560313302.1283514,56419.80063029928
100000,Moderate adverse selection,1,0.0,1.9,49141.52400612407,8571.47462433637,0.0,0.0,0.0,1762882356.3726704,1676701122.142856,57712.99863046044
100000,Moderate adverse selection,1,0.0,1.95,50434.72200628523,8571.47462433637,0.0,0.0,0.0,1879270176.387174,1793088942.1573594,59006.1966306216
100000,Moderate adverse selection,1,0.0,2.0,51727.92000644639,8571.47462433637,0.0,0.0,0.0,1995657996.4016793,1909476762.1718647,60299.39463078276
100000,Moderate adverse selection,1,0.0,2.05,53021.11800660754,8571.47462433637,0.0,0.0,0.0,2112045816.4161828,2025864582.1863682,61592.59263094391
100000,Moderate adverse selection,1,0.0,2.1,54314.316006768706,8571.47462433637,0.0,0.0,0.0,2228433636.4306884,2142252402.2008736,62885.790631105076
100000,Moderate adverse selection,1,0.0,2.15,55607.514006929865,8571.47462433637,0.0,0.0,0.0,2344821456.4451914,2258640222.215377,64178.988631266235
100000,Moderate adverse selection,1,0.0,2.2,56900.71200709103,8571.47462433637,0.0,0.0,0.0,2461209276.459697,2375028042.2298822,65472.1866314274
100000,Moderate adverse selection,1,0.0,2.25,58193.91000725218,8571.47462433637,0.0,0.0,0.0,2577597096.4742017,2491415862.2443867,66765.38463158856
100000,Moderate adverse selection,1,0.0,2.3,59487.10800741334,8571.47462433637,0.0,0.0,0.0,2693984916.4887047,2607803682.25889,68058.58263174971
100000,Moderate adverse selection,1,0.0,2.35,60780.30600757451,8571.47462433637,0.0,0.0,0.0,2810372736.5032096,2724191502.2733946,69351.78063191088
100000,Moderate adverse selection,1,0.0,2.4,62073.50400773566,8571.47462433637,0.0,0.0,0.0,2926760556.517714,2840579322.287899,70644.97863207203
100000,Moderate adverse selection,1,0.0,2.45,63366.70200789683,8571.47462433637,0.0,0.0,0.0,3043148376.532219,2956967142.3024044,71938.1766322332
100000,Moderate adverse selection,1,0.0,2.5,64659.900008057986,8571.47462433637,0.0,0.0,0.0,3159536196.546723,3073354962.316908,73231.37463239435
100000,Moderate adverse selection,1,0.1,0.0,0.0,8571.47462433637,85714746.2433637,1.0,0.0,-2574140057.935132,-2660321292.164947,8571.47462433637
100000,Moderate adverse selection,1,0.1,0.05,1293.1980001611598,8571.47462433637,98646726.24497528,1.0,0.0,-2444820257.9190164,-2531001492.1488314,9864.672624497529
100000,Moderate adverse selection,1,0.1,0.1,2586.3960003223197,8571.47462433637,111578706.2465869,1.0,0.0,-2315500457.9029007,-2401681692.132715,11157.87062465869
100000,Moderate adverse selection,1,0.1,0.15,3879.594000483479,8571.47462433637,124510686.2481985,1.0,0.0,-2186180657.8867846,-2272361892.116599,12451.068624819849
100000,Moderate adverse selection,1,0.1,0.2,5172.792000644639,8571.47462433637,137442666.2498101,1.0,0.0,-2056860857.870668,-2143042092.1004827,13744.26662498101
100000,Moderate adverse selection,1,0.1,0.25,6465.990000805798,8571.47462433637,150374646.2514217,1.0,0.0,-1927541057.8545523,-2013722292.084367,15037.46462514217
100000,Moderate adverse selection,1,0.1,0.3,7759.188000966958,8571.47462433637,163306626.25303328,1.0,0.0,-1798221257.8384366,-1884402492.068251,16330.662625303328
100000,Moderate adverse selection,1,0.1,0.35,9052.386001128118,8571.47462433637,176238606.25464487,1.0,0.0,-1668901457.8223207,-1755082692.0521352,17623.860625464487
100000,Moderate adverse selection,1,0.1,0.4,10345.584001289279,8571.47462433637,189170586.2562565,1.0,0.0,-1539581657.8062043,-1625762892.0360188,18917.05862562565
100000,Moderate adverse selection,1,0.1,0.45,11638.782001450438,8571.47462433637,202102566.25786808,1.0,0.0,-1410261857.7900882,-1496443092.019903,20210.25662578681
100000,Moderate adverse selection,1,0.1,0.5,12931.980001611597,8571.47462433637,215034546.25947967,1.0,0.0,-1280942057.7739727,-1367123292.0037873,21503.45462594797
100000,Moderate adverse selection,1,0.1,0.55,14225.178001772758,8571.47462433637,227966526.26109126,1.0,0.0,-1151622257.7578566,-1237803491.9876711,22796.652626109128
100000,Moderate adverse selection,1,0.1,0.6,15518.376001933915,8571.47462433637,240898506.26270288,1.0,0.0,-1022302457.7417411,-1108483691.9715555,24089.850626270287
100000,Moderate adverse selection,1,0.1,0.65,16811.574002095076,8571.47462433637,253830486.26431447,1.0,0.0,-892982657.7256242,-979163891.955439,25383.048626431446
100000,Moderate adverse selection,1,0.1,0.7,18104.772002256235,8571.47462433637,266762466.26592606,1.0,0.0,-763662857.7095091,-849844091.9393238,26676.246626592605
100000,Moderate adverse selection,1,0.1,0.75,19397.970002417394,8571.47462433637,279694446.26753765,1.0,0.0,-634343057.693393,-720524291.9232076,27969.444626753764
100000,Moderate adverse selection,1,0.1,0.8,20691.168002578557,8571.47462433637,292626426.26914924,1.0,0.0,-505023257.67727685,-591204491.9070915,29262.642626914927
100000,Moderate adverse selection,1,0.1,0.85,21984.366002739713,8571.47462433637,305558406.27076083,1.0,0.0,-375703457.6611607,-461884691.8909753,30555.840627076082
100000,Moderate adverse selection,1,0.1,0.9,23277.564002900875,8571.47462433637,318490386.2723724,1.0,0.0,-246383657.645045,-332564891.87485963,31849.038627237245
100000,Moderate adverse selection,1,0.1,0.95,24570.762003062035,8571.47462433637,331422366.2739841,0.989,0.001043024448419116,-117063857.6289284,-203245091.858743,33142.23662739841
100000,Moderate adverse selection,1,0.1,1.0,25863.960003223194,8571.47462433637,344354346.2755956,0.4013,0.004901615141971062,12255942.387186795,-73925291.84262784,34435.43462755956
100000,Moderate adverse selection,1,0.1,1.05,27157.158003384353,8571.47462433637,357286326.27720726,0.0046,0.0006766712643521964,141575742.4033034,55394508.17348879,35728.632627720726
100000,Moderate adverse selection,1,0.1,1.1,28450.356003545516,8571.47462433637,370218306.27881885,0.0,0.0,270895542.4194195,184714308.18960494,37021.830627881885
100000,Moderate adverse selection,1,0.1,1.15,29743.55400370667,8571.47462433637,383150286.28043044,0.0,0.0,400215342.43553525,314034108.2057206,38315.028628043045
100000,Moderate adverse selection,1,0.1,1.2,31036.75200386783,8571.47462433637,396082266.28204197,0.0,0.0,529535142.4516504,443353908.2218358,39608.2266282042
100000,Moderate adverse selection,1,0.1,1.25,32329.950004028993,8571.47462433637,409014246.2836536,0.0,0.0,658854942.4677671,572673708.2379524,40901.42462836536
100000,Moderate adverse selection,1,0.1,1.3,33623.14800419015,8571.47462433637,421946226.2852652,0.0,0.0,788174742.4838833,701993508.2540685,42194.62262852652
100000,Moderate adverse selection,1,0.1,1.35,34916.34600435131,8571.47462433637,434878206.2868768,0.0,0.0,917494542.4999985,831313308.2701837,43487.82062868768
100000,Moderate adverse selection,1,0.1,1.4,36209.54400451247,8571.47462433637,447810186.2884884,0.0,0.0,1046814342.5161145,960633108.2862998,44781.01862884884
100000,Moderate adverse selection,1,0.1,1.45,37502.74200467363,8571.47462433637,460742166.2901,0.0,0.0,1176134142.5322306,1089952908.302416,46074.21662901
100000,Moderate adverse selection,1,0.1,1.5,38795.94000483479,8571.47462433637,473674146.29171157,0.0,0.0,1305453942.5483468,1219272708.3185322,47367.41462917116
100000,Moderate adverse selection,1,0.1,1.55,40089.13800499595,8571.47462433637,486606126.29332316,0.0,0.0,1434773742.564463,1348592508.3346484,48660.61262933232
100000,Moderate adverse selection,1,0.1,1.6,41382.336005157114,8571.47462433637,499538106.29493487,0.0,0.0,1564093542.58058,1477912308.3507655,49953.810629493484
100000,Moderate adverse selection,1,0.1,1.65,42675.534005318266,8571.47462433637,512470086.29654634,0.0,0.0,1693413342.5966942,1607232108.3668797,51247.008629654636
100000,Moderate adverse selection,1,0.1,1.7,43968.732005479425,8571.47462433637,525402066.29815793,0.0,0.0,1822733142.6128101,1736551908.3829958,52540.206629815795
100000,Moderate adverse selection,1,0.1,1.75,45261.93000564059,8571.47462433637,538334046.2997696,0.0,0.0,1952052942.6289265,1865871708.399112,53833.40462997696
100000,Moderate adverse selection,1,0.1,1.8,46555.12800580175,8571.47462433637,551266026.3013812,0.0,0.0,2081372742.6450422,1995191508.4152281,55126.60263013812
100000,Moderate adverse selection,1,0.1,1.85,47848.32600596291,8571.47462433637,564198006.3029928,0.0,0.0,2210692542.6611586,2124511308.4313443,56419.80063029928
100000,Moderate adverse selection,1,0.1,1.9,49141.52400612407,8571.47462433637,577129986.3046044,0.0,0.0,2340012342.677275,2253831108.44746,57712.99863046044
100000,Moderate adverse selection,1,0.1,1.95,50434.72200628523,8571.47462433637,590061966.306216,0.0,0.0,2469332142.69339,2383150908.4635754,59006.1966306216
100000,Moderate adverse selection,1,0.1,2.0,51727.92000644639,8571.47462433637,602993946.3078276,0.0,0.0,2598651942.709507,2512470708.4796925,60299.39463078276
100000,Moderate adverse selection,1,0.1,2.05,53021.11800660754,8571.47462433637,615925926.3094391,0.0,0.0,2727971742.7256217,2641790508.4958067,61592.59263094391
100000,Moderate adverse selection,1,0.1,2.1,54314.316006768706,8571.47462433637,628857906.3110508,0.0,0.0,2857291542.7417383,2771110308.511924,62885.790631105076
100000,Moderate adverse selection,1,0.1,2.15,55607.514006929865,8571.47462433637,641789886.3126624,0.0,0.0,2986611342.757854,2900430108.528039,64178.988631266235
100000,Moderate adverse selection,1,0.1,2.2,56900.71200709103,8571.47462433637,654721866.314274,0.0,0.0,3115931142.773971,3029749908.544156,65472.1866314274
100000,Moderate adverse selection,1,0.1,2.25,58193.91000725218,8571.47462433637,667653846.3158855,0.0,0.0,3245250942.7900867,3159069708.560272,66765.38463158856
100000,Moderate adverse selection,1,0.1,2.3,59487.10800741334,8571.47462433637,680585826.3174971,0.0,0.0,3374570742.8062024,3288389508.5763874,68058.58263174971
100000,Moderate adverse selection,1,0.1,2.35,60780.30600757451,8571.47462433637,693517806.3191088,0.0,0.0,3503890542.8223186,3417709308.5925035,69351.78063191088
100000,Moderate adverse selection,1,0.1,2.4,62073.50400773566,8571.47462433637,706449786.3207203,0.0,0.0,3633210342.838434,3547029108.6086197,70644.97863207203
100000,Moderate adverse selection,1,0.1,2.45,63366.70200789683,8571.47462433637,719381766.322332,0.0,0.0,3762530142.854552,3676348908.624737,71938.1766322332
100000,Moderate adverse selection,1,0.1,2.5,64659.900008057986,8571.47462433637,732313746.3239435,0.0,0.0,3891849942.8706656,3805668708.640851,73231.37463239435
100000,Moderate adverse selection,1,0.25,0.0,0.0,8571.47462433637,214286865.60840926,1.0,0.0,-2445567938.570087,-2531749172.7999015,8571.47462433637
100000,Moderate adverse selection,1,0.25,0.05,1293.1980001611598,8571.47462433637,246616815.61243823,1.0,0.0,-2296850168.5515532,-2383031402.7813683,9864.672624497529
100000,Moderate adverse selection,1,0.25,0.1,2586.3960003223197,8571.47462433637,278946765.61646724,1.0,0.0,-2148132398.5330205,-2234313632.762835,11157.87062465869
100000,Moderate adverse selection,1,0.25,0.15,3879.594000483479,8571.47462433637,311276715.6204962,1.0,0.0,-1999414628.5144868,-2085595862.7443013,12451.068624819849
100000,Moderate adverse selection,1,0.25,0.2,5172.792000644639,8571.47462433637,343606665.62452525,1.0,0.0,-1850696858.495953,-1936878092.7257676,13744.26662498101
100000,Moderate adverse selection,1,0.25,0.25,6465.990000805798,8571.47462433637,375936615.6285542,1.0,0.0,-1701979088.4774199,-1788160322.7072346,15037.46462514217
100000,Moderate adverse selection,1,0.25,0.3,7759.188000966958,8571.47462433637,408266565.6325832,1.0,0.0,-1553261318.4588866,-1639442552.6887012,16330.662625303328
100000,Moderate adverse selection,1,0.25,0.35,9052.386001128118,8571.47462433637,440596515.6366122,1.0,0.0,-1404543548.4403536,-1490724782.670168,17623.860625464487
100000,Moderate adverse selection,1,0.25,0.4,10345.584001289279,8571.47462433637,472926465.6406413,1.0,0.0,-1255825778.4218194,-1342007012.651634,18917.05862562565
100000,Moderate adverse selection,1,0.25,0.45,11638.782001450438,8571.47462433637,505256415.64467025,1.0,0.0,-1107108008.4032862,-1193289242.6331007,20210.25662578681
100000,Moderate adverse selection,1,0.25,0.5,12931.980001611597,8571.47462433637,537586365.6486992,1.0,0.0,-958390238.3847531,-1044571472.6145676,21503.45462594797
100000,Moderate adverse selection,1,0.25,0.55,14225.178001772758,8571.47462433637,569916315.6527282,1.0,0.0,-809672468.3662198,-895853702.5960344,22796.652626109128
100000,Moderate adverse selection,1,0.25,0.6,15518.376001933915,8571.47462433637,602246265.6567571,1.0,0.0,-660954698.3476865,-747135932.5775012,24089.850626270287
100000,Moderate adverse selection,1,0.25,0.65,16811.574002095076,8571.47462433637,634576215.6607862,1.0,0.0,-512236928.3291528,-598418162.5589675,25383.048626431446
100000,Moderate adverse selection,1,0.25,0.7,18104.772002256235,8571.47462433637,666906165.6648151,1.0,0.0,-363519158.31062,-449700392.54043466,26676.246626592605
100000,Moderate adverse selection,1,0.25,0.75,19397.970002417394,8571.47462433637,699236115.6688441,1.0,0.0,-214801388.29208633,-300982622.52190095,27969.444626753764
100000,Moderate adverse selection,1,0.25,0.8,20691.168002578557,8571.47462433637,731566065.6728731,0.8987,0.003017255541050508,-66083618.2735531,-152264852.50336772,29262.642626914927
100000,Moderate adverse selection,1,0.25,0.85,21984.366002739713,8571.47462433637,763896015.676902,0.0577,0.0023317527742022738,82634151.74498013,-3547082.4848345025,30555.840627076082
100000,Moderate adverse selection,1,0.25,0.9,23277.564002900875,8571.47462433637,796225965.6809311,0.0001,9.999499987499375e-05,231351921.7635138,145170687.5336992,31849.038627237245
100000,Moderate adverse selection,1,0.25,0.95,24570.762003062035,8571.47462433637,828555915.6849602,0.0,0.0,380069691.78204805,293888457.5522334,33142.23662739841
100000,Moderate adverse selection,1,0.25,1.0,25863.960003223194,8571.47462433637,860885865.688989,0.0,0.0,528787461.80058026,442606227.5707657,34435.43462755956
100000,Moderate adverse selection,1,0.25,1.05,27157.158003384353,8571.47462433637,893215815.6930182,0.0,0.0,677505231.819114,591323997.5892993,35728.632627720726
100000,Moderate adverse selection,1,0.25,1.1,28450.356003545516,8571.47462433637,925545765.6970471,0.0,0.0,826223001.8376478,740041767.607833,37021.830627881885
100000,Moderate adverse selection,1,0.25,1.15,29743.55400370667,8571.47462433637,957875715.7010761,0.0,0.0,974940771.8561815,888759537.6263667,38315.028628043045
100000,Moderate adverse selection,1,0.25,1.2,31036.75200386783,8571.47462433637,990205665.705105,0.0,0.0,1123658541.8747132,1037477307.6448985,39608.2266282042
100000,Moderate adverse selection,1,0.25,1.25,32329.950004028993,8571.47462433637,1022535615.7091341,0.0,0.0,1272376311.893247,1186195077.6634324,40901.42462836536
100000,Moderate adverse selection,1,0.25,1.3,33623.14800419015,8571.47462433637,1054865565.713163,0.0,0.0,1421094081.9117804,1334912847.681966,42194.62262852652
100000,Moderate adverse selection,1,0.25,1.35,34916.34600435131,8571.47462433637,1087195515.717192,0.0,0.0,1569811851.9303136,1483630617.7004988,43487.82062868768
100000,Moderate adverse selection,1,0.25,1.4,36209.54400451247,8571.47462433637,1119525465.721221,0.0,0.0,1718529621.9488473,1632348387.7190325,44781.01862884884
100000,Moderate adverse selection,1,0.25,1.45,37502.74200467363,8571.47462433637,1151855415.72525,0.0,0.0,1867247391.9673808,1781066157.7375662,46074.21662901
100000,Moderate adverse selection,1,0.25,1.5,38795.94000483479,8571.47462433637,1184185365.729279,0.0,0.0,2015965161.985914,1929783927.7561,47367.41462917116
100000,Moderate adverse selection,1,0.25,1.55,40089.13800499595,8571.47462433637,1216515315.7333078,0.0,0.0,2164682932.004447,2078501697.7746327,48660.61262933232
100000,Moderate adverse selection,1,0.25,1.6,41382.336005157114,8571.47462433637,1248845265.737337,0.0,0.0,2313400702.022982,2227219467.793167,49953.810629493484
100000,Moderate adverse selection,1,0.25,1.65,42675.534005318266,8571.47462433637,1281175215.741366,0.0,0.0,2462118472.041515,2375937237.8117,51247.008629654636
100000,Moderate adverse selection,1,0.25,1.7,43968.732005479425,8571.47462433637,1313505165.745395,0.0,0.0,2610836242.060047,2524655007.8302326,52540.206629815795
100000,Moderate adverse selection,1,0.25,1.75,45261.93000564059,8571.47462433637,1345835115.749424,0.0,0.0,2759554012.0785813,2673372777.8487663,53833.40462997696
100000,Moderate adverse selection,1,0.25,1.8,46555.12800580175,8571.47462433637,1378165065.753453,0.0,0.0,2908271782.097115,2822090547.8673,55126.60263013812
100000,Moderate adverse selection,1,0.25,1.85,47848.32600596291,8571.47462433637,1410495015.757482,0.0,0.0,3056989552.115648,2970808317.885833,56419.80063029928
100000,Moderate adverse selection,1,0.25,1.9,49141.52400612407,8571.47462433637,1442824965.761511,0.0,0.0,3205707322.134181,3119526087.9043665,57712.99863046044
100000,Moderate adverse selection,1,0.25,1.95,50434.72200628523,8571.47462433637,1475154915.76554,0.0,0.0,3354425092.1527143,3268243857.9228992,59006.1966306216
100000,Moderate adverse selection,1,0.25,2.0,51727.92000644639,8571.47462433637,1507484865.769569,0.0,0.0,3503142862.171249,3416961627.941434,60299.39463078276
100000,Moderate adverse selection,1,0.25,2.05,53021.11800660754,8571.47462433637,1539814815.7735977,0.0,0.0,3651860632.18978,3565679397.9599657,61592.59263094391
100000,Moderate adverse selection,1,0.25,2.1,54314.316006768706,8571.47462433637,1572144765.777627,0.0,0.0,3800578402.208315,3714397167.9785004,62885.790631105076
100000,Moderate adverse selection,1,0.25,2.15,55607.514006929865,8571.47462433637,1604474715.7816558,0.0,0.0,3949296172.2268476,3863114937.997033,64178.988631266235
100000,Moderate adverse selection,1,0.25,2.2,56900.71200709103,8571.47462433637,1636804665.785685,0.0,0.0,4098013942.245382,4011832708.015567,65472.1866314274
100000,Moderate adverse selection,1,0.25,2.25,58193.91000725218,8571.47462433637,1669134615.789714,0.0,0.0,4246731712.2639155,4160550478.0341005,66765.38463158856
100000,Moderate adverse selection,1,0.25,2.3,59487.10800741334,8571.47462433637,1701464565.793743,0.0,0.0,4395449482.282448,4309268248.052633,68058.58263174971
100000,Moderate adverse selection,1,0.25,2.35,60780.30600757451,8571.47462433637,1733794515.797772,0.0,0.0,4544167252.300981,4457986018.071166,69351.78063191088
100000,Moderate adverse selection,1,0.25,2.4,62073.50400773566,8571.47462433637,1766124465.8018007,0.0,0.0,4692885022.319514,4606703788.0897,70644.97863207203
100000,Moderate adverse selection,1,0.25,2.45,63366.70200789683,8571.47462433637,1798454415.80583,0.0,0.0,4841602792.338049,4755421558.108234,71938.1766322332
100000,Moderate adverse selection,1,0.25,2.5,64659.900008057986,8571.47462433637,1830784365.8098588,0.0,0.0,4990320562.356582,4904139328.126767,73231.37463239435
100000,Moderate adverse selection,1,0.5,0.0,0.0,8571.47462433637,428573731.2168185,1.0,0.0,-2231281072.9616776,-2317462307.191492,8571.47462433637
100000,Moderate adverse selection,1,0.5,0.05,1293.1980001611598,8571.47462433637,493233631.22487646,1.0,0.0,-2050233352.9391155,-2136414587.1689298,9864.672624497529
100000,Moderate adverse selection,1,0.5,0.1,2586.3960003223197,8571.47462433637,557893531.2329345,1.0,0.0,-1869185632.916553,-1955366867.1463673,11157.87062465869
100000,Moderate adverse selection,1,0.5,0.15,3879.594000483479,8571.47462433637,622553431.2409924,1.0,0.0,-1688137912.8939905,-1774319147.1238053,12451.068624819849
100000,Moderate adverse selection,1,0.5,0.2,5172.792000644639,8571.47462433637,687213331.2490505,1.0,0.0,-1507090192.8714278,-1593271427.1012423,13744.26662498101
100000,Moderate adverse selection,1,0.5,0.25,6465.990000805798,8571.47462433637,751873231.2571084,1.0,0.0,-1326042472.8488655,-1412223707.0786803,15037.46462514217
100000,Moderate adverse selection,1,0.5,0.3,7759.188000966958,8571.47462433637,816533131.2651664,1.0,0.0,-1144994752.8263032,-1231175987.0561178,16330.662625303328
100000,Moderate adverse selection,1,0.5,0.35,9052.386001128118,8571.47462433637,881193031.2732244,1.0,0.0,-963947032.8037412,-1050128267.0335559,17623.860625464487
100000,Moderate adverse selection,1,0.5,0.4,10345.584001289279,8571.47462433637,945852931.2812825,1.0,0.0,-782899312.7811782,-869080547.0109929,18917.05862562565
100000,Moderate adverse selection,1,0.5,0.45,11638.782001450438,8571.47462433637,1010512831.2893405,1.0,0.0,-601851592.7586162,-688032826.9884309,20210.25662578681
100000,Moderate adverse selection,1,0.5,0.5,12931.980001611597,8571.47462433637,1075172731.2973983,1.0,0.0,-420803872.7360541,-506985106.9658688,21503.45462594797
100000,Moderate adverse selection,1,0.5,0.55,14225.178001772758,8571.47462433637,1139832631.3054564,1.0,0.0,-239756152.71349117,-325937386.9433058,22796.652626109128
100000,Moderate adverse selection,1,0.5,0.6,15518.376001933915,8571.47462433637,1204492531.3135142,0.872,0.003340898082851376,-58708432.69092963,-144889666.92074424,24089.850626270287
100000,Moderate adverse selection,1,0.5,0.65,16811.574002095076,8571.47462433637,1269152431.3215723,0.0111,0.0010477017705435073,122339287.33163334,36158053.10181873,25383.048626431446
100000,Moderate adverse selection,1,0.5,0.7,18104.772002256235,8571.47462433637,1333812331.3296301,0.0,0.0,303387007.35419494,217205773.1243803,26676.246626592605
100000,Moderate adverse selection,1,0.5,0.75,19397.970002417394,8571.47462433637,1398472231.3376882,0.0,0.0,484434727.3767578,398253493.1469433,27969.444626753764
100000,Moderate adverse selection,1,0.5,0.8,20691.168002578557,8571.47462433637,1463132131.3457463,0.0,0.0,665482447.3993199,579301213.1695052,29262.642626914927
100000,Moderate adverse selection,1,0.5,0.85,21984.366002739713,8571.47462433637,1527792031.353804,0.0,0.0,846530167.4218824,760348933.1920677,30555.840627076082
100000,Moderate adverse selection,1,0.5,0.9,23277.564002900875,8571.47462433637,1592451931.3618622,0.0,0.0,1027577887.4444449,941396653.2146302,31849.038627237245
100000,Moderate adverse selection,1,0.5,0.95,24570.762003062035,8571.47462433637,1657111831.3699205,0.0,0.0,1208625607.4670079,1122444373.2371933,33142.23662739841
100000,Moderate adverse selection,1,0.5,1.0,25863.960003223194,8571.47462433637,1721771731.377978,0.0,0.0,1389673327.4895692,1303492093.2597544,34435.43462755956
100000,Moderate adverse selection,1,0.5,1.05,27157.158003384353,8571.47462433637,1786431631.3860364,0.0,0.0,1570721047.512132,1484539813.2823174,35728.632627720726
100000,Moderate adverse selection,1,0.5,1.1,28450.356003545516,8571.47462433637,1851091531.3940942,0.0,0.0,1751768767.534695,1665587533.3048804,37021.830627881885
100000,Moderate adverse selection,1,0.5,1.15,29743.55400370667,8571.47462433637,1915751431.4021523,0.0,0.0,1932816487.557257,1846635253.3274424,38315.028628043045
100000,Moderate adverse selection,1,0.5,1.2,31036.75200386783,8571.47462433637,1980411331.41021,0.0,0.0,2113864207.579818,2027682973.3500035,39608.2266282042
100000,Moderate adverse selection,1,0.5,1.25,32329.950004028993,8571.47462433637,2045071231.4182682,0.0,0.0,2294911927.602382,2208730693.372567,40901.42462836536
100000,Moderate adverse selection,1,0.5,1.3,33623.14800419015,8571.47462433637,2109731131.426326,0.0,0.0,2475959647.6249437,2389778413.395129,42194.62262852652
100000,Moderate adverse selection,1,0.5,1.35,34916.34600435131,8571.47462433637,2174391031.434384,0.0,0.0,2657007367.647506,2570826133.417691,43487.82062868768
100000,Moderate adverse selection,1,0.5,1.4,36209.54400451247,8571.47462433637,2239050931.442442,0.0,0.0,2838055087.670068,2751873853.4402533,44781.01862884884
100000,Moderate adverse selection,1,0.5,1.45,37502.74200467363,8571.47462433637,2303710831.4505,0.0,0.0,3019102807.6926303,2932921573.4628153,46074.21662901
100000,Moderate adverse selection,1,0.5,1.5,38795.94000483479,8571.47462433637,2368370731.458558,0.0,0.0,3200150527.7151937,3113969293.485379,47367.41462917116
100000,Moderate adverse selection,1,0.5,1.55,40089.13800499595,8571.47462433637,2433030631.4666157,0.0,0.0,3381198247.737755,3295017013.5079403,48660.61262933232
100000,Moderate adverse selection,1,0.5,1.6,41382.336005157114,8571.47462433637,2497690531.474674,0.0,0.0,3562245967.7603188,3476064733.530504,49953.810629493484
100000,Moderate adverse selection,1,0.5,1.65,42675.534005318266,8571.47462433637,2562350431.482732,0.0,0.0,3743293687.78288,3657112453.5530653,51247.008629654636
100000,Moderate adverse selection,1,0.5,1.7,43968.732005479425,8571.47462433637,2627010331.49079,0.0,0.0,3924341407.8054423,3838160173.5756273,52540.206629815795
100000,Moderate adverse selection,1,0.5,1.75,45261.93000564059,8571.47462433637,2691670231.498848,0.0,0.0,4105389127.8280053,4019207893.5981903,53833.40462997696
100000,Moderate adverse selection,1,0.5,1.8,46555.12800580175,8571.47462433637,2756330131.506906,0.0,0.0,4286436847.850568,4200255613.6207533,55126.60263013812
100000,Moderate adverse selection,1,0.5,1.85,47848.32600596291,8571.47462433637,2820990031.514964,0.0,0.0,4467484567.873131,4381303333.643315,56419.80063029928
100000,Moderate adverse selection,1,0.5,1.9,49141.52400612407,8571.47462433637,2885649931.523022,0.0,0.0,4648532287.895692,4562351053.665877,57712.99863046044
100000,Moderate adverse selection,1,0.5,1.95,50434.72200628523,8571.47462433637,2950309831.53108,0.0,0.0,4829580007.918254,4743398773.688439,59006.1966306216
100000,Moderate adverse selection,1,0.5,2.0,51727.92000644639,8571.47462433637,3014969731.539138,0.0,0.0,5010627727.940817,4924446493.711002,60299.39463078276
100000,Moderate adverse selection,1,0.5,2.05,53021.11800660754,8571.47462433637,3079629631.5471954,0.0,0.0,5191675447.963378,5105494213.733563,61592.59263094391
100000,Moderate adverse selection,1,0.5,2.1,54314.316006768706,8571.47462433637,3144289531.555254,0.0,0.0,5372723167.985942,5286541933.756127,62885.790631105076
100000,Moderate adverse selection,1,0.5,2.15,55607.514006929865,8571.47462433637,3208949431.5633116,0.0,0.0,5553770888.008504,5467589653.778689,64178.988631266235
100000,Moderate adverse selection,1,0.5,2.2,56900.71200709103,8571.47462433637,3273609331.57137,0.0,0.0,5734818608.031068,5648637373.801253,65472.1866314274
100000,Moderate adverse selection,1,0.5,2.25,58193.91000725218,8571.47462433637,3338269231.579428,0.0,0.0,5915866328.053631,5829685093.823815,66765.38463158856
100000,Moderate adverse selection,1,0.5,2.3,59487.10800741334,8571.47462433637,3402929131.587486,0.0,0.0,6096914048.076191,6010732813.846375,68058.58263174971
100000,Moderate adverse selection,1,0.5,2.35,60780.30600757451,8571.47462433637,3467589031.595544,0.0,0.0,6277961768.098752,6191780533.8689375,69351.78063191088
100000,Moderate adverse selection,1,0.5,2.4,62073.50400773566,8571.47462433637,3532248931.6036015,0.0,0.0,6459009488.121316,6372828253.891501,70644.97863207203
100000,Moderate adverse selection,1,0.5,2.45,63366.70200789683,8571.47462433637,3596908831.61166,0.0,0.0,6640057208.143881,6553875973.914065,71938.1766322332
100000,Moderate adverse selection,1,0.5,2.5,64659.900008057986,8571.47462433637,3661568731.6197176,0.0,0.0,6821104928.166441,6734923693.9366255,73231.37463239435
100000,Moderate adverse selection,3,0.0,0.0,0.0,8571.47462433637,0.0,1.0,0.0,-7980825957.812908,-8129592047.283972,8571.47462433637
100000,Moderate adverse selection,3,0.0,0.05,1293.1980001611598,8571.47462433637,0.0,1.0,0.0,-7631662497.769394,-7780428587.240459,9864.672624497529
100000,Moderate adverse selection,3,0.0,0.1,2586.3960003223197,8571.47462433637,0.0,1.0,0.0,-7282499037.725882,-7431265127.196945,11157.87062465869
100000,Moderate adverse selection,3,0.0,0.15,3879.594000483479,8571.47462433637,0.0,1.0,0.0,-6933335577.682368,-7082101667.153433,12451.068624819849
100000,Moderate adverse selection,3,0.0,0.2,5172.792000644639,8571.47462433637,0.0,1.0,0.0,-6584172117.638855,-6732938207.109919,13744.26662498101
100000,Moderate adverse selection,3,0.0,0.25,6465.990000805798,8571.47462433637,0.0,1.0,0.0,-6235008657.595343,-6383774747.066406,15037.46462514217
100000,Moderate adverse selection,3,0.0,0.3,7759.188000966958,8571.47462433637,0.0,1.0,0.0,-5885845197.551828,-6034611287.022893,16330.662625303328
100000,Moderate adverse selection,3,0.0,0.35,9052.386001128118,8571.47462433637,0.0,1.0,0.0,-5536681737.508316,-5685447826.97938,17623.860625464487
100000,Moderate adverse selection,3,0.0,0.4,10345.584001289279,8571.47462433637,0.0,1.0,0.0,-5187518277.464802,-5336284366.935866,18917.05862562565
100000,Moderate adverse selection,3,0.0,0.45,11638.782001450438,8571.47462433637,0.0,1.0,0.0,-4838354817.421289,-4987120906.892353,20210.25662578681
100000,Moderate adverse selection,3,0.0,0.5,12931.980001611597,8571.47462433637,0.0,1.0,0.0,-4489191357.377776,-4637957446.848841,21503.45462594797
100000,Moderate adverse selection,3,0.0,0.55,14225.178001772758,8571.47462433637,0.0,1.0,0.0,-4140027897.3342624,-4288793986.805326,22796.652626109128
100000,Moderate adverse selection,3,0.0,0.6,15518.376001933915,8571.47462433637,0.0,1.0,0.0,-3790864437.290751,-3939630526.7618146,24089.850626270287
100000,Moderate adverse selection,3,0.0,0.65,16811.574002095076,8571.47462433637,0.0,1.0,0.0,-3441700977.2472353,-3590467066.7182994,25383.048626431446
100000,Moderate adverse selection,3,0.0,0.7,18104.772002256235,8571.47462433637,0.0,1.0,0.0,-3092537517.203724,-3241303606.674788,26676.246626592605
100000,Moderate adverse selection,3,0.0,0.75,19397.970002417394,8571.47462433637,0.0,1.0,0.0,-2743374057.160211,-2892140146.6312747,27969.444626753764
100000,Moderate adverse selection,3,0.0,0.8,20691.168002578557,8571.47462433637,0.0,1.0,0.0,-2394210597.116698,-2542976686.5877614,29262.642626914927
100000,Moderate adverse selection,3,0.0,0.85,21984.366002739713,8571.47462433637,0.0,1.0,0.0,-2045047137.073184,-2193813226.544248,30555.840627076082
100000,Moderate adverse selection,3,0.0,0.9,23277.564002900875,8571.47462433637,0.0,1.0,0.0,-1695883677.0296698,-1844649766.500734,31849.038627237245
100000,Moderate adverse selection,3,0.0,0.95,24570.762003062035,8571.47462433637,0.0,1.0,0.0,-1346720216.9861555,-1495486306.4572198,33142.23662739841
100000,Moderate adverse selection,3,0.0,1.0,25863.960003223194,8571.47462433637,0.0,1.0,0.0,-997556756.9426451,-1146322846.4137094,34435.43462755956
100000,Moderate adverse selection,3,0.0,1.05,27157.158003384353,8571.47462433637,0.0,1.0,0.0,-648393296.899131,-797159386.3701952,35728.632627720726
100000,Moderate adverse selection,3,0.0,1.1,28450.356003545516,8571.47462433637,0.0,0.9998,0.0001414072133945005,-299719652.02425665,-448084444.948757,37021.830627881885
100000,Moderate adverse selection,3,0.0,1.15,29743.55400370667,8571.47462433637,0.0,0.5003,0.004999999099999919,27634957.86449392,-111736736.8907648,38315.028628043045
100000,Moderate adverse selection,3,0.0,1.2,31036.75200386783,8571.47462433637,0.0,0.0066,0.0008097184695929814,397405007.99321985,247509295.52132246,39608.2266282042
100000,Moderate adverse selection,3,0.0,1.25,32329.950004028993,8571.47462433637,0.0,0.0,0.0,748260543.2749203,599494453.8038561,40901.42462836536
100000,Moderate adverse selection,3,0.0,1.3,33623.14800419015,8571.47462433637,0.0,0.0,0.0,1097424003.3184347,948657913.8473704,42194.62262852652
100000,Moderate adverse selection,3,0.0,1.35,34916.34600435131,8571.47462433637,0.0,0.0,0.0,1446587463.361947,1297821373.8908827,43487.82062868768
100000,Moderate adverse selection,3,0.0,1.4,36209.54400451247,8571.47462433637,0.0,0.0,0.0,1795750923.4054594,1646984833.934395,44781.01862884884
100000,Moderate adverse selection,3,0.0,1.45,37502.74200467363,8571.47462433637,0.0,0.0,0.0,2144914383.448972,1996148293.9779074,46074.21662901
100000,Moderate adverse selection,3,0.0,1.5,38795.94000483479,8571.47462433637,0.0,0.0,0.0,2494077843.4924874,2345311754.021424,47367.41462917116
100000,Moderate adverse selection,3,0.0,1.55,40089.13800499595,8571.47462433637,0.0,0.0,0.0,2843241303.536,2694475214.064936,48660.61262933232
100000,Moderate adverse selection,3,0.0,1.6,41382.336005157114,8571.47462433637,0.0,0.0,0.0,3192404763.579514,3043638674.1084504,49953.810629493484
100000,Moderate adverse selection,3,0.0,1.65,42675.534005318266,8571.47462433637,0.0,0.0,0.0,3541568223.623025,3392802134.151961,51247.008629654636
100000,Moderate adverse selection,3,0.0,1.7,43968.732005479425,8571.47462433637,0.0,0.0,0.0,3890731683.666539,3741965594.195475,52540.206629815795
100000,Moderate adverse selection,3,0.0,1.75,45261.93000564059,8571.47462433637,0.0,0.0,0.0,4239895143.710053,4091129054.2389894,53833.40462997696
100000,Moderate adverse selection,3,0.0,1.8,46555.12800580175,8571.47462433637,0.0,0.0,0.0,4589058603.753566,4440292514.282501,55126.60263013812
100000,Moderate adverse selection,3,0.0,1.85,47848.32600596291,8571.47462433637,0.0,0.0,0.0,4938222063.797078,4789455974.326014,56419.80063029928
100000,Moderate adverse selection,3,0.0,1.9,49141.52400612407,8571.47462433637,0.0,0.0,0.0,5287385523.840592,5138619434.369528,57712.99863046044
100000,Moderate adverse selection,3,0.0,1.95,50434.72200628523,8571.47462433637,0.0,0.0,0.0,5636548983.884103,5487782894.413038,59006.1966306216
100000,Moderate adverse selection,3,0.0,2.0,51727.92000644639,8571.47462433637,0.0,0.0,0.0,5985712443.927619,5836946354.456554,60299.39463078276
100000,Moderate adverse selection,3,0.0,2.05,53021.11800660754,8571.47462433637,0.0,0.0,0.0,6334875903.971129,6186109814.500065,61592.59263094391
100000,Moderate adverse selection,3,0.0,2.1,54314.316006768706,8571.47462433637,0.0,0.0,0.0,6684039364.014646,6535273274.543581,62885.790631105076
100000,Moderate adverse selection,3,0.0,2.15,55607.514006929865,8571.47462433637,0.0,0.0,0.0,7033202824.058156,6884436734.587091,64178.988631266235
100000,Moderate adverse selection,3,0.0,2.2,56900.71200709103,8571.47462433637,0.0,0.0,0.0,7382366284.10167,7233600194.630606,65472.1866314274
100000,Moderate adverse selection,3,0.0,2.25,58193.91000725218,8571.47462433637,0.0,0.0,0.0,7731529744.1451845,7582763654.67412,66765.38463158856
100000,Moderate adverse selection,3,0.0,2.3,59487.10800741334,8571.47462433637,0.0,0.0,0.0,8080693204.188695,7931927114.71763,68058.58263174971
100000,Moderate adverse selection,3,0.0,2.35,60780.30600757451,8571.47462433637,0.0,0.0,0.0,8429856664.232209,8281090574.761145,69351.78063191088
100000,Moderate adverse selection,3,0.0,2.4,62073.50400773566,8571.47462433637,0.0,0.0,0.0,8779020124.275723,8630254034.804659,70644.97863207203
100000,Moderate adverse selection,3,0.0,2.45,63366.70200789683,8571.47462433637,0.0,0.0,0.0,9128183584.319237,8979417494.848173,71938.1766322332
100000,Moderate adverse selection,3,0.0,2.5,64659.900008057986,8571.47462433637,0.0,0.0,0.0,9477347044.36275,9328580954.891684,73231.37463239435
100000,Moderate adverse selection,3,0.1,0.0,0.0,8571.47462433637,85714746.2433637,1.0,0.0,-7895111211.569542,-8043877301.040607,8571.47462433637
100000,Moderate adverse selection,3,0.1,0.05,1293.1980001611598,8571.47462433637,98646726.24497528,1.0,0.0,-7533015771.524419,-7681781860.995483,9864.672624497529
100000,Moderate adverse selection,3,0.1,0.1,2586.3960003223197,8571.47462433637,111578706.2465869,1.0,0.0,-7170920331.479296,-7319686420.950359,11157.87062465869
100000,Moderate adverse selection,3,0.1,0.15,3879.594000483479,8571.47462433637,124510686.2481985,1.0,0.0,-6808824891.434171,-6957590980.905234,12451.068624819849
100000,Moderate adverse selection,3,0.1,0.2,5172.792000644639,8571.47462433637,137442666.2498101,1.0,0.0,-6446729451.389044,-6595495540.860108,13744.26662498101
100000,Moderate adverse selection,3,0.1,0.25,6465.990000805798,8571.47462433637,150374646.2514217,1.0,0.0,-6084634011.343921,-6233400100.814984,15037.46462514217
100000,Moderate adverse selection,3,0.1,0.3,7759.188000966958,8571.47462433637,163306626.25303328,1.0,0.0,-5722538571.298796,-5871304660.769859,16330.662625303328
100000,Moderate adverse selection,3,0.1,0.35,9052.386001128118,8571.47462433637,176238606.25464487,1.0,0.0,-5360443131.253671,-5509209220.724735,17623.860625464487
100000,Moderate adverse selection,3,0.1,0.4,10345.584001289279,8571.47462433637,189170586.2562565,1.0,0.0,-4998347691.208546,-5147113780.67961,18917.05862562565
100000,Moderate adverse selection,3,0.1,0.45,11638.782001450438,8571.47462433637,202102566.25786808,1.0,0.0,-4636252251.163421,-4785018340.634485,20210.25662578681
100000,Moderate adverse selection,3,0.1,0.5,12931.980001611597,8571.47462433637,215034546.25947967,1.0,0.0,-4274156811.118297,-4422922900.589361,21503.45462594797
100000,Moderate adverse selection,3,0.1,0.55,14225.178001772758,8571.47462433637,227966526.26109126,1.0,0.0,-3912061371.07317,-4060827460.5442348,22796.652626109128
100000,Moderate adverse selection,3,0.1,0.6,15518.376001933915,8571.47462433637,240898506.26270288,1.0,0.0,-3549965931.0280476,-3698732020.4991117,24089.850626270287
100000,Moderate adverse selection,3,0.1,0.65,16811.574002095076,8571.47462433637,253830486.26431447,1.0,0.0,-3187870490.9829206,-3336636580.4539847,25383.048626431446
100000,Moderate adverse selection,3,0.1,0.7,18104.772002256235,8571.47462433637,266762466.26592606,1.0,0.0,-2825775050.9377975,-2974541140.4088616,26676.246626592605
100000,Moderate adverse selection,3,0.1,0.75,19397.970002417394,8571.47462433637,279694446.26753765,1.0,0.0,-2463679610.8926725,-2612445700.3637366,27969.444626753764
100000,Moderate adverse selection,3,0.1,0.8,20691.168002578557,8571.47462433637,292626426.26914924,1.0,0.0,-2101584170.8475485,-2250350260.3186126,29262.642626914927
100000,Moderate adverse selection,3,0.1,0.85,21984.366002739713,8571.47462433637,305558406.27076083,1.0,0.0,-1739488730.8024237,-1888254820.2734878,30555.840627076082
100000,Moderate adverse selection,3,0.1,0.9,23277.564002900875,8571.47462433637,318490386.2723724,1.0,0.0,-1377393290.7572966,-1526159380.228361,31849.038627237245
100000,Moderate adverse selection,3,0.1,0.95,24570.762003062035,8571.47462433637,331422366.2739841,1.0,0.0,-1015297850.7121707,-1164063940.183235,33142.23662739841
100000,Moderate adverse selection,3,0.1,1.0,25863.960003223194,8571.47462433637,344354346.2755956,1.0,0.0,-653202410.6670505,-801968500.1381147,34435.43462755956
100000,Moderate adverse selection,3,0.1,1.05,27157.158003384353,8571.47462433637,357286326.27720726,0.9996,0.0001999599959991888,-291106970.6219245,-439873060.09298867,35728.632627720726
100000,Moderate adverse selection,3,0.1,1.1,28450.356003545516,8571.47462433637,370218306.27881885,0.2143,0.004103358502495243,70977961.60554346,-77866138.66993885,37021.830627881885
100000,Moderate adverse selection,3,0.1,1.15,29743.55400370667,8571.47462433637,383150286.28043044,0.0,0.0,433083909.46832556,284317819.99726135,38315.028628043045
100000,Moderate adverse selection,3,0.1,1.2,31036.75200386783,8571.47462433637,396082266.28204197,0.0,0.0,795179349.5134476,646413260.0423834,39608.2266282042
100000,Moderate adverse selection,3,0.1,1.25,32329.950004028993,8571.47462433637,409014246.2836536,0.0,0.0,1157274789.5585737,1008508700.0875094,40901.42462836536
100000,Moderate adverse selection,3,0.1,1.3,33623.14800419015,8571.47462433637,421946226.2852652,0.0,0.0,1519370229.6036997,1370604140.1326354,42194.62262852652
100000,Moderate adverse selection,3,0.1,1.35,34916.34600435131,8571.47462433637,434878206.2868768,0.0,0.0,1881465669.6488235,1732699580.1777594,43487.82062868768
100000,Moderate adverse selection,3,0.1,1.4,36209.54400451247,8571.47462433637,447810186.2884884,0.0,0.0,2243561109.693948,2094795020.2228835,44781.01862884884
100000,Moderate adverse selection,3,0.1,1.45,37502.74200467363,8571.47462433637,460742166.2901,0.0,0.0,2605656549.739072,2456890460.2680078,46074.21662901
100000,Moderate adverse selection,3,0.1,1.5,38795.94000483479,8571.47462433637,473674146.29171157,0.0,0.0,2967751989.7841997,2818985900.3131356,47367.41462917116
100000,Moderate adverse selection,3,0.1,1.55,40089.13800499595,8571.47462433637,486606126.29332316,0.0,0.0,3329847429.8293233,3181081340.3582597,48660.61262933232
100000,Moderate adverse selection,3,0.1,1.6,41382.336005157114,8571.47462433637,499538106.29493487,0.0,0.0,3691942869.87445,3543176780.4033856,49953.810629493484
100000,Moderate adverse selection,3,0.1,1.65,42675.534005318266,8571.47462433637,512470086.29654634,0.0,0.0,4054038309.919572,3905272220.448508,51247.008629654636
100000,Moderate adverse selection,3,0.1,1.7,43968.732005479425,8571.47462433637,525402066.29815793,0.0,0.0,4416133749.964698,4267367660.4936337,52540.206629815795
100000,Moderate adverse selection,3,0.1,1.75,45261.93000564059,8571.47462433637,538334046.2997696,0.0,0.0,4778229190.009824,4629463100.538759,53833.40462997696
100000,Moderate adverse selection,3,0.1,1.8,46555.12800580175,8571.47462433637,551266026.3013812,0.0,0.0,5140324630.054948,4991558540.583883,55126.60263013812
100000,Moderate adverse selection,3,0.1,1.85,47848.32600596291,8571.47462433637,564198006.3029928,0.0,0.0,5502420070.100072,5353653980.629007,56419.80063029928
100000,Moderate adverse selection,3,0.1,1.9,49141.52400612407,8571.47462433637,577129986.3046044,0.0,0.0,5864515510.145195,5715749420.674131,57712.99863046044
100000,Moderate adverse selection,3,0.1,1.95,50434.72200628523,8571.47462433637,590061966.306216,0.0,0.0,6226610950.190319,6077844860.719254,59006.1966306216
100000,Moderate adverse selection,3,0.1,2.0,51727.92000644639,8571.47462433637,602993946.3078276,0.0,0.0,6588706390.235445,6439940300.764381,60299.39463078276
100000,Moderate adverse selection,3,0.1,2.05,53021.11800660754,8571.47462433637,615925926.3094391,0.0,0.0,6950801830.280569,6802035740.809504,61592.59263094391
100000,Moderate adverse selection,3,0.1,2.1,54314.316006768706,8571.47462433637,628857906.3110508,0.0,0.0,7312897270.325697,7164131180.854631,62885.790631105076
100000,Moderate adverse selection,3,0.1,2.15,55607.514006929865,8571.47462433637,641789886.3126624,0.0,0.0,7674992710.37082,7526226620.8997555,64178.988631266235
100000,Moderate adverse selection,3,0.1,2.2,56900.71200709103,8571.47462433637,654721866.314274,0.0,0.0,8037088150.415944,7888322060.94488,65472.1866314274
100000,Moderate adverse selection,3,0.1,2.25,58193.91000725218,8571.47462433637,667653846.3158855,0.0,0.0,8399183590.461069,8250417500.990004,66765.38463158856
100000,Moderate adverse selection,3,0.1,2.3,59487.10800741334,8571.47462433637,680585826.3174971,0.0,0.0,8761279030.506191,8612512941.035128,68058.58263174971
100000,Moderate adverse selection,3,0.1,2.35,60780.30600757451,8571.47462433637,693517806.3191088,0.0,0.0,9123374470.551315,8974608381.080252,69351.78063191088
100000,Moderate adverse selection,3,0.1,2.4,62073.50400773566,8571.47462433637,706449786.3207203,0.0,0.0,9485469910.596443,9336703821.12538,70644.97863207203
100000,Moderate adverse selection,3,0.1,2.45,63366.70200789683,8571.47462433637,719381766.322332,0.0,0.0,9847565350.64157,9698799261.170504,71938.1766322332
100000,Moderate adverse selection,3,0.1,2.5,64659.900008057986,8571.47462433637,732313746.3239435,0.0,0.0,10209660790.686691,10060894701.215628,73231.37463239435
100000,Moderate adverse selection,3,0.25,0.0,0.0,8571.47462433637,214286865.60840926,1.0,0.0,-7766539092.204497,-7915305181.675562,8571.47462433637
100000,Moderate adverse selection,3,0.25,0.05,1293.1980001611598,8571.47462433637,246616815.61243823,1.0,0.0,-7385045682.156957,-7533811771.628021,9864.672624497529
100000,Moderate adverse selection,3,0.25,0.1,2586.3960003223197,8571.47462433637,278946765.61646724,1.0,0.0,-7003552272.109414,-7152318361.580479,11157.87062465869
100000,Moderate adverse selection,3,0.25,0.15,3879.594000483479,8571.47462433637,311276715.6204962,1.0,0.0,-6622058862.061872,-6770824951.532936,12451.068624819849
100000,Moderate adverse selection,3,0.25,0.2,5172.792000644639,8571.47462433637,343606665.62452525,1.0,0.0,-6240565452.014329,-6389331541.485394,13744.26662498101
100000,Moderate adverse selection,3,0.25,0.25,6465.990000805798,8571.47462433637,375936615.6285542,1.0,0.0,-5859072041.966787,-6007838131.437852,15037.46462514217
100000,Moderate adverse selection,3,0.25,0.3,7759.188000966958,8571.47462433637,408266565.6325832,1.0,0.0,-5477578631.919246,-5626344721.390309,16330.662625303328
100000,Moderate adverse selection,3,0.25,0.35,9052.386001128118,8571.47462433637,440596515.6366122,1.0,0.0,-5096085221.871703,-5244851311.342768,17623.860625464487
100000,Moderate adverse selection,3,0.25,0.4,10345.584001289279,8571.47462433637,472926465.6406413,1.0,0.0,-4714591811.824161,-4863357901.295225,18917.05862562565
100000,Moderate adverse selection,3,0.25,0.45,11638.782001450438,8571.47462433637,505256415.64467025,1.0,0.0,-4333098401.776619,-4481864491.247683,20210.25662578681
100000,Moderate adverse selection,3,0.25,0.5,12931.980001611597,8571.47462433637,537586365.6486992,1.0,0.0,-3951604991.7290783,-4100371081.2001414,21503.45462594797
100000,Moderate adverse selection,3,0.25,0.55,14225.178001772758,8571.47462433637,569916315.6527282,1.0,0.0,-3570111581.6815343,-3718877671.152598,22796.652626109128
100000,Moderate adverse selection,3,0.25,0.6,15518.376001933915,8571.47462433637,602246265.6567571,1.0,0.0,-3188618171.6339936,-3337384261.1050572,24089.850626270287
100000,Moderate adverse selection,3,0.25,0.65,16811.574002095076,8571.47462433637,634576215.6607862,1.0,0.0,-2807124761.58645,-2955890851.0575137,25383.048626431446
100000,Moderate adverse selection,3,0.25,0.7,18104.772002256235,8571.47462433637,666906165.6648151,1.0,0.0,-2425631351.538909,-2574397441.009973,26676.246626592605
100000,Moderate adverse selection,3,0.25,0.75,19397.970002417394,8571.47462433637,699236115.6688441,1.0,0.0,-2044137941.4913664,-2192904030.9624305,27969.444626753764
100000,Moderate adverse selection,3,0.25,0.8,20691.168002578557,8571.47462433637,731566065.6728731,1.0,0.0,-1662644531.4438238,-1811410620.9148881,29262.642626914927
100000,Moderate adverse selection,3,0.25,0.85,21984.366002739713,8571.47462433637,763896015.676902,1.0,0.0,-1281151121.3962812,-1429917210.8673456,30555.840627076082
100000,Moderate adverse selection,3,0.25,0.9,23277.564002900875,8571.47462433637,796225965.6809311,1.0,0.0,-899657711.3487387,-1048423800.819803,31849.038627237245
100000,Moderate adverse selection,3,0.25,0.95,24570.762003062035,8571.47462433637,828555915.6849602,1.0,0.0,-518164301.3011962,-666930390.7722604,33142.23662739841
100000,Moderate adverse selection,3,0.25,1.0,25863.960003223194,8571.47462433637,860885865.688989,0.9381,0.0024097383675411727,-136670891.25365552,-285436980.7247197,34435.43462755956
100000,Moderate adverse selection,3,0.25,1.05,27157.158003384353,8571.47462433637,893215815.6930182,0.003,0.0005469003565550127,244822518.79388705,96056429.32282285,35728.632627720726
100000,Moderate adverse selection,3,0.25,1.1,28450.356003545516,8571.47462433637,925545765.6970471,0.0,0.0,626315928.8414297,477549839.37036544,37021.830627881885
100000,Moderate adverse selection,3,0.25,1.15,29743.55400370667,8571.47462433637,957875715.7010761,0.0,0.0,1007809338.8889723,859043249.417908,38315.028628043045
100000,Moderate adverse selection,3,0.25,1.2,31036.75200386783,8571.47462433637,990205665.705105,0.0,0.0,1389302748.936511,1240536659.4654467,39608.2266282042
100000,Moderate adverse selection,3,0.25,1.25,32329.950004028993,8571.47462433637,1022535615.7091341,0.0,0.0,1770796158.9840555,1622030069.5129912,40901.42462836536
100000,Moderate adverse selection,3,0.25,1.3,33623.14800419015,8571.47462433637,1054865565.713163,0.0,0.0,2152289569.0315976,2003523479.5605338,42194.62262852652
100000,Moderate adverse selection,3,0.25,1.35,34916.34600435131,8571.47462433637,1087195515.717192,0.0,0.0,2533782979.079139,2385016889.6080747,43487.82062868768
100000,Moderate adverse selection,3,0.25,1.4,36209.54400451247,8571.47462433637,1119525465.721221,0.0,0.0,2915276389.12668,2766510299.6556153,44781.01862884884
100000,Moderate adverse selection,3,0.25,1.45,37502.74200467363,8571.47462433637,1151855415.72525,0.0,0.0,3296769799.174222,3148003709.703158,46074.21662901
100000,Moderate adverse selection,3,0.25,1.5,38795.94000483479,8571.47462433637,1184185365.729279,0.0,0.0,3678263209.2217655,3529497119.7507024,47367.41462917116
100000,Moderate adverse selection,3,0.25,1.55,40089.13800499595,8571.47462433637,1216515315.7333078,0.0,0.0,4059756619.269307,3910990529.798243,48660.61262933232
100000,Moderate adverse selection,3,0.25,1.6,41382.336005157114,8571.47462433637,1248845265.737337,0.0,0.0,4441250029.316852,4292483939.8457875,49953.810629493484
100000,Moderate adverse selection,3,0.25,1.65,42675.534005318266,8571.47462433637,1281175215.741366,0.0,0.0,4822743439.36439,4673977349.893326,51247.008629654636
100000,Moderate adverse selection,3,0.25,1.7,43968.732005479425,8571.47462433637,1313505165.745395,0.0,0.0,5204236849.411934,5055470759.94087,52540.206629815795
100000,Moderate adverse selection,3,0.25,1.75,45261.93000564059,8571.47462433637,1345835115.749424,0.0,0.0,5585730259.459477,5436964169.988413,53833.40462997696
100000,Moderate adverse selection,3,0.25,1.8,46555.12800580175,8571.47462433637,1378165065.753453,0.0,0.0,5967223669.507018,5818457580.0359535,55126.60263013812
100000,Moderate adverse selection,3,0.25,1.85,47848.32600596291,8571.47462433637,1410495015.757482,0.0,0.0,6348717079.554561,6199950990.083496,56419.80063029928
100000,Moderate adverse selection,3,0.25,1.9,49141.52400612407,8571.47462433637,1442824965.761511,0.0,0.0,6730210489.602103,6581444400.131039,57712.99863046044
100000,Moderate adverse selection,3,0.25,1.95,50434.72200628523,8571.47462433637,1475154915.76554,0.0,0.0,7111703899.649644,6962937810.178579,59006.1966306216
100000,Moderate adverse selection,3,0.25,2.0,51727.92000644639,8571.47462433637,1507484865.769569,0.0,0.0,7493197309.6971855,7344431220.226122,60299.39463078276
100000,Moderate adverse selection,3,0.25,2.05,53021.11800660754,8571.47462433637,1539814815.7735977,0.0,0.0,7874690719.74473,7725924630.273664,61592.59263094391
100000,Moderate adverse selection,3,0.25,2.1,54314.316006768706,8571.47462433637,1572144765.777627,0.0,0.0,8256184129.792272,8107418040.321207,62885.790631105076
100000,Moderate adverse selection,3,0.25,2.15,55607.514006929865,8571.47462433637,1604474715.7816558,0.0,0.0,8637677539.839811,8488911450.368746,64178.988631266235
100000,Moderate adverse selection,3,0.25,2.2,56900.71200709103,8571.47462433637,1636804665.785685,0.0,0.0,9019170949.887356,8870404860.416292,65472.1866314274
100000,Moderate adverse selection,3,0.25,2.25,58193.91000725218,8571.47462433637,1669134615.789714,0.0,0.0,9400664359.9349,9251898270.463835,66765.38463158856
100000,Moderate adverse selection,3,0.25,2.3,59487.10800741334,8571.47462433637,1701464565.793743,0.0,0.0,9782157769.982437,9633391680.511374,68058.58263174971
100000,Moderate adverse selection,3,0.25,2.35,60780.30600757451,8571.47462433637,1733794515.797772,0.0,0.0,10163651180.029982,10014885090.558916,69351.78063191088
100000,Moderate adverse selection,3,0.25,2.4,62073.50400773566,8571.47462433637,1766124465.8018007,0.0,0.0,10545144590.077524,10396378500.606459,70644.97863207203
100000,Moderate adverse selection,3,0.25,2.45,63366.70200789683,8571.47462433637,1798454415.80583,0.0,0.0,10926638000.12507,10777871910.654005,71938.1766322332
100000,Moderate adverse selection,3,0.25,2.5,64659.900008057986,8571.47462433637,1830784365.8098588,0.0,0.0,11308131410.172607,11159365320.701544,73231.37463239435
100000,Moderate adverse selection,3,0.5,0.0,0.0,8571.47462433637,428573731.2168185,1.0,0.0,-7552252226.596089,-7701018316.067154,8571.47462433637
100000,Moderate adverse selection,3,0.5,0.05,1293.1980001611598,8571.47462433637,493233631.22487646,1.0,0.0,-7138428866.544518,-7287194956.015583,9864.672624497529
100000,Moderate adverse selection,3,0.5,0.1,2586.3960003223197,8571.47462433637,557893531.2329345,1.0,0.0,-6724605506.492947,-6873371595.964011,11157.87062465869
100000,Moderate adverse selection,3,0.5,0.15,3879.594000483479,8571.47462433637,622553431.2409924,1.0,0.0,-6310782146.441377,-6459548235.91244,12451.068624819849
100000,Moderate adverse selection,3,0.5,0.2,5172.792000644639,8571.47462433637,687213331.2490505,1.0,0.0,-5896958786.389804,-6045724875.860868,13744.26662498101
100000,Moderate adverse selection,3,0.5,0.25,6465.990000805798,8571.47462433637,751873231.2571084,1.0,0.0,-5483135426.338233,-5631901515.809298,15037.46462514217
100000,Moderate adverse selection,3,0.5,0.3,7759.188000966958,8571.47462433637,816533131.2651664,1.0,0.0,-5069312066.286662,-5218078155.757727,16330.662625303328
100000,Moderate adverse selection,3,0.5,0.35,9052.386001128118,8571.47462433637,881193031.2732244,1.0,0.0,-4655488706.235091,-4804254795.706156,17623.860625464487
100000,Moderate adverse selection,3,0.5,0.4,10345.584001289279,8571.47462433637,945852931.2812825,1.0,0.0,-4241665346.1835203,-4390431435.654584,18917.05862562565
100000,Moderate adverse selection,3,0.5,0.45,11638.782001450438,8571.47462433637,1010512831.2893405,1.0,0.0,-3827841986.131947,-3976608075.6030116,20210.25662578681
100000,Moderate adverse selection,3,0.5,0.5,12931.980001611597,8571.47462433637,1075172731.2973983,1.0,0.0,-3414018626.080378,-3562784715.5514417,21503.45462594797
100000,Moderate adverse selection,3,0.5,0.55,14225.178001772758,8571.47462433637,1139832631.3054564,1.0,0.0,-3000195266.028806,-3148961355.49987,22796.652626109128
100000,Moderate adverse selection,3,0.5,0.6,15518.376001933915,8571.47462433637,1204492531.3135142,1.0,0.0,-2586371905.9772367,-2735137995.448301,24089.850626270287
100000,Moderate adverse selection,3,0.5,0.65,16811.574002095076,8571.47462433637,1269152431.3215723,1.0,0.0,-2172548545.9256625,-2321314635.396727,25383.048626431446
100000,Moderate adverse selection,3,0.5,0.7,18104.772002256235,8571.47462433637,1333812331.3296301,1.0,0.0,-1758725185.8740942,-1907491275.3451583,26676.246626592605
100000,Moderate adverse selection,3,0.5,0.75,19397.970002417394,8571.47462433637,1398472231.3376882,1.0,0.0,-1344901825.8225222,-1493667915.2935865,27969.444626753764
100000,Moderate adverse selection,3,0.5,0.8,20691.168002578557,8571.47462433637,1463132131.3457463,1.0,0.0,-931078465.7709512,-1079844555.2420156,29262.642626914927
100000,Moderate adverse selection,3,0.5,0.85,21984.366002739713,8571.47462433637,1527792031.353804,1.0,0.0,-517255105.7193805,-666021195.1904447,30555.840627076082
100000,Moderate adverse selection,3,0.5,0.9,23277.564002900875,8571.47462433637,1592451931.3618622,0.8744,0.0033139800844302013,-103431745.66780767,-252197835.13887185,31849.038627237245
100000,Moderate adverse selection,3,0.5,0.95,24570.762003062035,8571.47462433637,1657111831.3699205,0.0004,0.0001999599959991998,310391614.38376516,161625524.91270095,33142.23662739841
100000,Moderate adverse selection,3,0.5,1.0,25863.960003223194,8571.47462433637,1721771731.377978,0.0,0.0,724214974.4353322,575448884.964268,34435.43462755956
100000,Moderate adverse selection,3,0.5,1.05,27157.158003384353,8571.47462433637,1786431631.3860364,0.0,0.0,1138038334.486905,989272245.0158408,35728.632627720726
100000,Moderate adverse selection,3,0.5,1.1,28450.356003545516,8571.47462433637,1851091531.3940942,0.0,0.0,1551861694.538478,1403095605.0674136,37021.830627881885
100000,Moderate adverse selection,3,0.5,1.15,29743.55400370667,8571.47462433637,1915751431.4021523,0.0,0.0,1965685054.5900486,1816918965.1189845,38315.028628043045
100000,Moderate adverse selection,3,0.5,1.2,31036.75200386783,8571.47462433637,1980411331.41021,0.0,0.0,2379508414.6416154,2230742325.170552,39608.2266282042
100000,Moderate adverse selection,3,0.5,1.25,32329.950004028993,8571.47462433637,2045071231.4182682,0.0,0.0,2793331774.693188,2644565685.2221246,40901.42462836536
100000,Moderate adverse selection,3,0.5,1.3,33623.14800419015,8571.47462433637,2109731131.426326,0.0,0.0,3207155134.744762,3058389045.2736974,42194.62262852652
100000,Moderate adverse selection,3,0.5,1.35,34916.34600435131,8571.47462433637,2174391031.434384,0.0,0.0,3620978494.7963295,3472212405.3252664,43487.82062868768
100000,Moderate adverse selection,3,0.5,1.4,36209.54400451247,8571.47462433637,2239050931.442442,0.0,0.0,4034801854.8479013,3886035765.3768373,44781.01862884884
100000,Moderate adverse selection,3,0.5,1.45,37502.74200467363,8571.47462433637,2303710831.4505,0.0,0.0,4448625214.899472,4299859125.428408,46074.21662901
100000,Moderate adverse selection,3,0.5,1.5,38795.94000483479,8571.47462433637,2368370731.458558,0.0,0.0,4862448574.951047,4713682485.479982,47367.41462917116
100000,Moderate adverse selection,3,0.5,1.55,40089.13800499595,8571.47462433637,2433030631.4666157,0.0,0.0,5276271935.002616,5127505845.531551,48660.61262933232
100000,Moderate adverse selection,3,0.5,1.6,41382.336005157114,8571.47462433637,2497690531.474674,0.0,0.0,5690095295.054189,5541329205.583124,49953.810629493484
100000,Moderate adverse selection,3,0.5,1.65,42675.534005318266,8571.47462433637,2562350431.482732,0.0,0.0,6103918655.105756,5955152565.634691,51247.008629654636
100000,Moderate adverse selection,3,0.5,1.7,43968.732005479425,8571.47462433637,2627010331.49079,0.0,0.0,6517742015.157328,6368975925.686264,52540.206629815795
100000,Moderate adverse selection,3,0.5,1.75,45261.93000564059,8571.47462433637,2691670231.498848,0.0,0.0,6931565375.208901,6782799285.737837,53833.40462997696
100000,Moderate adverse selection,3,0.5,1.8,46555.12800580175,8571.47462433637,2756330131.506906,0.0,0.0,7345388735.260472,7196622645.789408,55126.60263013812
100000,Moderate adverse selection,3,0.5,1.85,47848.32600596291,8571.47462433637,2820990031.514964,0.0,0.0,7759212095.312044,7610446005.840979,56419.80063029928
100000,Moderate adverse selection,3,0.5,1.9,49141.52400612407,8571.47462433637,2885649931.523022,0.0,0.0,8173035455.363614,8024269365.8925495,57712.99863046044
100000,Moderate adverse selection,3,0.5,1.95,50434.72200628523,8571.47462433637,2950309831.53108,0.0,0.0,8586858815.415181,8438092725.944117,59006.1966306216
100000,Moderate adverse selection,3,0.5,2.0,51727.92000644639,8571.47462433637,3014969731.539138,0.0,0.0,9000682175.466757,8851916085.995691,60299.39463078276
100000,Moderate adverse selection,3,0.5,2.05,53021.11800660754,8571.47462433637,3079629631.5471954,0.0,0.0,9414505535.518326,9265739446.047262,61592.59263094391
100000,Moderate adverse selection,3,0.5,2.1,54314.316006768706,8571.47462433637,3144289531.555254,0.0,0.0,9828328895.569902,9679562806.098837,62885.790631105076
100000,Moderate adverse selection,3,0.5,2.15,55607.514006929865,8571.47462433637,3208949431.5633116,0.0,0.0,10242152255.62147,10093386166.150404,64178.988631266235
100000,Moderate adverse selection,3,0.5,2.2,56900.71200709103,8571.47462433637,3273609331.57137,0.0,0.0,10655975615.673038,10507209526.201975,65472.1866314274
100000,Moderate adverse selection,3,0.5,2.25,58193.91000725218,8571.47462433637,3338269231.579428,0.0,0.0,11069798975.724613,10921032886.25355,66765.38463158856
100000,Moderate adverse selection,3,0.5,2.3,59487.10800741334,8571.47462433637,3402929131.587486,0.0,0.0,11483622335.776182,11334856246.305117,68058.58263174971
100000,Moderate adverse selection,3,0.5,2.35,60780.30600757451,8571.47462433637,3467589031.595544,0.0,0.0,11897445695.827751,11748679606.356688,69351.78063191088
100000,Moderate adverse selection,3,0.5,2.4,62073.50400773566,8571.47462433637,3532248931.6036015,0.0,0.0,12311269055.879326,12162502966.408262,70644.97863207203
100000,Moderate adverse selection,3,0.5,2.45,63366.70200789683,8571.47462433637,3596908831.61166,0.0,0.0,12725092415.930897,12576326326.459833,71938.1766322332
100000,Moderate adverse selection,3,0.5,2.5,64659.900008057986,8571.47462433637,3661568731.6197176,0.0,0.0,13138915775.982466,12990149686.5114,73231.37463239435
5000,Strong adverse selection,1,0.0,0.0,0.0,8571.47462433637,0.0,1.0,0.0,-214002458.60720676,-238391085.3646123,8571.47462433637
5000,Strong adverse selection,1,0.0,0.05,1293.1980001611598,8571.47462433637,0.0,1.0,0.0,-208183067.60648155,-232571694.3638871,9864.672624497529
5000,Strong adverse selection,1,0.0,0.1,2586.3960003223197,8571.47462433637,0.0,1.0,0.0,-202363676.6057563,-226752303.36316186,11157.87062465869
5000,Strong adverse selection,1,0.0,0.15,3879.594000483479,8571.47462433637,0.0,1.0,0.0,-196544285.6050311,-220932912.36243665,12451.068624819849
5000,Strong adverse selection,1,0.0,0.2,5172.792000644639,8571.47462433637,0.0,1.0,0.0,-190724894.60430586,-215113521.3617114,13744.26662498101
5000,Strong adverse selection,1,0.0,0.25,6465.990000805798,8571.47462433637,0.0,1.0,0.0,-184905503.60358065,-209294130.3609862,15037.46462514217
5000,Strong adverse selection,1,0.0,0.3,7759.188000966958,8571.47462433637,0.0,1.0,0.0,-179086112.6028554,-203474739.360261,16330.662625303328
5000,Strong adverse selection,1,0.0,0.35,9052.386001128118,8571.47462433637,0.0,1.0,0.0,-173266721.6021302,-197655348.35953575,17623.860625464487
5000,Strong adverse selection,1,0.0,0.4,10345.584001289279,8571.47462433637,0.0,1.0,0.0,-167447330.601405,-191835957.35881054,18917.05862562565
5000,Strong adverse selection,1,0.0,0.45,11638.782001450438,8571.47462433637,0.0,1.0,0.0,-161627939.60067979,-186016566.35808533,20210.25662578681
5000,Strong adverse selection,1,0.0,0.5,12931.980001611597,8571.47462433637,0.0,1.0,0.0,-155808548.59995458,-180197175.35736012,21503.45462594797
5000,Strong adverse selection,1,0.0,0.55,14225.178001772758,8571.47462433637,0.0,1.0,0.0,-149989157.59922934,-174377784.3566349,22796.652626109128
5000,Strong adverse selection,1,0.0,0.6,15518.376001933915,8571.47462433637,0.0,1.0,0.0,-144169766.59850413,-168558393.35590968,24089.850626270287
5000,Strong adverse selection,1,0.0,0.65,16811.574002095076,8571.47462433637,0.0,1.0,0.0,-138350375.59777892,-162739002.35518444,25383.048626431446
5000,Strong adverse selection,1,0.0,0.7,18104.772002256235,8571.47462433637,0.0,1.0,0.0,-132530984.5970537,-156919611.35445923,26676.246626592605
5000,Strong adverse selection,1,0.0,0.75,19397.970002417394,8571.47462433637,0.0,1.0,0.0,-126711593.59632847,-151100220.35373402,27969.444626753764
5000,Strong adverse selection,1,0.0,0.8,20691.168002578557,8571.47462433637,0.0,1.0,0.0,-120892202.59560327,-145280829.3530088,29262.642626914927
5000,Strong adverse selection,1,0.0,0.85,21984.366002739713,8571.47462433637,0.0,1.0,0.0,-115072811.59487805,-139461438.3522836,30555.840627076082
5000,Strong adverse selection,1,0.0,0.9,23277.564002900875,8571.47462433637,0.0,1.0,0.0,-109253420.59415284,-133642047.35155837,31849.038627237245
5000,Strong adverse selection,1,0.0,0.95,24570.762003062035,8571.47462433637,0.0,1.0,0.0,-103434029.59342757,-127822656.3508331,33142.23662739841
5000,Strong adverse selection,1,0.0,1.0,25863.960003223194,8571.47462433637,0.0,1.0,0.0,-97614638.59270239,-122003265.35010792,34435.43462755956
5000,Strong adverse selection,1,0.0,1.05,27157.158003384353,8571.47462433637,0.0,1.0,0.0,-91795247.59197715,-116183874.34938268,35728.632627720726
5000,Strong adverse selection,1,0.0,1.1,28450.356003545516,8571.47462433637,0.0,1.0,0.0,-85975856.59125192,-110364483.34865747,37021.830627881885
5000,Strong adverse selection,1,0.0,1.15,29743.55400370667,8571.47462433637,0.0,1.0,0.0,-80156465.59052673,-104545092.34793226,38315.028628043045
5000,Strong adverse selection,1,0.0,1.2,31036.75200386783,8571.47462433637,0.0,1.0,0.0,-74337074.58980152,-98725701.34720705,39608.2266282042
5000,Strong adverse selection,1,0.0,1.25,32329.950004028993,8571.47462433637,0.0,1.0,0.0,-68517683.58907627,-92906310.34648181,40901.42462836536
5000,Strong adverse selection,1,0.0,1.3,33623.14800419015,8571.47462433637,0.0,1.0,0.0,-62698292.58835107,-87086919.3457566,42194.62262852652
5000,Strong adverse selection,1,0.0,1.35,34916.34600435131,8571.47462433637,0.0,0.9999,9.999499987498824e-05,-56878901.58762585,-81267528.3450314,43487.82062868768
5000,Strong adverse selection,1,0.0,1.4,36209.54400451247,8571.47462433637,0.0,0.9999,9.999499987498824e-05,-51059510.58690065,-75448137.34430619,44781.01862884884
5000,Strong adverse selection,1,0.0,1.45,37502.74200467363,8571.47462433637,0.0,0.9998,0.0001414072133945005,-45240119.58617541,-69628746.34358095,46074.21662901
5000,Strong adverse selection,1,0.0,1.5,38795.94000483479,8571.47462433637,0.0,0.998,0.0004467661580737737,-39420728.5854502,-63809355.34285574,47367.41462917116
5000,Strong adverse selection,1,0.0,1.55,40089.13800499595,8571.47462433637,0.0,0.9929,0.0008396183656876495,-33601337.58472499,-57989964.34213053,48660.61262933232
5000,Strong adverse selection,1,0.0,1.6,41382.336005157114,8571.47462433637,0.0,0.9774,0.0014862449327079285,-27781946.583999727,-52170573.34140526,49953.810629493484
5000,Strong adverse selection,1,0.0,1.65,42675.534005318266,8571.47462433637,0.0,0.9417,0.002343098589475057,-21962555.583274573,-46351182.34068011,51247.008629654636
5000,Strong adverse selection,1,0.0,1.7,43968.732005479425,8571.47462433637,0.0,0.8736,0.003322996238336721,-16143164.582549335,-40531791.33995487,52540.206629815795
5000,Strong adverse selection,1,0.0,1.75,45261.93000564059,8571.47462433637,0.0,0.7585,0.0042799269853585125,-10323773.581824062,-34712400.3392296,53833.40462997696
5000,Strong adverse selection,1,0.0,1.8,46555.12800580175,8571.47462433637,0.0,0.6137,0.0048690071883290545,-4504382.581098854,-28893009.338504393,55126.60263013812
5000,Strong adverse selection,1,0.0,1.85,47848.32600596291,8571.47462433637,0.0,0.4546,0.004979345740155025,1315008.4196263568,-23073618.337779183,56419.80063029928
5000,Strong adverse selection,1,0.0,1.9,49141.52400612407,8571.47462433637,0.0,0.3011,0.004587360788078479,7134399.420351566,-17254227.337053973,57712.99863046044
5000,Strong adverse selection,1,0.0,1.95,50434.72200628523,8571.47462433637,0.0,0.1825,0.0038625606791350213,12953790.421076776,-11434836.336328762,59006.1966306216
5000,Strong adverse selection,1,0.0,2.0,51727.92000644639,8571.47462433637,0.0,0.1001,0.0030013328705760047,18773181.421802014,-5615445.335603522,60299.39463078276
5000,Strong adverse selection,1,0.0,2.05,53021.11800660754,8571.47462433637,0.0,0.0487,0.002152401217245521,24592572.422527168,203945.66512162774,61592.59263094391
5000,Strong adverse selection,1,0.0,2.1,54314.316006768706,8571.47462433637,0.0,0.0222,0.0014733349924575877,30411963.423252434,6023336.665846897,62885.790631105076
5000,Strong adverse selection,1,0.0,2.15,55607.514006929865,8571.47462433637,0.0,0.009,0.0009444045743218317,36231354.42397765,11842727.666572107,64178.988631266235
5000,Strong adverse selection,1,0.0,2.2,56900.71200709103,8571.47462433637,0.0,0.0024,0.0004893097178679368,42050745.42470285,17662118.667297315,65472.1866314274
5000,Strong adverse selection,1,0.0,2.25,58193.91000725218,8571.47462433637,0.0,0.001,0.0003160696125855822,47870136.42542806,23481509.668022525,66765.38463158856
5000,Strong adverse selection,1,0.0,2.3,59487.10800741334,8571.47462433637,0.0,0.0002,0.00014140721339450828,53689527.42615327,29300900.668747734,68058.58263174971
5000,Strong adverse selection,1,0.0,2.35,60780.30600757451,8571.47462433637,0.0,0.0,0.0,59508918.42687854,35120291.66947301,69351.78063191088
5000,Strong adverse selection,1,0.0,2.4,62073.50400773566,8571.47462433637,0.0,0.0,0.0,65328309.42760376,40939682.67019822,70644.97863207203
5000,Strong adverse selection,1,0.0,2.45,63366.70200789683,8571.47462433637,0.0,0.0,0.0,71147700.42832904,46759073.67092349,71938.1766322332
5000,Strong adverse selection,1,0.0,2.5,64659.900008057986,8571.47462433637,0.0,0.0,0.0,76967091.42905417,52578464.67164864,73231.37463239435
5000,Strong adverse selection,1,0.1,0.0,0.0,8571.47462433637,4285737.312168185,1.0,0.0,-209716721.29503858,-234105348.0524441,8571.47462433637
5000,Strong adverse selection,1,0.1,0.05,1293.1980001611598,8571.47462433637,4932336.312248765,1.0,0.0,-203250731.29423276,-227639358.05163833,9864.672624497529
5000,Strong adverse selection,1,0.1,0.1,2586.3960003223197,8571.47462433637,5578935.312329345,1.0,0.0,-196784741.29342696,-221173368.0508325,11157.87062465869
5000,Strong adverse selection,1,0.1,0.15,3879.594000483479,8571.47462433637,6225534.312409924,1.0,0.0,-190318751.29262114,-214707378.0500267,12451.068624819849
5000,Strong adverse selection,1,0.1,0.2,5172.792000644639,8571.47462433637,6872133.312490505,1.0,0.0,-183852761.29181537,-208241388.04922092,13744.26662498101
5000,Strong adverse selection,1,0.1,0.25,6465.990000805798,8571.47462433637,7518732.312571084,1.0,0.0,-177386771.29100958,-201775398.04841512,15037.46462514217
5000,Strong adverse selection,1,0.1,0.3,7759.188000966958,8571.47462433637,8165331.312651664,1.0,0.0,-170920781.29020375,-195309408.04760933,16330.662625303328
5000,Strong adverse selection,1,0.1,0.35,9052.386001128118,8571.47462433637,8811930.312732244,1.0,0.0,-164454791.28939798,-188843418.04680353,17623.860625464487
5000,Strong adverse selection,1,0.1,0.4,10345.584001289279,8571.47462433637,9458529.312812826,1.0,0.0,-157988801.2885922,-182377428.04599774,18917.05862562565
5000,Strong adverse selection,1,0.1,0.45,11638.782001450438,8571.47462433637,10105128.312893406,1.0,0.0,-151522811.28778636,-175911438.04519194,20210.25662578681
5000,Strong adverse selection,1,0.1,0.5,12931.980001611597,8571.47462433637,10751727.312973984,1.0,0.0,-145056821.28698057,-169445448.04438612,21503.45462594797
5000,Strong adverse selection,1,0.1,0.55,14225.178001772758,8571.47462433637,11398326.313054563,1.0,0.0,-138590831.2861748,-162979458.04358035,22796.652626109128
5000,Strong adverse selection,1,0.1,0.6,15518.376001933915,8571.47462433637,12044925.313135143,1.0,0.0,-132124841.285369,-156513468.04277453,24089.850626270287
5000,Strong adverse selection,1,0.1,0.65,16811.574002095076,8571.47462433637,12691524.313215723,1.0,0.0,-125658851.28456318,-150047478.04196873,25383.048626431446
5000,Strong adverse selection,1,0.1,0.7,18104.772002256235,8571.47462433637,13338123.313296303,1.0,0.0,-119192861.28375737,-143581488.04116294,26676.246626592605
5000,Strong adverse selection,1,0.1,0.75,19397.970002417394,8571.47462433637,13984722.313376881,1.0,0.0,-112726871.2829516,-137115498.04035714,27969.444626753764
5000,Strong adverse selection,1,0.1,0.8,20691.168002578557,8571.47462433637,14631321.313457463,1.0,0.0,-106260881.2821458,-130649508.03955133,29262.642626914927
5000,Strong adverse selection,1,0.1,0.85,21984.366002739713,8571.47462433637,15277920.313538041,1.0,0.0,-99794891.28134,-124183518.03874554,30555.840627076082
5000,Strong adverse selection,1,0.1,0.9,23277.564002900875,8571.47462433637,15924519.313618623,1.0,0.0,-93328901.28053421,-117717528.03793974,31849.038627237245
5000,Strong adverse selection,1,0.1,0.95,24570.762003062035,8571.47462433637,16571118.313699204,1.0,0.0,-86862911.27972834,-111251538.03713389,33142.23662739841
5000,Strong adverse selection,1,0.1,1.0,25863.960003223194,8571.47462433637,17217717.31377978,1.0,0.0,-80396921.2789226,-104785548.03632815,34435.43462755956
5000,Strong adverse selection,1,0.1,1.05,27157.158003384353,8571.47462433637,17864316.313860364,1.0,0.0,-73930931.27811679,-98319558.03552233,35728.632627720726
5000,Strong adverse selection,1,0.1,1.1,28450.356003545516,8571.47462433637,18510915.313940942,1.0,0.0,-67464941.277311,-91853568.03471653,37021.830627881885
5000,Strong adverse selection,1,0.1,1.15,29743.55400370667,8571.47462433637,19157514.314021524,1.0,0.0,-60998951.2765052,-85387578.03391074,38315.028628043045
5000,Strong adverse selection,1,0.1,1.2,31036.75200386783,8571.47462433637,19804113.3141021,0.9999,9.999499987498824e-05,-54532961.27569941,-78921588.03310494,39608.2266282042
5000,Strong adverse selection,1,0.1,1.25,32329.950004028993,8571.47462433637,20450712.31418268,0.9999,9.999499987498824e-05,-48066971.27489361,-72455598.03229915,40901.42462836536
5000,Strong adverse selection,1,0.1,1.3,33623.14800419015,8571.47462433637,21097311.31426326,0.9991,0.00029986496961132553,-41600981.27408781,-65989608.03149335,42194.62262852652
5000,Strong adverse selection,1,0.1,1.35,34916.34600435131,8571.47462433637,21743910.31434384,0.9947,0.0007260791967822775,-35134991.27328202,-59523618.030687556,43487.82062868768
5000,Strong adverse selection,1,0.1,1.4,36209.54400451247,8571.47462433637,22390509.31442442,0.9815,0.0013475069573104237,-28669001.272476226,-53057628.02988176,44781.01862884884
5000,Strong adverse selection,1,0.1,1.45,37502.74200467363,8571.47462433637,23037108.314505,0.9437,0.002305001301518071,-22203011.2716704,-46591638.029075935,46074.21662901
5000,Strong adverse selection,1,0.1,1.5,38795.94000483479,8571.47462433637,23683707.314585578,0.8663,0.0034032970778349637,-15737021.270864636,-40125648.02827017,47367.41462917116
5000,Strong adverse selection,1,0.1,1.55,40089.13800499595,8571.47462433637,24330306.31466616,0.7344,0.004416521708313002,-9271031.270058839,-33659658.027464375,48660.61262933232
5000,Strong adverse selection,1,0.1,1.6,41382.336005157114,8571.47462433637,24976905.31474674,0.5652,0.004957307333623769,-2805041.2692529843,-27193668.026658524,49953.810629493484
5000,Strong adverse selection,1,0.1,1.65,42675.534005318266,8571.47462433637,25623504.31482732,0.3895,0.004876369038536768,3660948.7315527513,-20727678.02585279,51247.008629654636
5000,Strong adverse selection,1,0.1,1.7,43968.732005479425,8571.47462433637,26270103.314907897,0.236,0.004246221850068599,10126938.732358575,-14261688.025046961,52540.206629815795
5000,Strong adverse selection,1,0.1,1.75,45261.93000564059,8571.47462433637,26916702.31498848,0.1266,0.003325243449734169,16592928.733164404,-7795698.024241136,53833.40462997696
5000,Strong adverse selection,1,0.1,1.8,46555.12800580175,8571.47462433637,27563301.31506906,0.0588,0.0023524999468650365,23058918.733970195,-1329708.0234353414,55126.60263013812
5000,Strong adverse selection,1,0.1,1.85,47848.32600596291,8571.47462433637,28209900.31514964,0.0251,0.0015642886562268487,29524908.734775994,5136281.977370454,56419.80063029928
5000,Strong adverse selection,1,0.1,1.9,49141.52400612407,8571.47462433637,28856499.31523022,0.0097,0.0009800974441350207,35990898.735581785,11602271.97817625,57712.99863046044
5000,Strong adverse selection,1,0.1,1.95,50434.72200628523,8571.47462433637,29503098.3153108,0.0023,0.0004790313142165134,42456888.73638758,18068261.978982043,59006.1966306216
5000,Strong adverse selection,1,0.1,2.0,51727.92000644639,8571.47462433637,30149697.31539138,0.0008,0.0002827295527531567,48922878.737193376,24534251.979787838,60299.39463078276
5000,Strong adverse selection,1,0.1,2.05,53021.11800660754,8571.47462433637,30796296.315471955,0.0001,9.999499987499375e-05,55388868.73799912,31000241.980593573,61592.59263094391
5000,Strong adverse selection,1,0.1,2.1,54314.316006768706,8571.47462433637,31442895.315552536,0.0,0.0,61854858.73880498,37466231.98139943,62885.790631105076
5000,Strong adverse selection,1,0.1,2.15,55607.514006929865,8571.47462433637,32089494.31563312,0.0,0.0,68320848.73961076,43932221.98220523,64178.988631266235
5000,Strong adverse selection,1,0.1,2.2,56900.71200709103,8571.47462433637,32736093.3157137,0.0,0.0,74786838.74041656,50398211.98301102,65472.1866314274
5000,Strong adverse selection,1,0.1,2.25,58193.91000725218,8571.47462433637,33382692.31579428,0.0,0.0,81252828.74122237,56864201.98381682,66765.38463158856
5000,Strong adverse selection,1,0.1,2.3,59487.10800741334,8571.47462433637,34029291.31587486,0.0,0.0,87718818.74202815,63330191.98462261,68058.58263174971
5000,Strong adverse selection,1,0.1,2.35,60780.30600757451,8571.47462433637,34675890.31595544,0.0,0.0,94184808.742834,69796181.98542847,69351.78063191088
5000,Strong adverse selection,1,0.1,2.4,62073.50400773566,8571.47462433637,35322489.316036016,0.0,0.0,100650798.7436398,76262171.98623426,70644.97863207203
5000,Strong adverse selection,1,0.1,2.45,63366.70200789683,8571.47462433637,35969088.3161166,0.0,0.0,107116788.74444565,82728161.98704012,71938.1766322332
5000,Strong adverse selection,1,0.1,2.5,64659.900008057986,8571.47462433637,36615687.31619717,0.0,0.0,113582778.74525131,89194151.9878458,73231.37463239435
5000,Strong adverse selection,1,0.25,0.0,0.0,8571.47462433637,10714343.280420462,1.0,0.0,-203288115.32678628,-227676742.08419186,8571.47462433637
5000,Strong adverse selection,1,0.25,0.05,1293.1980001611598,8571.47462433637,12330840.78062191,1.0,0.0,-195852226.8258596,-220240853.5832652,9864.672624497529
5000,Strong adverse selection,1,0.25,0.1,2586.3960003223197,8571.47462433637,13947338.280823363,1.0,0.0,-188416338.32493296,-212804965.0823385,11157.87062465869
5000,Strong adverse selection,1,0.25,0.15,3879.594000483479,8571.47462433637,15563835.781024812,1.0,0.0,-180980449.8240063,-205369076.58141184,12451.068624819849
5000,Strong adverse selection,1,0.25,0.2,5172.792000644639,8571.47462433637,17180333.281226262,1.0,0.0,-173544561.32307962,-197933188.08048517,13744.26662498101
5000,Strong adverse selection,1,0.25,0.25,6465.990000805798,8571.47462433637,18796830.78142771,1.0,0.0,-166108672.82215294,-190497299.5795585,15037.46462514217
5000,Strong adverse selection,1,0.25,0.3,7759.188000966958,8571.47462433637,20413328.28162916,1.0,0.0,-158672784.32122627,-183061411.07863182,16330.662625303328
5000,Strong adverse selection,1,0.25,0.35,9052.386001128118,8571.47462433637,22029825.78183061,1.0,0.0,-151236895.8202996,-175625522.57770514,17623.860625464487
5000,Strong adverse selection,1,0.25,0.4,10345.584001289279,8571.47462433637,23646323.28203206,1.0,0.0,-143801007.31937292,-168189634.07677847,18917.05862562565
5000,Strong adverse selection,1,0.25,0.45,11638.782001450438,8571.47462433637,25262820.78223351,1.0,0.0,-136365118.81844628,-160753745.57585183,20210.25662578681
5000,Strong adverse selection,1,0.25,0.5,12931.980001611597,8571.47462433637,26879318.28243496,1.0,0.0,-128929230.31751958,-153317857.07492515,21503.45462594797
5000,Strong adverse selection,1,0.25,0.55,14225.178001772758,8571.47462433637,28495815.782636408,1.0,0.0,-121493341.81659295,-145881968.5739985,22796.652626109128
5000,Strong adverse selection,1,0.25,0.6,15518.376001933915,8571.47462433637,30112313.28283786,1.0,0.0,-114057453.31566626,-138446080.0730718,24089.850626270287
5000,Strong adverse selection,1,0.25,0.65,16811.574002095076,8571.47462433637,31728810.78303931,1.0,0.0,-106621564.81473957,-131010191.57214512,25383.048626431446
5000,Strong adverse selection,1,0.25,0.7,18104.772002256235,8571.47462433637,33345308.283240758,1.0,0.0,-99185676.31381294,-123574303.07121848,26676.246626592605
5000,Strong adverse selection,1,0.25,0.75,19397.970002417394,8571.47462433637,34961805.78344221,1.0,0.0,-91749787.81288627,-116138414.5702918,27969.444626753764
5000,Strong adverse selection,1,0.25,0.8,20691.168002578557,8571.47462433637,36578303.283643655,1.0,0.0,-84313899.3119596,-108702526.06936513,29262.642626914927
5000,Strong adverse selection,1,0.25,0.85,21984.366002739713,8571.47462433637,38194800.783845104,1.0,0.0,-76878010.81103295,-101266637.56843849,30555.840627076082
5000,Strong adverse selection,1,0.25,0.9,23277.564002900875,8571.47462433637,39811298.28404655,1.0,0.0,-69442122.31010628,-93830749.06751181,31849.038627237245
5000,Strong adverse selection,1,0.25,0.95,24570.762003062035,8571.47462433637,41427795.78424801,1.0,0.0,-62006233.80917957,-86394860.56658511,33142.23662739841
5000,Strong adverse selection,1,0.25,1.0,25863.960003223194,8571.47462433637,43044293.28444945,0.9999,9.999499987498824e-05,-54570345.30825292,-78958972.06565847,34435.43462755956
5000,Strong adverse selection,1,0.25,1.05,27157.158003384353,8571.47462433637,44660790.78465091,0.9998,0.0001414072133945005,-47134456.80732623,-71523083.56473176,35728.632627720726
5000,Strong adverse selection,1,0.25,1.1,28450.356003545516,8571.47462433637,46277288.284852356,0.9982,0.00042388205906832433,-39698568.30639958,-64087195.06380512,37021.830627881885
5000,Strong adverse selection,1,0.25,1.15,29743.55400370667,8571.47462433637,47893785.785053805,0.9909,0.0009495888584013609,-32262679.805472944,-56651306.562878475,38315.028628043045
5000,Strong adverse selection,1,0.25,1.2,31036.75200386783,8571.47462433637,49510283.285255246,0.9623,0.0019046970887781594,-24826791.304546263,-49215418.0619518,39608.2266282042
5000,Strong adverse selection,1,0.25,1.25,32329.950004028993,8571.47462433637,51126780.7854567,0.891,0.003116392144772541,-17390902.803619593,-41779529.56102513,40901.42462836536
5000,Strong adverse selection,1,0.25,1.3,33623.14800419015,8571.47462433637,52743278.28565815,0.7497,0.004331857684642929,-9955014.30269292,-34343641.060098454,42194.62262852652
5000,Strong adverse selection,1,0.25,1.35,34916.34600435131,8571.47462433637,54359775.7858596,0.5573,0.004967058586326519,-2519125.8017662447,-26907752.559171785,43487.82062868768
5000,Strong adverse selection,1,0.25,1.4,36209.54400451247,8571.47462433637,55976273.28606105,0.3574,0.0047923401381788425,4916762.699160399,-19471864.05824514,44781.01862884884
5000,Strong adverse selection,1,0.25,1.45,37502.74200467363,8571.47462433637,57592770.7862625,0.1952,0.003963545887207565,12352651.2000871,-12035975.557318436,46074.21662901
5000,Strong adverse selection,1,0.25,1.5,38795.94000483479,8571.47462433637,59209268.286463946,0.0904,0.002867539712017952,19788539.701013777,-4600087.056391763,47367.41462917116
5000,Strong adverse selection,1,0.25,1.55,40089.13800499595,8571.47462433637,60825765.786665395,0.0337,0.0018045583947326283,27224428.20194039,2835801.444534851,48660.61262933232
5000,Strong adverse selection,1,0.25,1.6,41382.336005157114,8571.47462433637,62442263.28686686,0.0124,0.0011066273085370702,34660316.70286713,10271689.945461584,49953.810629493484
5000,Strong adverse selection,1,0.25,1.65,42675.534005318266,8571.47462433637,64058760.78706829,0.0024,0.0004893097178679368,42096205.203793734,17707578.446388196,51247.008629654636
5000,Strong adverse selection,1,0.25,1.7,43968.732005479425,8571.47462433637,65675258.28726974,0.0005,0.0002235508890610816,49532093.70472041,25143466.94731487,52540.206629815795
5000,Strong adverse selection,1,0.25,1.75,45261.93000564059,8571.47462433637,67291755.7874712,0.0,0.0,56967982.20564714,32579355.448241603,53833.40462997696
5000,Strong adverse selection,1,0.25,1.8,46555.12800580175,8571.47462433637,68908253.28767265,0.0,0.0,64403870.706573814,40015243.94916828,55126.60263013812
5000,Strong adverse selection,1,0.25,1.85,47848.32600596291,8571.47462433637,70524750.7878741,0.0,0.0,71839759.20750043,47451132.45009489,56419.80063029928
5000,Strong adverse selection,1,0.25,1.9,49141.52400612407,8571.47462433637,72141248.28807555,0.0,0.0,79275647.7084271,54887020.95102157,57712.99863046044
5000,Strong adverse selection,1,0.25,1.95,50434.72200628523,8571.47462433637,73757745.788277,0.0,0.0,86711536.20935379,62322909.45194824,59006.1966306216
5000,Strong adverse selection,1,0.25,2.0,51727.92000644639,8571.47462433637,75374243.28847845,0.0,0.0,94147424.71028045,69758797.95287491,60299.39463078276
5000,Strong adverse selection,1,0.25,2.05,53021.11800660754,8571.47462433637,76990740.78867988,0.0,0.0,101583313.21120706,77194686.45380153,61592.59263094391
5000,Strong adverse selection,1,0.25,2.1,54314.316006768706,8571.47462433637,78607238.28888135,0.0,0.0,109019201.7121338,84630574.95472826,62885.790631105076
5000,Strong adverse selection,1,0.25,2.15,55607.514006929865,8571.47462433637,80223735.7890828,0.0,0.0,116455090.21306047,92066463.45565493,64178.988631266235
5000,Strong adverse selection,1,0.25,2.2,56900.71200709103,8571.47462433637,81840233.28928424,0.0,0.0,123890978.71398708,99502351.95658155,65472.1866314274
5000,Strong adverse selection,1,0.25,2.25,58193.91000725218,8571.47462433637,83456730.7894857,0.0,0.0,131326867.21491377,106938240.45750822,66765.38463158856
5000,Strong adverse selection,1,0.25,2.3,59487.10800741334,8571.47462433637,85073228.28968714,0.0,0.0,138762755.71584043,114374128.9584349,68058.58263174971
5000,Strong adverse selection,1,0.25,2.35,60780.30600757451,8571.47462433637,86689725.7898886,0.0,0.0,146198644.21676713,121810017.45936163,69351.78063191088
5000,Strong adverse selection,1,0.25,2.4,62073.50400773566,8571.47462433637,88306223.29009004,0.0,0.0,153634532.7176938,129245905.96028824,70644.97863207203
5000,Strong adverse selection,1,0.25,2.45,63366.70200789683,8571.47462433637,89922720.7902915,0.0,0.0,161070421.2186205,136681794.46121496,71938.1766322332
5000,Strong adverse selection,1,0.25,2.5,64659.900008057986,8571.47462433637,91539218.29049294,0.0,0.0,168506309.71954712,144117682.96214157,73231.37463239435
5000,Strong adverse selection,1,0.5,0.0,0.0,8571.47462433637,21428686.560840923,1.0,0.0,-192573772.04636583,-216962398.80377138,8571.47462433637
5000,Strong adverse selection,1,0.5,0.05,1293.1980001611598,8571.47462433637,24661681.56124382,1.0,0.0,-183521386.0452377,-207910012.80264327,9864.672624497529
5000,Strong adverse selection,1,0.5,0.1,2586.3960003223197,8571.47462433637,27894676.561646726,1.0,0.0,-174469000.04410958,-198857626.80151513,11157.87062465869
5000,Strong adverse selection,1,0.5,0.15,3879.594000483479,8571.47462433637,31127671.562049624,1.0,0.0,-165416614.04298145,-189805240.80038702,12451.068624819849
5000,Strong adverse selection,1,0.5,0.2,5172.792000644639,8571.47462433637,34360666.562452525,1.0,0.0,-156364228.0418533,-180752854.7992589,13744.26662498101
5000,Strong adverse selection,1,0.5,0.25,6465.990000805798,8571.47462433637,37593661.56285542,1.0,0.0,-147311842.04072523,-171700468.79813078,15037.46462514217
5000,Strong adverse selection,1,0.5,0.3,7759.188000966958,8571.47462433637,40826656.56325832,1.0,0.0,-138259456.03959712,-162648082.79700267,16330.662625303328
5000,Strong adverse selection,1,0.5,0.35,9052.386001128118,8571.47462433637,44059651.56366122,1.0,0.0,-129207070.03846899,-153595696.79587454,17623.860625464487
5000,Strong adverse selection,1,0.5,0.4,10345.584001289279,8571.47462433637,47292646.56406412,1.0,0.0,-120154684.03734086,-144543310.79474643,18917.05862562565
5000,Strong adverse selection,1,0.5,0.45,11638.782001450438,8571.47462433637,50525641.56446702,1.0,0.0,-111102298.03621274,-135490924.79361832,20210.25662578681
5000,Strong adverse selection,1,0.5,0.5,12931.980001611597,8571.47462433637,53758636.56486992,1.0,0.0,-102049912.03508464,-126438538.79249017,21503.45462594797
5000,Strong adverse selection,1,0.5,0.55,14225.178001772758,8571.47462433637,56991631.565272816,1.0,0.0,-92997526.03395651,-117386152.79136206,22796.652626109128
5000,Strong adverse selection,1,0.5,0.6,15518.376001933915,8571.47462433637,60224626.56567572,1.0,0.0,-83945140.03282842,-108333766.79023395,24089.850626270287
5000,Strong adverse selection,1,0.5,0.65,16811.574002095076,8571.47462433637,63457621.56607862,1.0,0.0,-74892754.0317003,-99281380.78910582,25383.048626431446
5000,Strong adverse selection,1,0.5,0.7,18104.772002256235,8571.47462433637,66690616.566481516,1.0,0.0,-65840368.03057217,-90228994.78797771,26676.246626592605
5000,Strong adverse selection,1,0.5,0.75,19397.970002417394,8571.47462433637,69923611.56688441,0.9999,9.999499987498824e-05,-56787982.02944407,-81176608.7868496,27969.444626753764
5000,Strong adverse selection,1,0.5,0.8,20691.168002578557,8571.47462433637,73156606.56728731,0.9999,9.999499987498824e-05,-47735596.02831593,-72124222.78572147,29262.642626914927
5000,Strong adverse selection,1,0.5,0.85,21984.366002739713,8571.47462433637,76389601.56769021,0.9977,0.00047903131421651017,-38683210.027187854,-63071836.78459339,30555.840627076082
5000,Strong adverse selection,1,0.5,0.9,23277.564002900875,8571.47462433637,79622596.5680931,0.9847,0.0012274326865453755,-29630824.026059717,-54019450.78346525,31849.038627237245
5000,Strong adverse selection,1,0.5,0.95,24570.762003062035,8571.47462433637,82855591.56849602,0.9279,0.0025865341675686414,-20578438.02493155,-44967064.782337084,33142.23662739841
5000,Strong adverse selection,1,0.5,1.0,25863.960003223194,8571.47462433637,86088586.5688989,0.7854,0.004105445651814185,-11526052.0238035,-35914678.78120904,34435.43462755956
5000,Strong adverse selection,1,0.5,1.05,27157.158003384353,8571.47462433637,89321581.56930181,0.5559,0.00496865364057508,-2473666.022675334,-26862292.780080874,35728.632627720726
5000,Strong adverse selection,1,0.5,1.1,28450.356003545516,8571.47462433637,92554576.56970471,0.3143,0.004642364806862985,6578719.978452773,-17809906.778952766,37021.830627881885
5000,Strong adverse selection,1,0.5,1.15,29743.55400370667,8571.47462433637,95787571.57010761,0.1373,0.0034416378368445455,15631105.979580877,-8757520.777824657,38315.028628043045
5000,Strong adverse selection,1,0.5,1.2,31036.75200386783,8571.47462433637,99020566.57051049,0.0485,0.0021482027371735658,24683491.98070899,294865.22330345004,39608.2266282042
5000,Strong adverse selection,1,0.5,1.25,32329.950004028993,8571.47462433637,102253561.5709134,0.014,0.0011749042514179614,33735877.98183712,9347251.224431587,40901.42462836536
5000,Strong adverse selection,1,0.5,1.3,33623.14800419015,8571.47462433637,105486556.5713163,0.0022,0.0004685253461660319,42788263.9829652,18399637.225559663,42194.62262852652
5000,Strong adverse selection,1,0.5,1.35,34916.34600435131,8571.47462433637,108719551.5717192,0.0003,0.00017317909804592468,51840649.98409334,27452023.2266878,43487.82062868768
5000,Strong adverse selection,1,0.5,1.4,36209.54400451247,8571.47462433637,111952546.5721221,0.0,0.0,60893035.98522148,36504409.22781594,44781.01862884884
5000,Strong adverse selection,1,0.5,1.45,37502.74200467363,8571.47462433637,115185541.572525,0.0,0.0,69945421.98634957,45556795.22894402,46074.21662901
5000,Strong adverse selection,1,0.5,1.5,38795.94000483479,8571.47462433637,118418536.57292789,0.0,0.0,78997807.98747769,54609181.230072156,47367.41462917116
5000,Strong adverse selection,1,0.5,1.55,40089.13800499595,8571.47462433637,121651531.57333079,0.0,0.0,88050193.98860584,63661567.23120029,48660.61262933232
5000,Strong adverse selection,1,0.5,1.6,41382.336005157114,8571.47462433637,124884526.57373372,0.0,0.0,97102579.98973404,72713953.23232849,49953.810629493484
5000,Strong adverse selection,1,0.5,1.65,42675.534005318266,8571.47462433637,128117521.57413658,0.0,0.0,106154965.99086198,81766339.23345645,51247.008629654636
5000,Strong adverse selection,1,0.5,1.7,43968.732005479425,8571.47462433637,131350516.57453948,0.0,0.0,115207351.99199018,90818725.23458464,52540.206629815795
5000,Strong adverse selection,1,0.5,1.75,45261.93000564059,8571.47462433637,134583511.5749424,0.0,0.0,124259737.99311836,99871111.23571284,53833.40462997696
5000,Strong adverse selection,1,0.5,1.8,46555.12800580175,8571.47462433637,137816506.5753453,0.0,0.0,133312123.99424645,108923497.23684092,55126.60263013812
5000,Strong adverse selection,1,0.5,1.85,47848.32600596291,8571.47462433637,141049501.5757482,0.0,0.0,142364509.99537453,117975883.237969,56419.80063029928
5000,Strong adverse selection,1,0.5,1.9,49141.52400612407,8571.47462433637,144282496.5761511,0.0,0.0,151416895.9965027,127028269.23909713,57712.99863046044
5000,Strong adverse selection,1,0.5,1.95,50434.72200628523,8571.47462433637,147515491.576554,0.0,0.0,160469281.9976308,136080655.24022526,59006.1966306216
5000,Strong adverse selection,1,0.5,2.0,51727.92000644639,8571.47462433637,150748486.5769569,0.0,0.0,169521667.99875888,145133041.24135333,60299.39463078276
5000,Strong adverse selection,1,0.5,2.05,53021.11800660754,8571.47462433637,153981481.57735977,0.0,0.0,178574053.99988696,154185427.2424814,61592.59263094391
5000,Strong adverse selection,1,0.5,2.1,54314.316006768706,8571.47462433637,157214476.5777627,0.0,0.0,187626440.00101513,163237813.2436096,62885.790631105076
5000,Strong adverse selection,1,0.5,2.15,55607.514006929865,8571.47462433637,160447471.5781656,0.0,0.0,196678826.00214323,172290199.24473768,64178.988631266235
5000,Strong adverse selection,1,0.5,2.2,56900.71200709103,8571.47462433637,163680466.5785685,0.0,0.0,205731212.0032713,181342585.24586576,65472.1866314274
5000,Strong adverse selection,1,0.5,2.25,58193.91000725218,8571.47462433637,166913461.5789714,0.0,0.0,214783598.00439945,190394971.2469939,66765.38463158856
5000,Strong adverse selection,1,0.5,2.3,59487.10800741334,8571.47462433637,170146456.57937428,0.0,0.0,223835984.0055276,199447357.24812204,68058.58263174971
5000,Strong adverse selection,1,0.5,2.35,60780.30600757451,8571.47462433637,173379451.5797772,0.0,0.0,232888370.00665575,208499743.24925023,69351.78063191088
5000,Strong adverse selection,1,0.5,2.4,62073.50400773566,8571.47462433637,176612446.58018008,0.0,0.0,241940756.0077839,217552129.2503783,70644.97863207203
5000,Strong adverse selection,1,0.5,2.45,63366.70200789683,8571.47462433637,179845441.580583,0.0,0.0,250993142.00891206,226604515.2515065,71938.1766322332
5000,Strong adverse selection,1,0.5,2.5,64659.900008057986,8571.47462433637,183078436.58098587,0.0,0.0,260045528.01004004,235656901.25263447,73231.37463239435
5000,Strong adverse selection,3,0.0,0.0,0.0,8571.47462433637,0.0,1.0,0.0,-642168070.7023891,-683535310.2795056,8571.47462433637
5000,Strong adverse selection,3,0.0,0.05,1293.1980001611598,8571.47462433637,0.0,1.0,0.0,-624709897.7002134,-666077137.2773299,9864.672624497529
5000,Strong adverse selection,3,0.0,0.1,2586.3960003223197,8571.47462433637,0.0,1.0,0.0,-607251724.6980377,-648618964.2751542,11157.87062465869
5000,Strong adverse selection,3,0.0,0.15,3879.594000483479,8571.47462433637,0.0,1.0,0.0,-589793551.695862,-631160791.2729785,12451.068624819849
5000,Strong adverse selection,3,0.0,0.2,5172.792000644639,8571.47462433637,0.0,1.0,0.0,-572335378.6936865,-613702618.2708029,13744.26662498101
5000,Strong adverse selection,3,0.0,0.25,6465.990000805798,8571.47462433637,0.0,1.0,0.0,-554877205.6915108,-596244445.2686273,15037.46462514217
5000,Strong adverse selection,3,0.0,0.3,7759.188000966958,8571.47462433637,0.0,1.0,0.0,-537419032.6893351,-578786272.2664516,16330.662625303328
5000,Strong adverse selection,3,0.0,0.35,9052.386001128118,8571.47462433637,0.0,1.0,0.0,-519960859.6871596,-561328099.2642759,17623.860625464487
5000,Strong adverse selection,3,0.0,0.4,10345.584001289279,8571.47462433637,0.0,1.0,0.0,-502502686.6849838,-543869926.2621003,18917.05862562565
5000,Strong adverse selection,3,0.0,0.45,11638.782001450438,8571.47462433637,0.0,1.0,0.0,-485044513.6828082,-526411753.2599247,20210.25662578681
5000,Strong adverse selection,3,0.0,0.5,12931.980001611597,8571.47462433637,0.0,1.0,0.0,-467586340.68063253,-508953580.257749,21503.45462594797
5000,Strong adverse selection,3,0.0,0.55,14225.178001772758,8571.47462433637,0.0,1.0,0.0,-450128167.67845696,-491495407.2555734,22796.652626109128
5000,Strong adverse selection,3,0.0,0.6,15518.376001933915,8571.47462433637,0.0,1.0,0.0,-432669994.6762813,-474037234.25339776,24089.850626270287
5000,Strong adverse selection,3,0.0,0.65,16811.574002095076,8571.47462433637,0.0,1.0,0.0,-415211821.67410564,-456579061.2512221,25383.048626431446
5000,Strong adverse selection,3,0.0,0.7,18104.772002256235,8571.47462433637,0.0,1.0,0.0,-397753648.67192996,-439120888.24904644,26676.246626592605
5000,Strong adverse selection,3,0.0,0.75,19397.970002417394,8571.47462433637,0.0,1.0,0.0,-380295475.6697543,-421662715.24687076,27969.444626753764
5000,Strong adverse selection,3,0.0,0.8,20691.168002578557,8571.47462433637,0.0,1.0,0.0,-362837302.66757864,-404204542.2446951,29262.642626914927
5000,Strong adverse selection,3,0.0,0.85,21984.366002739713,8571.47462433637,0.0,1.0,0.0,-345379129.665403,-386746369.2425195,30555.840627076082
5000,Strong adverse selection,3,0.0,0.9,23277.564002900875,8571.47462433637,0.0,1.0,0.0,-327920956.6632274,-369288196.24034387,31849.038627237245
5000,Strong adverse selection,3,0.0,0.95,24570.762003062035,8571.47462433637,0.0,1.0,0.0,-310462783.6610516,-351830023.23816806,33142.23662739841
5000,Strong adverse selection,3,0.0,1.0,25863.960003223194,8571.47462433637,0.0,1.0,0.0,-293004610.658876,-334371850.2359925,34435.43462755956
5000,Strong adverse selection,3,0.0,1.05,27157.158003384353,8571.47462433637,0.0,1.0,0.0,-275546437.6567003,-316913677.2338168,35728.632627720726
5000,Strong adverse selection,3,0.0,1.1,28450.356003545516,8571.47462433637,0.0,1.0,0.0,-258088264.6545247,-299455504.2316412,37021.830627881885
5000,Strong adverse selection,3,0.0,1.15,29743.55400370667,8571.47462433637,0.0,1.0,0.0,-240630091.65234903,-281997331.22946554,38315.028628043045
5000,Strong adverse selection,3,0.0,1.2,31036.75200386783,8571.47462433637,0.0,1.0,0.0,-223171918.65017343,-264539158.22728992,39608.2266282042
5000,Strong adverse selection,3,0.0,1.25,32329.950004028993,8571.47462433637,0.0,1.0,0.0,-205713745.64799768,-247080985.22511417,40901.42462836536
5000,Strong adverse selection,3,0.0,1.3,33623.14800419015,8571.47462433637,0.0,1.0,0.0,-188255572.6458221,-229622812.2229386,42194.62262852652
5000,Strong adverse selection,3,0.0,1.35,34916.34600435131,8571.47462433637,0.0,1.0,0.0,-170797399.64364645,-212164639.2207629,43487.82062868768
5000,Strong adverse selection,3,0.0,1.4,36209.54400451247,8571.47462433637,0.0,1.0,0.0,-153339226.64147085,-194706466.21858734,44781.01862884884
5000,Strong adverse selection,3,0.0,1.45,37502.74200467363,8571.47462433637,0.0,1.0,0.0,-135881053.63929504,-177248293.21641153,46074.21662901
5000,Strong adverse selection,3,0.0,1.5,38795.94000483479,8571.47462433637,0.0,1.0,0.0,-118426092.08583696,-159790120.21423596,47367.41462917116
5000,Strong adverse selection,3,0.0,1.55,40089.13800499595,8571.47462433637,0.0,1.0,0.0,-100986339.13774624,-142331947.2120604,48660.61262933232
5000,Strong adverse selection,3,0.0,1.6,41382.336005157114,8571.47462433637,0.0,1.0,0.0,-83606561.82071663,-124873774.20988457,49953.810629493484
5000,Strong adverse selection,3,0.0,1.65,42675.534005318266,8571.47462433637,0.0,0.9986,0.0003739037309254826,-66402262.45311877,-107415601.207709,51247.008629654636
5000,Strong adverse selection,3,0.0,1.7,43968.732005479425,8571.47462433637,0.0,0.9886,0.0010616044461097536,-49574637.8440004,-89957428.20553331,52540.206629815795
5000,Strong adverse selection,3,0.0,1.75,45261.93000564059,8571.47462433637,0.0,0.9465,0.0022502833154960733,-33401910.420395166,-72779975.12024519,53833.40462997696
5000,Strong adverse selection,3,0.0,1.8,46555.12800580175,8571.47462433637,0.0,0.8321,0.0037377746052965795,-17839500.461316857,-56173439.87744128,55126.60263013812
5000,Strong adverse selection,3,0.0,1.85,47848.32600596291,8571.47462433637,0.0,0.6278,0.004833913114651524,-2040601.8215708737,-40382900.28821764,56419.80063029928
5000,Strong adverse selection,3,0.0,1.9,49141.52400612407,8571.47462433637,0.0,0.4085,0.004915564565744203,14902683.860717438,-26302389.76686561,57712.99863046044
5000,Strong adverse selection,3,0.0,1.95,50434.72200628523,8571.47462433637,0.0,0.227,0.004188925876641887,33147017.94836582,-15641345.132022465,59006.1966306216
5000,Strong adverse selection,3,0.0,2.0,51727.92000644639,8571.47462433637,0.0,0.1153,0.0031938364078330627,52144886.06811445,-7235807.541424501,60299.39463078276
5000,Strong adverse selection,3,0.0,2.05,53021.11800660754,8571.47462433637,0.0,0.0527,0.0022343390521583784,71192162.32842596,-549550.4458028227,61592.59263094391
5000,Strong adverse selection,3,0.0,2.1,54314.316006768706,8571.47462433637,0.0,0.0226,0.0014862449327079303,89774849.85067415,45059063.24843639,62885.790631105076
5000,Strong adverse selection,3,0.0,2.15,55607.514006929865,8571.47462433637,0.0,0.0091,0.0009495888584013611,107911570.50134024,65896118.08449163,64178.988631266235
5000,Strong adverse selection,3,0.0,2.2,56900.71200709103,8571.47462433637,0.0,0.0024,0.0004893097178679368,125788972.49612007,84305396.45209374,65472.1866314274
5000,Strong adverse selection,3,0.0,2.25,58193.91000725218,8571.47462433637,0.0,0.001,0.0003160696125855822,143349029.60593188,101897284.42686248,66765.38463158856
5000,Strong adverse selection,3,0.0,2.3,59487.10800741334,8571.47462433637,0.0,0.0002,0.00014140721339450828,160889164.99056593,119540647.82057448,68058.58263174971
5000,Strong adverse selection,3,0.0,2.35,60780.30600757451,8571.47462433637,0.0,0.0,0.0,178366060.39986676,136998820.82275027,69351.78063191088
5000,Strong adverse selection,3,0.0,2.4,62073.50400773566,8571.47462433637,0.0,0.0,0.0,195824233.40204242,154456993.82492596,70644.97863207203
5000,Strong adverse selection,3,0.0,2.45,63366.70200789683,8571.47462433637,0.0,0.0,0.0,213282406.40421826,171915166.82710177,71938.1766322332
5000,Strong adverse selection,3,0.0,2.5,64659.900008057986,8571.47462433637,0.0,0.0,0.0,230740579.40639356,189373339.8292771,73231.37463239435
5000,Strong adverse selection,3,0.1,0.0,0.0,8571.47462433637,4285737.312168185,1.0,0.0,-637882333.3902209,-679249572.9673374,8571.47462433637
5000,Strong adverse selection,3,0.1,0.05,1293.1980001611598,8571.47462433637,4932336.312248765,1.0,0.0,-619777561.3879647,-661144800.9650811,9864.672624497529
5000,Strong adverse selection,3,0.1,0.1,2586.3960003223197,8571.47462433637,5578935.312329345,1.0,0.0,-601672789.3857085,-643040028.962825,11157.87062465869
5000,Strong adverse selection,3,0.1,0.15,3879.594000483479,8571.47462433637,6225534.312409924,1.0,0.0,-583568017.3834523,-624935256.9605687,12451.068624819849
5000,Strong adverse selection,3,0.1,0.2,5172.792000644639,8571.47462433637,6872133.312490505,1.0,0.0,-565463245.3811959,-606830484.9583124,13744.26662498101
5000,Strong adverse selection,3,0.1,0.25,6465.990000805798,8571.47462433637,7518732.312571084,1.0,0.0,-547358473.3789397,-588725712.9560562,15037.46462514217
5000,Strong adverse selection,3,0.1,0.3,7759.188000966958,8571.47462433637,8165331.312651664,1.0,0.0,-529253701.3766835,-570620940.9538,16330.662625303328
5000,Strong adverse selection,3,0.1,0.35,9052.386001128118,8571.47462433637,8811930.312732244,1.0,0.0,-511148929.37442726,-552516168.9515437,17623.860625464487
5000,Strong adverse selection,3,0.1,0.4,10345.584001289279,8571.47462433637,9458529.312812826,1.0,0.0,-493044157.372171,-534411396.9492875,18917.05862562565
5000,Strong adverse selection,3,0.1,0.45,11638.782001450438,8571.47462433637,10105128.312893406,1.0,0.0,-474939385.3699148,-516306624.9470313,20210.25662578681
5000,Strong adverse selection,3,0.1,0.5,12931.980001611597,8571.47462433637,10751727.312973984,1.0,0.0,-456834613.3676586,-498201852.94477504,21503.45462594797
5000,Strong adverse selection,3,0.1,0.55,14225.178001772758,8571.47462433637,11398326.313054563,1.0,0.0,-438729841.36540234,-480097080.94251883,22796.652626109128
5000,Strong adverse selection,3,0.1,0.6,15518.376001933915,8571.47462433637,12044925.313135143,1.0,0.0,-420625069.3631461,-461992308.9402626,24089.850626270287
5000,Strong adverse selection,3,0.1,0.65,16811.574002095076,8571.47462433637,12691524.313215723,1.0,0.0,-402520297.36088985,-443887536.93800634,25383.048626431446
5000,Strong adverse selection,3,0.1,0.7,18104.772002256235,8571.47462433637,13338123.313296303,1.0,0.0,-384415525.35863364,-425782764.9357501,26676.246626592605
5000,Strong adverse selection,3,0.1,0.75,19397.970002417394,8571.47462433637,13984722.313376881,1.0,0.0,-366310753.35637736,-407677992.93349385,27969.444626753764
5000,Strong adverse selection,3,0.1,0.8,20691.168002578557,8571.47462433637,14631321.313457463,1.0,0.0,-348205981.35412115,-389573220.93123764,29262.642626914927
5000,Strong adverse selection,3,0.1,0.85,21984.366002739713,8571.47462433637,15277920.313538041,1.0,0.0,-330101209.351865,-371468448.9289815,30555.840627076082
5000,Strong adverse selection,3,0.1,0.9,23277.564002900875,8571.47462433637,15924519.313618623,1.0,0.0,-311996437.3496088,-353363676.92672527,31849.038627237245
5000,Strong adverse selection,3,0.1,0.95,24570.762003062035,8571.47462433637,16571118.313699204,1.0,0.0,-293891665.3473523,-335258904.9244689,33142.23662739841
5000,Strong adverse selection,3,0.1,1.0,25863.960003223194,8571.47462433637,17217717.31377978,1.0,0.0,-275786893.3450962,-317154132.9222127,34435.43462755956
5000,Strong adverse selection,3,0.1,1.05,27157.158003384353,8571.47462433637,17864316.313860364,1.0,0.0,-257682121.34283996,-299049360.91995645,35728.632627720726
5000,Strong adverse selection,3,0.1,1.1,28450.356003545516,8571.47462433637,18510915.313940942,1.0,0.0,-239577349.34058374,-280944588.91770023,37021.830627881885
5000,Strong adverse selection,3,0.1,1.15,29743.55400370667,8571.47462433637,19157514.314021524,1.0,0.0,-221472577.33832753,-262839816.91544402,38315.028628043045
5000,Strong adverse selection,3,0.1,1.2,31036.75200386783,8571.47462433637,19804113.3141021,1.0,0.0,-203367805.3360713,-244735044.9131878,39608.2266282042
5000,Strong adverse selection,3,0.1,1.25,32329.950004028993,8571.47462433637,20450712.31418268,1.0,0.0,-185263033.33381504,-226630272.91093153,40901.42462836536
5000,Strong adverse selection,3,0.1,1.3,33623.14800419015,8571.47462433637,21097311.31426326,1.0,0.0,-167158261.33155888,-208525500.90867537,42194.62262852652
5000,Strong adverse selection,3,0.1,1.35,34916.34600435131,8571.47462433637,21743910.31434384,1.0,0.0,-149053489.3293026,-190420728.9064191,43487.82062868768
5000,Strong adverse selection,3,0.1,1.4,36209.54400451247,8571.47462433637,22390509.31442442,1.0,0.0,-130948717.32704645,-172315956.90416294,44781.01862884884
5000,Strong adverse selection,3,0.1,1.45,37502.74200467363,8571.47462433637,23037108.314505,1.0,0.0,-112843945.32479006,-154211184.90190655,46074.21662901
5000,Strong adverse selection,3,0.1,1.5,38795.94000483479,8571.47462433637,23683707.314585578,1.0,0.0,-94742384.77125141,-136106412.8996504,47367.41462917116
5000,Strong adverse selection,3,0.1,1.55,40089.13800499595,8571.47462433637,24330306.31466616,0.9998,0.0001414072133945005,-76656032.8230801,-118001640.89739423,48660.61262933232
5000,Strong adverse selection,3,0.1,1.6,41382.336005157114,8571.47462433637,24976905.31474674,0.9943,0.0007528286657666562,-58625628.27426689,-99896868.89513783,49953.810629493484
5000,Strong adverse selection,3,0.1,1.65,42675.534005318266,8571.47462433637,25623504.31482732,0.9591,0.0019805855194865996,-40712960.279551744,-81792096.89288168,51247.008629654636
5000,Strong adverse selection,3,0.1,1.7,43968.732005479425,8571.47462433637,26270103.314907897,0.8377,0.003687257924257537,-22912389.761909313,-63687324.8906254,52540.206629815795
5000,Strong adverse selection,3,0.1,1.75,45261.93000564059,8571.47462433637,26916702.31498848,0.5989,0.004901211992966638,-5037885.442593399,-45863272.805256695,53833.40462997696
5000,Strong adverse selection,3,0.1,1.8,46555.12800580175,8571.47462433637,27563301.31506906,0.3217,0.004671285797293931,13072138.520260984,-28610138.5623722,55126.60263013812
5000,Strong adverse selection,3,0.1,1.85,47848.32600596291,8571.47462433637,28209900.31514964,0.1256,0.003313980084430201,31466473.436318666,-12172999.973067975,56419.80063029928
5000,Strong adverse selection,3,0.1,1.9,49141.52400612407,8571.47462433637,28856499.31523022,0.0402,0.0019642800207709693,49784143.90335184,4666552.96965347,57712.99863046044
5000,Strong adverse selection,3,0.1,1.95,50434.72200628523,8571.47462433637,29503098.3153108,0.0081,0.0008963475888292443,68102076.03378774,26517629.756526362,59006.1966306216
5000,Strong adverse selection,3,0.1,2.0,51727.92000644639,8571.47462433637,30149697.31539138,0.0017,0.00041195994950965806,86264428.05013666,44834701.57931578,60299.39463078276
5000,Strong adverse selection,3,0.1,2.05,53021.11800660754,8571.47462433637,30796296.315471955,0.0001,9.999499987499375e-05,104410988.72692297,63046079.12516816,61592.59263094391
5000,Strong adverse selection,3,0.1,2.1,54314.316006768706,8571.47462433637,31442895.315552536,0.0,0.0,122518090.70454101,81150851.12742455,62885.790631105076
5000,Strong adverse selection,3,0.1,2.15,55607.514006929865,8571.47462433637,32089494.31563312,0.0,0.0,140622862.70679718,99255623.12968071,64178.988631266235
5000,Strong adverse selection,3,0.1,2.2,56900.71200709103,8571.47462433637,32736093.3157137,0.0,0.0,158727634.7090533,117360395.13193686,65472.1866314274
5000,Strong adverse selection,3,0.1,2.25,58193.91000725218,8571.47462433637,33382692.31579428,0.0,0.0,176832406.71130946,135465167.134193,66765.38463158856
5000,Strong adverse selection,3,0.1,2.3,59487.10800741334,8571.47462433637,34029291.31587486,0.0,0.0,194937178.71356577,153569939.13644928,68058.58263174971
5000,Strong adverse selection,3,0.1,2.35,60780.30600757451,8571.47462433637,34675890.31595544,0.0,0.0,213041950.71582216,171674711.13870567,69351.78063191088
5000,Strong adverse selection,3,0.1,2.4,62073.50400773566,8571.47462433637,35322489.316036016,0.0,0.0,231146722.7180784,189779483.14096195,70644.97863207203
5000,Strong adverse selection,3,0.1,2.45,63366.70200789683,8571.47462433637,35969088.3161166,0.0,0.0,249251494.72033486,207884255.14321834,71938.1766322332
5000,Strong adverse selection,3,0.1,2.5,64659.900008057986,8571.47462433637,36615687.31619717,0.0,0.0,267356266.7225907,225989027.14547426,73231.37463239435
5000,Strong adverse selection,3,0.25,0.0,0.0,8571.47462433637,10714343.280420462,1.0,0.0,-631453727.4219686,-672820966.9990851,8571.47462433637
5000,Strong adverse selection,3,0.25,0.05,1293.1980001611598,8571.47462433637,12330840.78062191,1.0,0.0,-612379056.9195915,-653746296.496708,9864.672624497529
5000,Strong adverse selection,3,0.25,0.1,2586.3960003223197,8571.47462433637,13947338.280823363,1.0,0.0,-593304386.4172144,-634671625.9943309,11157.87062465869
5000,Strong adverse selection,3,0.25,0.15,3879.594000483479,8571.47462433637,15563835.781024812,1.0,0.0,-574229715.9148374,-615596955.4919537,12451.068624819849
5000,Strong adverse selection,3,0.25,0.2,5172.792000644639,8571.47462433637,17180333.281226262,1.0,0.0,-555155045.4124602,-596522284.9895767,13744.26662498101
5000,Strong adverse selection,3,0.25,0.25,6465.990000805798,8571.47462433637,18796830.78142771,1.0,0.0,-536080374.9100831,-577447614.4871995,15037.46462514217
5000,Strong adverse selection,3,0.25,0.3,7759.188000966958,8571.47462433637,20413328.28162916,1.0,0.0,-517005704.4077061,-558372943.9848224,16330.662625303328
5000,Strong adverse selection,3,0.25,0.35,9052.386001128118,8571.47462433637,22029825.78183061,1.0,0.0,-497931033.9053289,-539298273.4824454,17623.860625464487
5000,Strong adverse selection,3,0.25,0.4,10345.584001289279,8571.47462433637,23646323.28203206,1.0,0.0,-478856363.4029518,-520223602.98006827,18917.05862562565
5000,Strong adverse selection,3,0.25,0.45,11638.782001450438,8571.47462433637,25262820.78223351,1.0,0.0,-459781692.9005746,-501148932.4776912,20210.25662578681
5000,Strong adverse selection,3,0.25,0.5,12931.980001611597,8571.47462433637,26879318.28243496,1.0,0.0,-440707022.39819753,-482074261.9753141,21503.45462594797
5000,Strong adverse selection,3,0.25,0.55,14225.178001772758,8571.47462433637,28495815.782636408,1.0,0.0,-421632351.8958205,-462999591.472937,22796.652626109128
5000,Strong adverse selection,3,0.25,0.6,15518.376001933915,8571.47462433637,30112313.28283786,1.0,0.0,-402557681.3934434,-443924920.9705599,24089.850626270287
5000,Strong adverse selection,3,0.25,0.65,16811.574002095076,8571.47462433637,31728810.78303931,1.0,0.0,-383483010.8910662,-424850250.46818274,25383.048626431446
5000,Strong adverse selection,3,0.25,0.7,18104.772002256235,8571.47462433637,33345308.283240758,1.0,0.0,-364408340.3886893,-405775579.9658057,26676.246626592605
5000,Strong adverse selection,3,0.25,0.75,19397.970002417394,8571.47462433637,34961805.78344221,1.0,0.0,-345333669.8863121,-386700909.46342856,27969.444626753764
5000,Strong adverse selection,3,0.25,0.8,20691.168002578557,8571.47462433637,36578303.283643655,1.0,0.0,-326258999.38393503,-367626238.96105146,29262.642626914927
5000,Strong adverse selection,3,0.25,0.85,21984.366002739713,8571.47462433637,38194800.783845104,1.0,0.0,-307184328.8815579,-348551568.4586744,30555.840627076082
5000,Strong adverse selection,3,0.25,0.9,23277.564002900875,8571.47462433637,39811298.28404655,1.0,0.0,-288109658.37918085,-329476897.95629734,31849.038627237245
5000,Strong adverse selection,3,0.25,0.95,24570.762003062035,8571.47462433637,41427795.78424801,1.0,0.0,-269034987.87680364,-310402227.45392007,33142.23662739841
5000,Strong adverse selection,3,0.25,1.0,25863.960003223194,8571.47462433637,43044293.28444945,1.0,0.0,-249960317.37442657,-291327556.95154303,34435.43462755956
5000,Strong adverse selection,3,0.25,1.05,27157.158003384353,8571.47462433637,44660790.78465091,1.0,0.0,-230885646.87204942,-272252886.4491659,35728.632627720726
5000,Strong adverse selection,3,0.25,1.1,28450.356003545516,8571.47462433637,46277288.284852356,1.0,0.0,-211810976.36967236,-253178215.94678885,37021.830627881885
5000,Strong adverse selection,3,0.25,1.15,29743.55400370667,8571.47462433637,47893785.785053805,1.0,0.0,-192736305.8672952,-234103545.4444117,38315.028628043045
5000,Strong adverse selection,3,0.25,1.2,31036.75200386783,8571.47462433637,49510283.285255246,1.0,0.0,-173661635.36491817,-215028874.94203466,39608.2266282042
5000,Strong adverse selection,3,0.25,1.25,32329.950004028993,8571.47462433637,51126780.7854567,1.0,0.0,-154586964.86254102,-195954204.4396575,40901.42462836536
5000,Strong adverse selection,3,0.25,1.3,33623.14800419015,8571.47462433637,52743278.28565815,1.0,0.0,-135512294.360164,-176879533.93728048,42194.62262852652
5000,Strong adverse selection,3,0.25,1.35,34916.34600435131,8571.47462433637,54359775.7858596,1.0,0.0,-116437623.85778683,-157804863.43490332,43487.82062868768
5000,Strong adverse selection,3,0.25,1.4,36209.54400451247,8571.47462433637,55976273.28606105,1.0,0.0,-97362953.35540982,-138730192.9325263,44781.01862884884
5000,Strong adverse selection,3,0.25,1.45,37502.74200467363,8571.47462433637,57592770.7862625,0.9999,9.999499987498824e-05,-78288282.85303254,-119655522.430149,46074.21662901
5000,Strong adverse selection,3,0.25,1.5,38795.94000483479,8571.47462433637,59209268.286463946,0.9936,0.0007974358908401328,-59216144.53802515,-100580851.92777197,47367.41462917116
5000,Strong adverse selection,3,0.25,1.55,40089.13800499595,8571.47462433637,60825765.786665395,0.9519,0.002139775455509293,-40152039.37118499,-81506181.42539494,48660.61262933232
5000,Strong adverse selection,3,0.25,1.6,41382.336005157114,8571.47462433637,62442263.28686686,0.8042,0.003968152718835302,-21100186.365343306,-62431510.923017666,49953.810629493484
5000,Strong adverse selection,3,0.25,1.65,42675.534005318266,8571.47462433637,64058760.78706829,0.5267,0.004992866010619552,-2030908.2549671584,-43356840.42064075,51247.008629654636
5000,Strong adverse selection,3,0.25,1.7,43968.732005479425,8571.47462433637,65675258.28726974,0.2434,0.004291345243626991,17052555.29650792,-24282169.9182636,52540.206629815795
5000,Strong adverse selection,3,0.25,1.75,45261.93000564059,8571.47462433637,67291755.7874712,0.0763,0.0026547751317201993,36137447.54205746,-5488219.332773958,53833.40462997696
5000,Strong adverse selection,3,0.25,1.8,46555.12800580175,8571.47462433637,68908253.28767265,0.0161,0.0012586020022231014,55228398.90787319,13867171.086490704,55126.60263013812
5000,Strong adverse selection,3,0.25,1.85,47848.32600596291,8571.47462433637,70524750.7878741,0.0024,0.0004893097178679368,74306367.94385152,32941841.588867858,56419.80063029928
5000,Strong adverse selection,3,0.25,1.9,49141.52400612407,8571.47462433637,72141248.28807555,0.0001,9.999499987499375e-05,93383751.66836135,52016512.09124489,57712.99863046044
5000,Strong adverse selection,3,0.25,1.95,50434.72200628523,8571.47462433637,73757745.788277,0.0,0.0,112458422.1707385,71091182.59362204,59006.1966306216
5000,Strong adverse selection,3,0.25,2.0,51727.92000644639,8571.47462433637,75374243.28847845,0.0,0.0,131533092.67311567,90165853.0959992,60299.39463078276
5000,Strong adverse selection,3,0.25,2.05,53021.11800660754,8571.47462433637,76990740.78867988,0.0,0.0,150607763.17549247,109240523.59837599,61592.59263094391
5000,Strong adverse selection,3,0.25,2.1,54314.316006768706,8571.47462433637,78607238.28888135,0.0,0.0,169682433.67786974,128315194.10075326,62885.790631105076
5000,Strong adverse selection,3,0.25,2.15,55607.514006929865,8571.47462433637,80223735.7890828,0.0,0.0,188757104.1802469,147389864.6031304,64178.988631266235
5000,Strong adverse selection,3,0.25,2.2,56900.71200709103,8571.47462433637,81840233.28928424,0.0,0.0,207831774.68262392,166464535.10550743,65472.1866314274
5000,Strong adverse selection,3,0.25,2.25,58193.91000725218,8571.47462433637,83456730.7894857,0.0,0.0,226906445.185001,185539205.60788447,66765.38463158856
5000,Strong adverse selection,3,0.25,2.3,59487.10800741334,8571.47462433637,85073228.28968714,0.0,0.0,245981115.68737814,204613876.11026162,68058.58263174971
5000,Strong adverse selection,3,0.25,2.35,60780.30600757451,8571.47462433637,86689725.7898886,0.0,0.0,265055786.18975538,223688546.6126389,69351.78063191088
5000,Strong adverse selection,3,0.25,2.4,62073.50400773566,8571.47462433637,88306223.29009004,0.0,0.0,284130456.69213253,242763217.11501604,70644.97863207203
5000,Strong adverse selection,3,0.25,2.45,63366.70200789683,8571.47462433637,89922720.7902915,0.0,0.0,303205127.1945098,261837887.6173933,71938.1766322332
5000,Strong adverse selection,3,0.25,2.5,64659.900008057986,8571.47462433637,91539218.29049294,0.0,0.0,322279797.6968866,280912558.1197701,73231.37463239435
5000,Strong adverse selection,3,0.5,0.0,0.0,8571.47462433637,21428686.560840923,1.0,0.0,-620739384.1415483,-662106623.7186646,8571.47462433637
5000,Strong adverse selection,3,0.5,0.05,1293.1980001611598,8571.47462433637,24661681.56124382,1.0,0.0,-600048216.1389697,-641415455.716086,9864.672624497529
5000,Strong adverse selection,3,0.5,0.1,2586.3960003223197,8571.47462433637,27894676.561646726,1.0,0.0,-579357048.1363912,-620724287.7135075,11157.87062465869
5000,Strong adverse selection,3,0.5,0.15,3879.594000483479,8571.47462433637,31127671.562049624,1.0,0.0,-558665880.1338125,-600033119.7109289,12451.068624819849
5000,Strong adverse selection,3,0.5,0.2,5172.792000644639,8571.47462433637,34360666.562452525,1.0,0.0,-537974712.1312339,-579341951.7083504,13744.26662498101
5000,Strong adverse selection,3,0.5,0.25,6465.990000805798,8571.47462433637,37593661.56285542,1.0,0.0,-517283544.1286554,-558650783.7057718,15037.46462514217
5000,Strong adverse selection,3,0.5,0.3,7759.188000966958,8571.47462433637,40826656.56325832,1.0,0.0,-496592376.1260769,-537959615.7031933,16330.662625303328
5000,Strong adverse selection,3,0.5,0.35,9052.386001128118,8571.47462433637,44059651.56366122,1.0,0.0,-475901208.12349826,-517268447.7006148,17623.860625464487
5000,Strong adverse selection,3,0.5,0.4,10345.584001289279,8571.47462433637,47292646.56406412,1.0,0.0,-455210040.1209197,-496577279.6980362,18917.05862562565
5000,Strong adverse selection,3,0.5,0.45,11638.782001450438,8571.47462433637,50525641.56446702,1.0,0.0,-434518872.1183412,-475886111.6954577,20210.25662578681
5000,Strong adverse selection,3,0.5,0.5,12931.980001611597,8571.47462433637,53758636.56486992,1.0,0.0,-413827704.1157626,-455194943.6928791,21503.45462594797
5000,Strong adverse selection,3,0.5,0.55,14225.178001772758,8571.47462433637,56991631.565272816,1.0,0.0,-393136536.11318415,-434503775.6903006,22796.652626109128
5000,Strong adverse selection,3,0.5,0.6,15518.376001933915,8571.47462433637,60224626.56567572,1.0,0.0,-372445368.11060554,-413812607.687722,24089.850626270287
5000,Strong adverse selection,3,0.5,0.65,16811.574002095076,8571.47462433637,63457621.56607862,1.0,0.0,-351754200.108027,-393121439.6851435,25383.048626431446
5000,Strong adverse selection,3,0.5,0.7,18104.772002256235,8571.47462433637,66690616.566481516,1.0,0.0,-331063032.1054484,-372430271.6825649,26676.246626592605
5000,Strong adverse selection,3,0.5,0.75,19397.970002417394,8571.47462433637,69923611.56688441,1.0,0.0,-310371864.1028699,-351739103.67998636,27969.444626753764
5000,Strong adverse selection,3,0.5,0.8,20691.168002578557,8571.47462433637,73156606.56728731,1.0,0.0,-289680696.1002913,-331047935.6774078,29262.642626914927
5000,Strong adverse selection,3,0.5,0.85,21984.366002739713,8571.47462433637,76389601.56769021,1.0,0.0,-268989528.0977128,-310356767.6748293,30555.840627076082
5000,Strong adverse selection,3,0.5,0.9,23277.564002900875,8571.47462433637,79622596.5680931,1.0,0.0,-248298360.0951343,-289665599.67225075,31849.038627237245
5000,Strong adverse selection,3,0.5,0.95,24570.762003062035,8571.47462433637,82855591.56849602,1.0,0.0,-227607192.0925556,-268974431.6696721,33142.23662739841
5000,Strong adverse selection,3,0.5,1.0,25863.960003223194,8571.47462433637,86088586.5688989,1.0,0.0,-206916024.0899771,-248283263.66709358,34435.43462755956
5000,Strong adverse selection,3,0.5,1.05,27157.158003384353,8571.47462433637,89321581.56930181,1.0,0.0,-186224856.0873985,-227592095.66451496,35728.632627720726
5000,Strong adverse selection,3,0.5,1.1,28450.356003545516,8571.47462433637,92554576.56970471,1.0,0.0,-165533688.08481997,-206900927.66193646,37021.830627881885
5000,Strong adverse selection,3,0.5,1.15,29743.55400370667,8571.47462433637,95787571.57010761,1.0,0.0,-144842520.08224148,-186209759.65935796,38315.028628043045
5000,Strong adverse selection,3,0.5,1.2,31036.75200386783,8571.47462433637,99020566.57051049,1.0,0.0,-124151352.079663,-165518591.65677947,39608.2266282042
5000,Strong adverse selection,3,0.5,1.25,32329.950004028993,8571.47462433637,102253561.5709134,1.0,0.0,-103460184.07708426,-144827423.65420073,40901.42462836536
5000,Strong adverse selection,3,0.5,1.3,33623.14800419015,8571.47462433637,105486556.5713163,1.0,0.0,-82769016.07450576,-124136255.65162222,42194.62262852652
5000,Strong adverse selection,3,0.5,1.35,34916.34600435131,8571.47462433637,108719551.5717192,0.995,0.0007053367989832945,-62077848.07192727,-103445087.64904372,43487.82062868768
5000,Strong adverse selection,3,0.5,1.4,36209.54400451247,8571.47462433637,111952546.5721221,0.9566,0.002037558342722976,-41386680.06934875,-82753919.64646523,44781.01862884884
5000,Strong adverse selection,3,0.5,1.45,37502.74200467363,8571.47462433637,115185541.572525,0.7974,0.00401936860713222,-20695512.066770025,-62062751.64388649,46074.21662901
5000,Strong adverse selection,3,0.5,1.5,38795.94000483479,8571.47462433637,118418536.57292789,0.4896,0.004998918282988831,-4344.0641915277,-41371583.641307995,47367.41462917116
5000,Strong adverse selection,3,0.5,1.55,40089.13800499595,8571.47462433637,121651531.57333079,0.1975,0.0039811273528989255,20686823.938386846,-20680415.638729617,48660.61262933232
5000,Strong adverse selection,3,0.5,1.6,41382.336005157114,8571.47462433637,124884526.57373372,0.05,0.0021794494717703367,41377991.940965585,10752.363849116844,49953.810629493484
5000,Strong adverse selection,3,0.5,1.65,42675.534005318266,8571.47462433637,128117521.57413658,0.0083,0.000907254650029417,62069159.94354409,20701920.366427615,51247.008629654636
5000,Strong adverse selection,3,0.5,1.7,43968.732005479425,8571.47462433637,131350516.57453948,0.0005,0.0002235508890610816,82760327.9461227,41393088.36900623,52540.206629815795
5000,Strong adverse selection,3,0.5,1.75,45261.93000564059,8571.47462433637,134583511.5749424,0.0,0.0,103451495.94870144,62084256.37158497,53833.40462997696
5000,Strong adverse selection,3,0.5,1.8,46555.12800580175,8571.47462433637,137816506.5753453,0.0,0.0,124142663.9512798,82775424.37416334,55126.60263013812
5000,Strong adverse selection,3,0.5,1.85,47848.32600596291,8571.47462433637,141049501.5757482,0.0,0.0,144833831.95385844,103466592.37674196,56419.80063029928
5000,Strong adverse selection,3,0.5,1.9,49141.52400612407,8571.47462433637,144282496.5761511,0.0,0.0,165524999.95643693,124157760.37932046,57712.99863046044
5000,Strong adverse selection,3,0.5,1.95,50434.72200628523,8571.47462433637,147515491.576554,0.0,0.0,186216167.95901543,144848928.38189894,59006.1966306216
5000,Strong adverse selection,3,0.5,2.0,51727.92000644639,8571.47462433637,150748486.5769569,0.0,0.0,206907335.96159405,165540096.38447756,60299.39463078276
5000,Strong adverse selection,3,0.5,2.05,53021.11800660754,8571.47462433637,153981481.57735977,0.0,0.0,227598503.96417242,186231264.38705593,61592.59263094391
5000,Strong adverse selection,3,0.5,2.1,54314.316006768706,8571.47462433637,157214476.5777627,0.0,0.0,248289671.96675116,206922432.38963467,62885.790631105076
5000,Strong adverse selection,3,0.5,2.15,55607.514006929865,8571.47462433637,160447471.5781656,0.0,0.0,268980839.96932966,227613600.39221317,64178.988631266235
5000,Strong adverse selection,3,0.5,2.2,56900.71200709103,8571.47462433637,163680466.5785685,0.0,0.0,289672007.97190815,248304768.39479166,65472.1866314274
5000,Strong adverse selection,3,0.5,2.25,58193.91000725218,8571.47462433637,166913461.5789714,0.0,0.0,310363175.97448665,268995936.39737016,66765.38463158856
5000,Strong adverse selection,3,0.5,2.3,59487.10800741334,8571.47462433637,170146456.57937428,0.0,0.0,331054343.97706515,289687104.39994866,68058.58263174971
5000,Strong adverse selection,3,0.5,2.35,60780.30600757451,8571.47462433637,173379451.5797772,0.0,0.0,351745511.9796438,310378272.4025274,69351.78063191088
5000,Strong adverse selection,3,0.5,2.4,62073.50400773566,8571.47462433637,176612446.58018008,0.0,0.0,372436679.9822226,331069440.4051061,70644.97863207203
5000,Strong adverse selection,3,0.5,2.45,63366.70200789683,8571.47462433637,179845441.580583,0.0,0.0,393127847.98480135,351760608.40768486,71938.1766322332
5000,Strong adverse selection,3,0.5,2.5,64659.900008057986,8571.47462433637,183078436.58098587,0.0,0.0,413819015.9873794,372451776.4102629,73231.37463239435
20000,Strong adverse selection,1,0.0,0.0,0.0,8571.47462433637,0.0,1.0,0.0,-855809725.3811121,-902759128.0590175,8571.47462433637
20000,Strong adverse selection,1,0.0,0.05,1293.1980001611598,8571.47462433637,0.0,1.0,0.0,-832532161.3782111,-879481564.0561167,9864.672624497529
20000,Strong adverse selection,1,0.0,0.1,2586.3960003223197,8571.47462433637,0.0,1.0,0.0,-809254597.3753102,-856204000.0532157,11157.87062465869
20000,Strong adverse selection,1,0.0,0.15,3879.594000483479,8571.47462433637,0.0,1.0,0.0,-785977033.3724093,-832926436.0503149,12451.068624819849
20000,Strong adverse selection,1,0.0,0.2,5172.792000644639,8571.47462433637,0.0,1.0,0.0,-762699469.3695084,-809648872.047414,13744.26662498101
20000,Strong adverse selection,1,0.0,0.25,6465.990000805798,8571.47462433637,0.0,1.0,0.0,-739421905.3666077,-786371308.0445131,15037.46462514217
20000,Strong adverse selection,1,0.0,0.3,7759.188000966958,8571.47462433637,0.0,1.0,0.0,-716144341.3637067,-763093744.0416123,16330.662625303328
20000,Strong adverse selection,1,0.0,0.35,9052.386001128118,8571.47462433637,0.0,1.0,0.0,-692866777.3608059,-739816180.0387113,17623.860625464487
20000,Strong adverse selection,1,0.0,0.4,10345.584001289279,8571.47462433637,0.0,1.0,0.0,-669589213.357905,-716538616.0358105,18917.05862562565
20000,Strong adverse selection,1,0.0,0.45,11638.782001450438,8571.47462433637,0.0,1.0,0.0,-646311649.3550041,-693261052.0329096,20210.25662578681
20000,Strong adverse selection,1,0.0,0.5,12931.980001611597,8571.47462433637,0.0,1.0,0.0,-623034085.3521034,-669983488.0300088,21503.45462594797
20000,Strong adverse selection,1,0.0,0.55,14225.178001772758,8571.47462433637,0.0,1.0,0.0,-599756521.3492024,-646705924.027108,22796.652626109128
20000,Strong adverse selection,1,0.0,0.6,15518.376001933915,8571.47462433637,0.0,1.0,0.0,-576478957.3463016,-623428360.024207,24089.850626270287
20000,Strong adverse selection,1,0.0,0.65,16811.574002095076,8571.47462433637,0.0,1.0,0.0,-553201393.3434006,-600150796.021306,25383.048626431446
20000,Strong adverse selection,1,0.0,0.7,18104.772002256235,8571.47462433637,0.0,1.0,0.0,-529923829.3404998,-576873232.0184052,26676.246626592605
20000,Strong adverse selection,1,0.0,0.75,19397.970002417394,8571.47462433637,0.0,1.0,0.0,-506646265.3375988,-553595668.0155044,27969.444626753764
20000,Strong adverse selection,1,0.0,0.8,20691.168002578557,8571.47462433637,0.0,1.0,0.0,-483368701.334698,-530318104.0126035,29262.642626914927
20000,Strong adverse selection,1,0.0,0.85,21984.366002739713,8571.47462433637,0.0,1.0,0.0,-460091137.33179724,-507040540.0097027,30555.840627076082
20000,Strong adverse selection,1,0.0,0.9,23277.564002900875,8571.47462433637,0.0,1.0,0.0,-436813573.32889634,-483762976.00680184,31849.038627237245
20000,Strong adverse selection,1,0.0,0.95,24570.762003062035,8571.47462433637,0.0,1.0,0.0,-413536009.32599527,-460485412.00390077,33142.23662739841
20000,Strong adverse selection,1,0.0,1.0,25863.960003223194,8571.47462433637,0.0,1.0,0.0,-390258445.32309455,-437207848.00100005,34435.43462755956
20000,Strong adverse selection,1,0.0,1.05,27157.158003384353,8571.47462433637,0.0,1.0,0.0,-366980881.3201936,-413930283.9980991,35728.632627720726
20000,Strong adverse selection,1,0.0,1.1,28450.356003545516,8571.47462433637,0.0,1.0,0.0,-343703317.31729275,-390652719.99519825,37021.830627881885
20000,Strong adverse selection,1,0.0,1.15,29743.55400370667,8571.47462433637,0.0,1.0,0.0,-320425753.314392,-367375155.9922974,38315.028628043045
20000,Strong adverse selection,1,0.0,1.2,31036.75200386783,8571.47462433637,0.0,1.0,0.0,-297148189.3114911,-344097591.9893966,39608.2266282042
20000,Strong adverse selection,1,0.0,1.25,32329.950004028993,8571.47462433637,0.0,1.0,0.0,-273870625.3085901,-320820027.9864956,40901.42462836536
20000,Strong adverse selection,1,0.0,1.3,33623.14800419015,8571.47462433637,0.0,1.0,0.0,-250593061.30568925,-297542463.9835948,42194.62262852652
20000,Strong adverse selection,1,0.0,1.35,34916.34600435131,8571.47462433637,0.0,1.0,0.0,-227315497.30278844,-274264899.98069394,43487.82062868768
20000,Strong adverse selection,1,0.0,1.4,36209.54400451247,8571.47462433637,0.0,1.0,0.0,-204037933.2998876,-250987335.9777931,44781.01862884884
20000,Strong adverse selection,1,0.0,1.45,37502.74200467363,8571.47462433637,0.0,1.0,0.0,-180760369.2969866,-227709771.97489214,46074.21662901
20000,Strong adverse selection,1,0.0,1.5,38795.94000483479,8571.47462433637,0.0,1.0,0.0,-157482805.2940858,-204432207.9719913,47367.41462917116
20000,Strong adverse selection,1,0.0,1.55,40089.13800499595,8571.47462433637,0.0,1.0,0.0,-134205241.29118496,-181154643.96909046,48660.61262933232
20000,Strong adverse selection,1,0.0,1.6,41382.336005157114,8571.47462433637,0.0,0.9999,9.999499987498824e-05,-110927677.28828388,-157877079.96618938,49953.810629493484
20000,Strong adverse selection,1,0.0,1.65,42675.534005318266,8571.47462433637,0.0,0.9989,0.0003314800144805098,-87650113.28538327,-134599515.96328878,51247.008629654636
20000,Strong adverse selection,1,0.0,1.7,43968.732005479425,8571.47462433637,0.0,0.9874,0.0011154030661603878,-64372549.282482326,-111321951.96038783,52540.206629815795
20000,Strong adverse selection,1,0.0,1.75,45261.93000564059,8571.47462433637,0.0,0.9285,0.0025765820382824996,-41094985.27958124,-88044387.95748675,53833.40462997696
20000,Strong adverse selection,1,0.0,1.8,46555.12800580175,8571.47462433637,0.0,0.7292,0.0044437299647930905,-17817421.276680402,-64766823.95458591,55126.60263013812
20000,Strong adverse selection,1,0.0,1.85,47848.32600596291,8571.47462433637,0.0,0.4229,0.004940198275373166,5460142.726220438,-41489259.95168507,56419.80063029928
20000,Strong adverse selection,1,0.0,1.9,49141.52400612407,8571.47462433637,0.0,0.1554,0.0036228557796302075,28737706.729121275,-18211695.94878423,57712.99863046044
20000,Strong adverse selection,1,0.0,1.95,50434.72200628523,8571.47462433637,0.0,0.0337,0.0018045583947326283,52015270.73202212,5065868.054116609,59006.1966306216
20000,Strong adverse selection,1,0.0,2.0,51727.92000644639,8571.47462433637,0.0,0.0066,0.0008097184695929814,75292834.73492306,28343432.05701757,60299.39463078276
20000,Strong adverse selection,1,0.0,2.05,53021.11800660754,8571.47462433637,0.0,0.0003,0.00017317909804592468,98570398.73782368,51620996.059918165,61592.59263094391
20000,Strong adverse selection,1,0.0,2.1,54314.316006768706,8571.47462433637,0.0,0.0001,9.999499987499375e-05,121847962.74072476,74898560.06281924,62885.790631105076
20000,Strong adverse selection,1,0.0,2.15,55607.514006929865,8571.47462433637,0.0,0.0,0.0,145125526.74362558,98176124.06572008,64178.988631266235
20000,Strong adverse selection,1,0.0,2.2,56900.71200709103,8571.47462433637,0.0,0.0,0.0,168403090.74652642,121453688.06862092,65472.1866314274
20000,Strong adverse selection,1,0.0,2.25,58193.91000725218,8571.47462433637,0.0,0.0,0.0,191680654.74942726,144731252.07152176,66765.38463158856
20000,Strong adverse selection,1,0.0,2.3,59487.10800741334,8571.47462433637,0.0,0.0,0.0,214958218.75232813,168008816.0744226,68058.58263174971
20000,Strong adverse selection,1,0.0,2.35,60780.30600757451,8571.47462433637,0.0,0.0,0.0,238235782.7552292,191286380.07732368,69351.78063191088
20000,Strong adverse selection,1,0.0,2.4,62073.50400773566,8571.47462433637,0.0,0.0,0.0,261513346.75813004,214563944.0802245,70644.97863207203
20000,Strong adverse selection,1,0.0,2.45,63366.70200789683,8571.47462433637,0.0,0.0,0.0,284790910.7610311,237841508.0831256,71938.1766322332
20000,Strong adverse selection,1,0.0,2.5,64659.900008057986,8571.47462433637,0.0,0.0,0.0,308068474.7639317,261119072.0860262,73231.37463239435
20000,Strong adverse selection,1,0.1,0.0,0.0,8571.47462433637,17142949.24867274,1.0,0.0,-838666776.1324393,-885616178.8103447,8571.47462433637
20000,Strong adverse selection,1,0.1,0.05,1293.1980001611598,8571.47462433637,19729345.24899506,1.0,0.0,-812802816.1292162,-859752218.8071216,9864.672624497529
20000,Strong adverse selection,1,0.1,0.1,2586.3960003223197,8571.47462433637,22315741.24931738,1.0,0.0,-786938856.1259928,-833888258.8038983,11157.87062465869
20000,Strong adverse selection,1,0.1,0.15,3879.594000483479,8571.47462433637,24902137.249639697,1.0,0.0,-761074896.1227697,-808024298.8006752,12451.068624819849
20000,Strong adverse selection,1,0.1,0.2,5172.792000644639,8571.47462433637,27488533.24996202,1.0,0.0,-735210936.1195465,-782160338.797452,13744.26662498101
20000,Strong adverse selection,1,0.1,0.25,6465.990000805798,8571.47462433637,30074929.250284337,1.0,0.0,-709346976.1163232,-756296378.7942288,15037.46462514217
20000,Strong adverse selection,1,0.1,0.3,7759.188000966958,8571.47462433637,32661325.250606656,1.0,0.0,-683483016.1131,-730432418.7910056,16330.662625303328
20000,Strong adverse selection,1,0.1,0.35,9052.386001128118,8571.47462433637,35247721.250928976,1.0,0.0,-657619056.109877,-704568458.7877824,17623.860625464487
20000,Strong adverse selection,1,0.1,0.4,10345.584001289279,8571.47462433637,37834117.2512513,1.0,0.0,-631755096.1066537,-678704498.7845592,18917.05862562565
20000,Strong adverse selection,1,0.1,0.45,11638.782001450438,8571.47462433637,40420513.25157362,1.0,0.0,-605891136.1034305,-652840538.7813361,20210.25662578681
20000,Strong adverse selection,1,0.1,0.5,12931.980001611597,8571.47462433637,43006909.251895934,1.0,0.0,-580027176.1002072,-626976578.7781128,21503.45462594797
20000,Strong adverse selection,1,0.1,0.55,14225.178001772758,8571.47462433637,45593305.252218254,1.0,0.0,-554163216.0969841,-601112618.7748897,22796.652626109128
20000,Strong adverse selection,1,0.1,0.6,15518.376001933915,8571.47462433637,48179701.25254057,1.0,0.0,-528299256.09376097,-575248658.7716664,24089.850626270287
20000,Strong adverse selection,1,0.1,0.65,16811.574002095076,8571.47462433637,50766097.25286289,1.0,0.0,-502435296.09053767,-549384698.7684432,25383.048626431446
20000,Strong adverse selection,1,0.1,0.7,18104.772002256235,8571.47462433637,53352493.25318521,1.0,0.0,-476571336.0873144,-523520738.76522005,26676.246626592605
20000,Strong adverse selection,1,0.1,0.75,19397.970002417394,8571.47462433637,55938889.253507525,1.0,0.0,-450707376.0840914,-497656778.76199687,27969.444626753764
20000,Strong adverse selection,1,0.1,0.8,20691.168002578557,8571.47462433637,58525285.25382985,1.0,0.0,-424843416.0808682,-471792818.7587737,29262.642626914927
20000,Strong adverse selection,1,0.1,0.85,21984.366002739713,8571.47462433637,61111681.254152164,1.0,0.0,-398979456.07764494,-445928858.7555505,30555.840627076082
20000,Strong adverse selection,1,0.1,0.9,23277.564002900875,8571.47462433637,63698077.25447449,1.0,0.0,-373115496.0744218,-420064898.7523273,31849.038627237245
20000,Strong adverse selection,1,0.1,0.95,24570.762003062035,8571.47462433637,66284473.25479682,1.0,0.0,-347251536.0711984,-394200938.7491039,33142.23662739841
20000,Strong adverse selection,1,0.1,1.0,25863.960003223194,8571.47462433637,68870869.25511912,1.0,0.0,-321387576.06797546,-368336978.74588096,34435.43462755956
20000,Strong adverse selection,1,0.1,1.05,27157.158003384353,8571.47462433637,71457265.25544146,1.0,0.0,-295523616.06475216,-342473018.74265766,35728.632627720726
20000,Strong adverse selection,1,0.1,1.1,28450.356003545516,8571.47462433637,74043661.25576377,1.0,0.0,-269659656.061529,-316609058.7394345,37021.830627881885
20000,Strong adverse selection,1,0.1,1.15,29743.55400370667,8571.47462433637,76630057.2560861,1.0,0.0,-243795696.0583058,-290745098.7362113,38315.028628043045
20000,Strong adverse selection,1,0.1,1.2,31036.75200386783,8571.47462433637,79216453.2564084,1.0,0.0,-217931736.05508262,-264881138.73298812,39608.2266282042
20000,Strong adverse selection,1,0.1,1.25,32329.950004028993,8571.47462433637,81802849.25673072,1.0,0.0,-192067776.05185944,-239017178.72976494,40901.42462836536
20000,Strong adverse selection,1,0.1,1.3,33623.14800419015,8571.47462433637,84389245.25705305,1.0,0.0,-166203816.04863623,-213153218.72654176,42194.62262852652
20000,Strong adverse selection,1,0.1,1.35,34916.34600435131,8571.47462433637,86975641.25737536,1.0,0.0,-140339856.04541305,-187289258.72331858,43487.82062868768
20000,Strong adverse selection,1,0.1,1.4,36209.54400451247,8571.47462433637,89562037.25769769,1.0,0.0,-114475896.0421899,-161425298.7200954,44781.01862884884
20000,Strong adverse selection,1,0.1,1.45,37502.74200467363,8571.47462433637,92148433.25802,0.9989,0.0003314800144805098,-88611936.03896658,-135561338.7168721,46074.21662901
20000,Strong adverse selection,1,0.1,1.5,38795.94000483479,8571.47462433637,94734829.25834231,0.9857,0.001187245130543814,-62747976.03574353,-109697378.71364903,47367.41462917116
20000,Strong adverse selection,1,0.1,1.55,40089.13800499595,8571.47462433637,97321225.25866464,0.9052,0.0029293849183745038,-36884016.03252035,-83833418.71042585,48660.61262933232
20000,Strong adverse selection,1,0.1,1.6,41382.336005157114,8571.47462433637,99907621.25898696,0.6484,0.00477469831507709,-11020056.029296927,-57969458.707202435,49953.810629493484
20000,Strong adverse selection,1,0.1,1.65,42675.534005318266,8571.47462433637,102494017.25930928,0.298,0.004573794923255742,14843903.973926017,-32105498.70397949,51247.008629654636
20000,Strong adverse selection,1,0.1,1.7,43968.732005479425,8571.47462433637,105080413.25963159,0.0751,0.0026355263231468587,40707863.977149315,-6241538.70075619,52540.206629815795
20000,Strong adverse selection,1,0.1,1.75,45261.93000564059,8571.47462433637,107666809.25995392,0.012,0.001088852607105296,66571823.98037261,19622421.30246711,53833.40462997696
20000,Strong adverse selection,1,0.1,1.8,46555.12800580175,8571.47462433637,110253205.26027624,0.0009,0.0002998649696113236,92435783.9835958,45486381.30569029,55126.60263013812
20000,Strong adverse selection,1,0.1,1.85,47848.32600596291,8571.47462433637,112839601.26059856,0.0001,9.999499987499375e-05,118299743.986819,71350341.30891347,56419.80063029928
20000,Strong adverse selection,1,0.1,1.9,49141.52400612407,8571.47462433637,115425997.26092088,0.0,0.0,144163703.99004215,97214301.31213665,57712.99863046044
20000,Strong adverse selection,1,0.1,1.95,50434.72200628523,8571.47462433637,118012393.2612432,0.0,0.0,170027663.99326533,123078261.31535983,59006.1966306216
20000,Strong adverse selection,1,0.1,2.0,51727.92000644639,8571.47462433637,120598789.26156552,0.0,0.0,195891623.9964885,148942221.318583,60299.39463078276
20000,Strong adverse selection,1,0.1,2.05,53021.11800660754,8571.47462433637,123185185.26188782,0.0,0.0,221755583.99971142,174806181.32180595,61592.59263094391
20000,Strong adverse selection,1,0.1,2.1,54314.316006768706,8571.47462433637,125771581.26221015,0.0,0.0,247619544.0029349,200670141.32502937,62885.790631105076
20000,Strong adverse selection,1,0.1,2.15,55607.514006929865,8571.47462433637,128357977.26253247,0.0,0.0,273483504.00615805,226534101.32825255,64178.988631266235
20000,Strong adverse selection,1,0.1,2.2,56900.71200709103,8571.47462433637,130944373.2628548,0.0,0.0,299347464.00938123,252398061.33147573,65472.1866314274
20000,Strong adverse selection,1,0.1,2.25,58193.91000725218,8571.47462433637,133530769.26317713,0.0,0.0,325211424.0126044,278262021.3346989,66765.38463158856
20000,Strong adverse selection,1,0.1,2.3,59487.10800741334,8571.47462433637,136117165.26349944,0.0,0.0,351075384.0158276,304125981.3379221,68058.58263174971
20000,Strong adverse selection,1,0.1,2.35,60780.30600757451,8571.47462433637,138703561.26382175,0.0,0.0,376939344.019051,329989941.3411455,69351.78063191088
20000,Strong adverse selection,1,0.1,2.4,62073.50400773566,8571.47462433637,141289957.26414406,0.0,0.0,402803304.0222742,355853901.3443687,70644.97863207203
20000,Strong adverse selection,1,0.1,2.45,63366.70200789683,8571.47462433637,143876353.2644664,0.0,0.0,428667264.0254976,381717861.3475921,71938.1766322332
20000,Strong adverse selection,1,0.1,2.5,64659.900008057986,8571.47462433637,146462749.2647887,0.0,0.0,454531224.0287203,407581821.3508148,73231.37463239435
20000,Strong adverse selection,1,0.25,0.0,0.0,8571.47462433637,42857373.12168185,1.0,0.0,-812952352.2594303,-859901754.9373357,8571.47462433637
20000,Strong adverse selection,1,0.25,0.05,1293.1980001611598,8571.47462433637,49323363.12248764,1.0,0.0,-783208798.2557236,-830158200.933629,9864.672624497529
20000,Strong adverse selection,1,0.25,0.1,2586.3960003223197,8571.47462433637,55789353.12329345,1.0,0.0,-753465244.2520168,-800414646.9299223,11157.87062465869
20000,Strong adverse selection,1,0.25,0.15,3879.594000483479,8571.47462433637,62255343.12409925,1.0,0.0,-723721690.2483102,-770671092.9262156,12451.068624819849
20000,Strong adverse selection,1,0.25,0.2,5172.792000644639,8571.47462433637,68721333.12490505,1.0,0.0,-693978136.2446035,-740927538.922509,13744.26662498101
20000,Strong adverse selection,1,0.25,0.25,6465.990000805798,8571.47462433637,75187323.12571084,1.0,0.0,-664234582.2408967,-711183984.9188023,15037.46462514217
20000,Strong adverse selection,1,0.25,0.3,7759.188000966958,8571.47462433637,81653313.12651664,1.0,0.0,-634491028.23719,-681440430.9150956,16330.662625303328
20000,Strong adverse selection,1,0.25,0.35,9052.386001128118,8571.47462433637,88119303.12732244,1.0,0.0,-604747474.2334834,-651696876.9113889,17623.860625464487
20000,Strong adverse selection,1,0.25,0.4,10345.584001289279,8571.47462433637,94585293.12812825,1.0,0.0,-575003920.2297767,-621953322.9076822,18917.05862562565
20000,Strong adverse selection,1,0.25,0.45,11638.782001450438,8571.47462433637,101051283.12893404,1.0,0.0,-545260366.2260702,-592209768.9039756,20210.25662578681
20000,Strong adverse selection,1,0.25,0.5,12931.980001611597,8571.47462433637,107517273.12973984,1.0,0.0,-515516812.22236335,-562466214.9002689,21503.45462594797
20000,Strong adverse selection,1,0.25,0.55,14225.178001772758,8571.47462433637,113983263.13054563,1.0,0.0,-485773258.21865684,-532722660.8965623,22796.652626109128
20000,Strong adverse selection,1,0.25,0.6,15518.376001933915,8571.47462433637,120449253.13135144,1.0,0.0,-456029704.21495,-502979106.8928555,24089.850626270287
20000,Strong adverse selection,1,0.25,0.65,16811.574002095076,8571.47462433637,126915243.13215724,1.0,0.0,-426286150.21124333,-473235552.88914883,25383.048626431446
20000,Strong adverse selection,1,0.25,0.7,18104.772002256235,8571.47462433637,133381233.13296303,1.0,0.0,-396542596.20753676,-443491998.88544226,26676.246626592605
20000,Strong adverse selection,1,0.25,0.75,19397.970002417394,8571.47462433637,139847223.13376883,1.0,0.0,-366799042.20383,-413748444.88173556,27969.444626753764
20000,Strong adverse selection,1,0.25,0.8,20691.168002578557,8571.47462433637,146313213.13457462,1.0,0.0,-337055488.2001233,-384004890.87802887,29262.642626914927
20000,Strong adverse selection,1,0.25,0.85,21984.366002739713,8571.47462433637,152779203.13538042,1.0,0.0,-307311934.1964168,-354261336.8743223,30555.840627076082
20000,Strong adverse selection,1,0.25,0.9,23277.564002900875,8571.47462433637,159245193.1361862,1.0,0.0,-277568380.1927101,-324517782.8706156,31849.038627237245
20000,Strong adverse selection,1,0.25,0.95,24570.762003062035,8571.47462433637,165711183.13699204,1.0,0.0,-247824826.18900332,-294774228.8669088,33142.23662739841
20000,Strong adverse selection,1,0.25,1.0,25863.960003223194,8571.47462433637,172177173.1377978,1.0,0.0,-218081272.1852967,-265030674.8632022,34435.43462755956
20000,Strong adverse selection,1,0.25,1.05,27157.158003384353,8571.47462433637,178643163.13860363,1.0,0.0,-188337718.1815899,-235287120.8594954,35728.632627720726
20000,Strong adverse selection,1,0.25,1.1,28450.356003545516,8571.47462433637,185109153.13940942,1.0,0.0,-158594164.1778833,-205543566.85578883,37021.830627881885
20000,Strong adverse selection,1,0.25,1.15,29743.55400370667,8571.47462433637,191575143.14021522,1.0,0.0,-128850610.17417675,-175800012.85208225,38315.028628043045
20000,Strong adverse selection,1,0.25,1.2,31036.75200386783,8571.47462433637,198041133.14102098,0.9998,0.0001414072133945005,-99107056.17047004,-146056458.84837556,39608.2266282042
20000,Strong adverse selection,1,0.25,1.25,32329.950004028993,8571.47462433637,204507123.1418268,0.9933,0.0008157885755512907,-69363502.16676335,-116312904.84466887,40901.42462836536
20000,Strong adverse selection,1,0.25,1.3,33623.14800419015,8571.47462433637,210973113.1426326,0.9217,0.0026864309036340396,-39619948.163056664,-86569350.84096217,42194.62262852652
20000,Strong adverse selection,1,0.25,1.35,34916.34600435131,8571.47462433637,217439103.1434384,0.6318,0.004823160374692096,-9876394.159349969,-56825796.83725548,43487.82062868768
20000,Strong adverse selection,1,0.25,1.4,36209.54400451247,8571.47462433637,223905093.1442442,0.2394,0.0042671728345592,19867159.844356604,-27082242.8335489,44781.01862884884
20000,Strong adverse selection,1,0.25,1.45,37502.74200467363,8571.47462433637,230371083.14505,0.0404,0.0019689550528135475,49610713.84806342,2661311.1701579113,46074.21662901
20000,Strong adverse selection,1,0.25,1.5,38795.94000483479,8571.47462433637,236837073.14585578,0.0046,0.0006766712643521964,79354267.85177012,32404865.173864607,47367.41462917116
20000,Strong adverse selection,1,0.25,1.55,40089.13800499595,8571.47462433637,243303063.14666158,0.0001,9.999499987499375e-05,109097821.85547656,62148419.17757106,48660.61262933232
20000,Strong adverse selection,1,0.25,1.6,41382.336005157114,8571.47462433637,249769053.14746743,0.0,0.0,138841375.8591835,91891973.18127799,49953.810629493484
20000,Strong adverse selection,1,0.25,1.65,42675.534005318266,8571.47462433637,256235043.14827317,0.0,0.0,168584929.86288995,121635527.18498445,51247.008629654636
20000,Strong adverse selection,1,0.25,1.7,43968.732005479425,8571.47462433637,262701033.14907897,0.0,0.0,198328483.86659664,151379081.18869114,52540.206629815795
20000,Strong adverse selection,1,0.25,1.75,45261.93000564059,8571.47462433637,269167023.1498848,0.0,0.0,228072037.87030357,181122635.19239807,53833.40462997696
20000,Strong adverse selection,1,0.25,1.8,46555.12800580175,8571.47462433637,275633013.1506906,0.0,0.0,257815591.8740103,210866189.19610476,55126.60263013812
20000,Strong adverse selection,1,0.25,1.85,47848.32600596291,8571.47462433637,282099003.1514964,0.0,0.0,287559145.8777167,240609743.19981122,56419.80063029928
20000,Strong adverse selection,1,0.25,1.9,49141.52400612407,8571.47462433637,288564993.1523022,0.0,0.0,317302699.8814234,270353297.2035179,57712.99863046044
20000,Strong adverse selection,1,0.25,1.95,50434.72200628523,8571.47462433637,295030983.153108,0.0,0.0,347046253.8851301,300096851.2072246,59006.1966306216
20000,Strong adverse selection,1,0.25,2.0,51727.92000644639,8571.47462433637,301496973.1539138,0.0,0.0,376789807.8888368,329840405.2109313,60299.39463078276
20000,Strong adverse selection,1,0.25,2.05,53021.11800660754,8571.47462433637,307962963.15471953,0.0,0.0,406533361.89254326,359583959.21463776,61592.59263094391
20000,Strong adverse selection,1,0.25,2.1,54314.316006768706,8571.47462433637,314428953.1555254,0.0,0.0,436276915.8962502,389327513.2183447,62885.790631105076
20000,Strong adverse selection,1,0.25,2.15,55607.514006929865,8571.47462433637,320894943.1563312,0.0,0.0,466020469.89995694,419071067.2220514,64178.988631266235
20000,Strong adverse selection,1,0.25,2.2,56900.71200709103,8571.47462433637,327360933.157137,0.0,0.0,495764023.9036633,448814621.22575784,65472.1866314274
20000,Strong adverse selection,1,0.25,2.25,58193.91000725218,8571.47462433637,333826923.1579428,0.0,0.0,525507577.9073699,478558175.22946453,66765.38463158856
20000,Strong adverse selection,1,0.25,2.3,59487.10800741334,8571.47462433637,340292913.15874857,0.0,0.0,555251131.9110768,508301729.2331712,68058.58263174971
20000,Strong adverse selection,1,0.25,2.35,60780.30600757451,8571.47462433637,346758903.1595544,0.0,0.0,584994685.9147836,538045283.2368782,69351.78063191088
20000,Strong adverse selection,1,0.25,2.4,62073.50400773566,8571.47462433637,353224893.16036016,0.0,0.0,614738239.91849,567788837.2405846,70644.97863207203
20000,Strong adverse selection,1,0.25,2.45,63366.70200789683,8571.47462433637,359690883.161166,0.0,0.0,644481793.9221971,597532391.2442915,71938.1766322332
20000,Strong adverse selection,1,0.25,2.5,64659.900008057986,8571.47462433637,366156873.16197175,0.0,0.0,674225347.9259036,627275945.247998,73231.37463239435
20000,Strong adverse selection,1,0.5,0.0,0.0,8571.47462433637,85714746.2433637,1.0,0.0,-770094979.1377482,-817044381.8156538,8571.47462433637
20000,Strong adverse selection,1,0.5,0.05,1293.1980001611598,8571.47462433637,98646726.24497528,1.0,0.0,-733885435.1332357,-780834837.8111414,9864.672624497529
20000,Strong adverse selection,1,0.5,0.1,2586.3960003223197,8571.47462433637,111578706.2465869,1.0,0.0,-697675891.1287233,-744625293.8066288,11157.87062465869
20000,Strong adverse selection,1,0.5,0.15,3879.594000483479,8571.47462433637,124510686.2481985,1.0,0.0,-661466347.124211,-708415749.8021164,12451.068624819849
20000,Strong adverse selection,1,0.5,0.2,5172.792000644639,8571.47462433637,137442666.2498101,1.0,0.0,-625256803.1196983,-672206205.7976038,13744.26662498101
20000,Strong adverse selection,1,0.5,0.25,6465.990000805798,8571.47462433637,150374646.2514217,1.0,0.0,-589047259.115186,-635996661.7930914,15037.46462514217
20000,Strong adverse selection,1,0.5,0.3,7759.188000966958,8571.47462433637,163306626.25303328,1.0,0.0,-552837715.1106734,-599787117.788579,16330.662625303328
20000,Strong adverse selection,1,0.5,0.35,9052.386001128118,8571.47462433637,176238606.25464487,1.0,0.0,-516628171.10616106,-563577573.7840664,17623.860625464487
20000,Strong adverse selection,1,0.5,0.4,10345.584001289279,8571.47462433637,189170586.2562565,1.0,0.0,-480418627.10164845,-527368029.779554,18917.05862562565
20000,Strong adverse selection,1,0.5,0.45,11638.782001450438,8571.47462433637,202102566.25786808,1.0,0.0,-444209083.09713614,-491158485.7750416,20210.25662578681
20000,Strong adverse selection,1,0.5,0.5,12931.980001611597,8571.47462433637,215034546.25947967,1.0,0.0,-407999539.09262353,-454948941.77052903,21503.45462594797
20000,Strong adverse selection,1,0.5,0.55,14225.178001772758,8571.47462433637,227966526.26109126,1.0,0.0,-371789995.0881111,-418739397.7660166,22796.652626109128
20000,Strong adverse selection,1,0.5,0.6,15518.376001933915,8571.47462433637,240898506.26270288,1.0,0.0,-335580451.0835987,-382529853.7615042,24089.850626270287
20000,Strong adverse selection,1,0.5,0.65,16811.574002095076,8571.47462433637,253830486.26431447,1.0,0.0,-299370907.0790861,-346320309.7569916,25383.048626431446
20000,Strong adverse selection,1,0.5,0.7,18104.772002256235,8571.47462433637,266762466.26592606,1.0,0.0,-263161363.0745737,-310110765.7524792,26676.246626592605
20000,Strong adverse selection,1,0.5,0.75,19397.970002417394,8571.47462433637,279694446.26753765,1.0,0.0,-226951819.07006127,-273901221.74796677,27969.444626753764
20000,Strong adverse selection,1,0.5,0.8,20691.168002578557,8571.47462433637,292626426.26914924,1.0,0.0,-190742275.06554872,-237691677.74345422,29262.642626914927
20000,Strong adverse selection,1,0.5,0.85,21984.366002739713,8571.47462433637,305558406.27076083,1.0,0.0,-154532731.0610364,-201482133.7389419,30555.840627076082
20000,Strong adverse selection,1,0.5,0.9,23277.564002900875,8571.47462433637,318490386.2723724,1.0,0.0,-118323187.05652387,-165272589.73442936,31849.038627237245
20000,Strong adverse selection,1,0.5,0.95,24570.762003062035,8571.47462433637,331422366.2739841,0.9984,0.0003996798718975032,-82113643.05201118,-129063045.72991669,33142.23662739841
20000,Strong adverse selection,1,0.5,1.0,25863.960003223194,8571.47462433637,344354346.2755956,0.949,0.0021999772726098796,-45904099.047498986,-92853501.7254045,34435.43462755956
20000,Strong adverse selection,1,0.5,1.05,27157.158003384353,8571.47462433637,357286326.27720726,0.6294,0.004829654646038369,-9694555.042986326,-56643957.72089183,35728.632627720726
20000,Strong adverse selection,1,0.5,1.1,28450.356003545516,8571.47462433637,370218306.27881885,0.1736,0.0037876515151212104,26514988.961526103,-20434413.7163794,37021.830627881885
20000,Strong adverse selection,1,0.5,1.15,29743.55400370667,8571.47462433637,383150286.28043044,0.0167,0.0012814487894566838,62724532.966038525,15775130.288133027,38315.028628043045
20000,Strong adverse selection,1,0.5,1.2,31036.75200386783,8571.47462433637,396082266.28204197,0.0003,0.00017317909804592468,98934076.97055097,51984674.292645454,39608.2266282042
20000,Strong adverse selection,1,0.5,1.25,32329.950004028993,8571.47462433637,409014246.2836536,0.0,0.0,135143620.97506353,88194218.297158,40901.42462836536
20000,Strong adverse selection,1,0.5,1.3,33623.14800419015,8571.47462433637,421946226.2852652,0.0,0.0,171353164.97957584,124403762.30167031,42194.62262852652
20000,Strong adverse selection,1,0.5,1.35,34916.34600435131,8571.47462433637,434878206.2868768,0.0,0.0,207562708.9840884,160613306.30618286,43487.82062868768
20000,Strong adverse selection,1,0.5,1.4,36209.54400451247,8571.47462433637,447810186.2884884,0.0,0.0,243772252.98860094,196822850.3106954,44781.01862884884
20000,Strong adverse selection,1,0.5,1.45,37502.74200467363,8571.47462433637,460742166.2901,0.0,0.0,279981796.9931132,233032394.31520772,46074.21662901
20000,Strong adverse selection,1,0.5,1.5,38795.94000483479,8571.47462433637,473674146.29171157,0.0,0.0,316191340.9976257,269241938.31972027,47367.41462917116
20000,Strong adverse selection,1,0.5,1.55,40089.13800499595,8571.47462433637,486606126.29332316,0.0,0.0,352400885.0021383,305451482.3242328,48660.61262933232
20000,Strong adverse selection,1,0.5,1.6,41382.336005157114,8571.47462433637,499538106.29493487,0.0,0.0,388610429.0066511,341661026.3287456,49953.810629493484
20000,Strong adverse selection,1,0.5,1.65,42675.534005318266,8571.47462433637,512470086.29654634,0.0,0.0,424819973.01116294,377870570.33325744,51247.008629654636
20000,Strong adverse selection,1,0.5,1.7,43968.732005479425,8571.47462433637,525402066.29815793,0.0,0.0,461029517.0156758,414080114.3377702,52540.206629815795
20000,Strong adverse selection,1,0.5,1.75,45261.93000564059,8571.47462433637,538334046.2997696,0.0,0.0,497239061.02018845,450289658.342283,53833.40462997696
20000,Strong adverse selection,1,0.5,1.8,46555.12800580175,8571.47462433637,551266026.3013812,0.0,0.0,533448605.02470076,486499202.3467953,55126.60263013812
20000,Strong adverse selection,1,0.5,1.85,47848.32600596291,8571.47462433637,564198006.3029928,0.0,0.0,569658149.0292131,522708746.35130763,56419.80063029928
20000,Strong adverse selection,1,0.5,1.9,49141.52400612407,8571.47462433637,577129986.3046044,0.0,0.0,605867693.0337256,558918290.3558202,57712.99863046044
20000,Strong adverse selection,1,0.5,1.95,50434.72200628523,8571.47462433637,590061966.306216,0.0,0.0,642077237.0382383,595127834.3603327,59006.1966306216
20000,Strong adverse selection,1,0.5,2.0,51727.92000644639,8571.47462433637,602993946.3078276,0.0,0.0,678286781.0427506,631337378.364845,60299.39463078276
20000,Strong adverse selection,1,0.5,2.05,53021.11800660754,8571.47462433637,615925926.3094391,0.0,0.0,714496325.0472629,667546922.3693573,61592.59263094391
20000,Strong adverse selection,1,0.5,2.1,54314.316006768706,8571.47462433637,628857906.3110508,0.0,0.0,750705869.0517756,703756466.3738701,62885.790631105076
20000,Strong adverse selection,1,0.5,2.15,55607.514006929865,8571.47462433637,641789886.3126624,0.0,0.0,786915413.0562879,739966010.3783824,64178.988631266235
20000,Strong adverse selection,1,0.5,2.2,56900.71200709103,8571.47462433637,654721866.314274,0.0,0.0,823124957.0608002,776175554.3828948,65472.1866314274
20000,Strong adverse selection,1,0.5,2.25,58193.91000725218,8571.47462433637,667653846.3158855,0.0,0.0,859334501.0653127,812385098.3874073,66765.38463158856
20000,Strong adverse selection,1,0.5,2.3,59487.10800741334,8571.47462433637,680585826.3174971,0.0,0.0,895544045.0698254,848594642.3919199,68058.58263174971
20000,Strong adverse selection,1,0.5,2.35,60780.30600757451,8571.47462433637,693517806.3191088,0.0,0.0,931753589.0743383,884804186.3964326,69351.78063191088
20000,Strong adverse selection,1,0.5,2.4,62073.50400773566,8571.47462433637,706449786.3207203,0.0,0.0,967963133.0788504,921013730.400945,70644.97863207203
20000,Strong adverse selection,1,0.5,2.45,63366.70200789683,8571.47462433637,719381766.322332,0.0,0.0,1004172677.0833633,957223274.4054577,71938.1766322332
20000,Strong adverse selection,1,0.5,2.5,64659.900008057986,8571.47462433637,732313746.3239435,0.0,0.0,1040382221.087875,993432818.4099696,73231.37463239435
20000,Strong adverse selection,3,0.0,0.0,0.0,8571.47462433637,0.0,1.0,0.0,-2567563724.538926,-2649082881.422957,8571.47462433637
20000,Strong adverse selection,3,0.0,0.05,1293.1980001611598,8571.47462433637,0.0,1.0,0.0,-2497731032.5302234,-2579250189.414254,9864.672624497529
20000,Strong adverse selection,3,0.0,0.1,2586.3960003223197,8571.47462433637,0.0,1.0,0.0,-2427898340.5215206,-2509417497.4055514,11157.87062465869
20000,Strong adverse selection,3,0.0,0.15,3879.594000483479,8571.47462433637,0.0,1.0,0.0,-2358065648.5128174,-2439584805.3968487,12451.068624819849
20000,Strong adverse selection,3,0.0,0.2,5172.792000644639,8571.47462433637,0.0,1.0,0.0,-2288232956.504115,-2369752113.388146,13744.26662498101
20000,Strong adverse selection,3,0.0,0.25,6465.990000805798,8571.47462433637,0.0,1.0,0.0,-2218400264.495413,-2299919421.3794436,15037.46462514217
20000,Strong adverse selection,3,0.0,0.3,7759.188000966958,8571.47462433637,0.0,1.0,0.0,-2148567572.48671,-2230086729.370741,16330.662625303328
20000,Strong adverse selection,3,0.0,0.35,9052.386001128118,8571.47462433637,0.0,1.0,0.0,-2078734880.4780078,-2160254037.362038,17623.860625464487
20000,Strong adverse selection,3,0.0,0.4,10345.584001289279,8571.47462433637,0.0,1.0,0.0,-2008902188.469305,-2090421345.3533354,18917.05862562565
20000,Strong adverse selection,3,0.0,0.45,11638.782001450438,8571.47462433637,0.0,1.0,0.0,-1939069496.4606023,-2020588653.3446329,20210.25662578681
20000,Strong adverse selection,3,0.0,0.5,12931.980001611597,8571.47462433637,0.0,1.0,0.0,-1869236804.4518995,-1950755961.33593,21503.45462594797
20000,Strong adverse selection,3,0.0,0.55,14225.178001772758,8571.47462433637,0.0,1.0,0.0,-1799404112.4431968,-1880923269.3272276,22796.652626109128
20000,Strong adverse selection,3,0.0,0.6,15518.376001933915,8571.47462433637,0.0,1.0,0.0,-1729571420.4344945,-1811090577.318525,24089.850626270287
20000,Strong adverse selection,3,0.0,0.65,16811.574002095076,8571.47462433637,0.0,1.0,0.0,-1659738728.4257917,-1741257885.3098223,25383.048626431446
20000,Strong adverse selection,3,0.0,0.7,18104.772002256235,8571.47462433637,0.0,1.0,0.0,-1589906036.4170895,-1671425193.3011198,26676.246626592605
20000,Strong adverse selection,3,0.0,0.75,19397.970002417394,8571.47462433637,0.0,1.0,0.0,-1520073344.4083867,-1601592501.292417,27969.444626753764
20000,Strong adverse selection,3,0.0,0.8,20691.168002578557,8571.47462433637,0.0,1.0,0.0,-1450240652.399684,-1531759809.2837145,29262.642626914927
20000,Strong adverse selection,3,0.0,0.85,21984.366002739713,8571.47462433637,0.0,1.0,0.0,-1380407960.3909817,-1461927117.275012,30555.840627076082
20000,Strong adverse selection,3,0.0,0.9,23277.564002900875,8571.47462433637,0.0,1.0,0.0,-1310575268.3822792,-1392094425.2663095,31849.038627237245
20000,Strong adverse selection,3,0.0,0.95,24570.762003062035,8571.47462433637,0.0,1.0,0.0,-1240742576.3735757,-1322261733.2576063,33142.23662739841
20000,Strong adverse selection,3,0.0,1.0,25863.960003223194,8571.47462433637,0.0,1.0,0.0,-1170909884.3648734,-1252429041.248904,34435.43462755956
20000,Strong adverse selection,3,0.0,1.05,27157.158003384353,8571.47462433637,0.0,1.0,0.0,-1101077192.3561707,-1182596349.2402012,35728.632627720726
20000,Strong adverse selection,3,0.0,1.1,28450.356003545516,8571.47462433637,0.0,1.0,0.0,-1031244500.3474684,-1112763657.2314987,37021.830627881885
20000,Strong adverse selection,3,0.0,1.15,29743.55400370667,8571.47462433637,0.0,1.0,0.0,-961411808.3387659,-1042930965.2227963,38315.028628043045
20000,Strong adverse selection,3,0.0,1.2,31036.75200386783,8571.47462433637,0.0,1.0,0.0,-891579116.3300632,-973098273.2140938,39608.2266282042
20000,Strong adverse selection,3,0.0,1.25,32329.950004028993,8571.47462433637,0.0,1.0,0.0,-821746424.3213602,-903265581.2053908,40901.42462836536
20000,Strong adverse selection,3,0.0,1.3,33623.14800419015,8571.47462433637,0.0,1.0,0.0,-751913732.312658,-833432889.1966885,42194.62262852652
20000,Strong adverse selection,3,0.0,1.35,34916.34600435131,8571.47462433637,0.0,1.0,0.0,-682081040.3039552,-763600197.1879858,43487.82062868768
20000,Strong adverse selection,3,0.0,1.4,36209.54400451247,8571.47462433637,0.0,1.0,0.0,-612248348.2952529,-693767505.1792835,44781.01862884884
20000,Strong adverse selection,3,0.0,1.45,37502.74200467363,8571.47462433637,0.0,1.0,0.0,-542415656.2865497,-623934813.1705803,46074.21662901
20000,Strong adverse selection,3,0.0,1.5,38795.94000483479,8571.47462433637,0.0,1.0,0.0,-472582964.27784735,-554102121.161878,47367.41462917116
20000,Strong adverse selection,3,0.0,1.55,40089.13800499595,8571.47462433637,0.0,1.0,0.0,-402750272.26914513,-484269429.1531757,48660.61262933232
20000,Strong adverse selection,3,0.0,1.6,41382.336005157114,8571.47462433637,0.0,1.0,0.0,-332918205.47220314,-414436737.1444725,49953.810629493484
20000,Strong adverse selection,3,0.0,1.65,42675.534005318266,8571.47462433637,0.0,1.0,0.0,-263088744.38266557,-344604045.1357702,51247.008629654636
20000,Strong adverse selection,3,0.0,1.7,43968.732005479425,8571.47462433637,0.0,1.0,0.0,-193343150.69089997,-274771353.12706745,52540.206629815795
20000,Strong adverse selection,3,0.0,1.75,45261.93000564059,8571.47462433637,0.0,0.9967,0.0005735076285455992,-124449593.68177968,-204938661.11836419,53833.40462997696
20000,Strong adverse selection,3,0.0,1.8,46555.12800580175,8571.47462433637,0.0,0.9235,0.0026579644467148167,-58951319.176590346,-135719742.87012726,55126.60263013812
20000,Strong adverse selection,3,0.0,1.85,47848.32600596291,8571.47462433637,0.0,0.5814,0.004933295450304999,4108256.618698641,-70689444.8877364,56419.80063029928
20000,Strong adverse selection,3,0.0,1.9,49141.52400612407,8571.47462433637,0.0,0.1887,0.003912701240830943,75883187.35754046,-24383977.14213185,57712.99863046044
20000,Strong adverse selection,3,0.0,1.95,50434.72200628523,8571.47462433637,0.0,0.0353,0.001845370152571023,152332047.02113548,55991976.78200667,59006.1966306216
20000,Strong adverse selection,3,0.0,2.0,51727.92000644639,8571.47462433637,0.0,0.0066,0.0008097184695929814,224770505.83026597,142200355.71917075,60299.39463078276
20000,Strong adverse selection,3,0.0,2.05,53021.11800660754,8571.47462433637,0.0,0.0003,0.00017317909804592468,295523225.8254185,214057490.93385044,61592.59263094391
20000,Strong adverse selection,3,0.0,2.1,54314.316006768706,8571.47462433637,0.0,0.0001,9.999499987499375e-05,365385476.2043471,283890182.94255364,62885.790631105076
20000,Strong adverse selection,3,0.0,2.15,55607.514006929865,8571.47462433637,0.0,0.0,0.0,435242031.835287,353722874.9512564,64178.988631266235
20000,Strong adverse selection,3,0.0,2.2,56900.71200709103,8571.47462433637,0.0,0.0,0.0,505074723.84398925,423555566.9599587,65472.1866314274
20000,Strong adverse selection,3,0.0,2.25,58193.91000725218,8571.47462433637,0.0,0.0,0.0,574907415.8526915,493388258.96866095,66765.38463158856
20000,Strong adverse selection,3,0.0,2.3,59487.10800741334,8571.47462433637,0.0,0.0,0.0,644740107.8613943,563220950.9773637,68058.58263174971
20000,Strong adverse selection,3,0.0,2.35,60780.30600757451,8571.47462433637,0.0,0.0,0.0,714572799.8700975,633053642.9860669,69351.78063191088
20000,Strong adverse selection,3,0.0,2.4,62073.50400773566,8571.47462433637,0.0,0.0,0.0,784405491.8788003,702886334.9947697,70644.97863207203
20000,Strong adverse selection,3,0.0,2.45,63366.70200789683,8571.47462433637,0.0,0.0,0.0,854238183.8875035,772719027.0034729,71938.1766322332
20000,Strong adverse selection,3,0.0,2.5,64659.900008057986,8571.47462433637,0.0,0.0,0.0,924070875.8962048,842551719.0121742,73231.37463239435
20000,Strong adverse selection,3,0.1,0.0,0.0,8571.47462433637,17142949.24867274,1.0,0.0,-2550420775.290253,-2631939932.174284,8571.47462433637
20000,Strong adverse selection,3,0.1,0.05,1293.1980001611598,8571.47462433637,19729345.24899506,1.0,0.0,-2478001687.2812285,-2559520844.165259,9864.672624497529
20000,Strong adverse selection,3,0.1,0.1,2586.3960003223197,8571.47462433637,22315741.24931738,1.0,0.0,-2405582599.2722034,-2487101756.1562343,11157.87062465869
20000,Strong adverse selection,3,0.1,0.15,3879.594000483479,8571.47462433637,24902137.249639697,1.0,0.0,-2333163511.2631783,-2414682668.147209,12451.068624819849
20000,Strong adverse selection,3,0.1,0.2,5172.792000644639,8571.47462433637,27488533.24996202,1.0,0.0,-2260744423.2541533,-2342263580.138184,13744.26662498101
20000,Strong adverse selection,3,0.1,0.25,6465.990000805798,8571.47462433637,30074929.250284337,1.0,0.0,-2188325335.2451286,-2269844492.1291595,15037.46462514217
20000,Strong adverse selection,3,0.1,0.3,7759.188000966958,8571.47462433637,32661325.250606656,1.0,0.0,-2115906247.2361035,-2197425404.1201344,16330.662625303328
20000,Strong adverse selection,3,0.1,0.35,9052.386001128118,8571.47462433637,35247721.250928976,1.0,0.0,-2043487159.2270784,-2125006316.111109,17623.860625464487
20000,Strong adverse selection,3,0.1,0.4,10345.584001289279,8571.47462433637,37834117.2512513,1.0,0.0,-1971068071.218053,-2052587228.102084,18917.05862562565
20000,Strong adverse selection,3,0.1,0.45,11638.782001450438,8571.47462433637,40420513.25157362,1.0,0.0,-1898648983.209029,-1980168140.0930593,20210.25662578681
20000,Strong adverse selection,3,0.1,0.5,12931.980001611597,8571.47462433637,43006909.251895934,1.0,0.0,-1826229895.2000039,-1907749052.0840342,21503.45462594797
20000,Strong adverse selection,3,0.1,0.55,14225.178001772758,8571.47462433637,45593305.252218254,1.0,0.0,-1753810807.190979,-1835329964.0750093,22796.652626109128
20000,Strong adverse selection,3,0.1,0.6,15518.376001933915,8571.47462433637,48179701.25254057,1.0,0.0,-1681391719.1819541,-1762910876.0659845,24089.850626270287
20000,Strong adverse selection,3,0.1,0.65,16811.574002095076,8571.47462433637,50766097.25286289,1.0,0.0,-1608972631.1729288,-1690491788.0569594,25383.048626431446
20000,Strong adverse selection,3,0.1,0.7,18104.772002256235,8571.47462433637,53352493.25318521,1.0,0.0,-1536553543.163904,-1618072700.0479345,26676.246626592605
20000,Strong adverse selection,3,0.1,0.75,19397.970002417394,8571.47462433637,55938889.253507525,1.0,0.0,-1464134455.1548789,-1545653612.0389094,27969.444626753764
20000,Strong adverse selection,3,0.1,0.8,20691.168002578557,8571.47462433637,58525285.25382985,1.0,0.0,-1391715367.1458542,-1473234524.0298846,29262.642626914927
20000,Strong adverse selection,3,0.1,0.85,21984.366002739713,8571.47462433637,61111681.254152164,1.0,0.0,-1319296279.1368296,-1400815436.02086,30555.840627076082
20000,Strong adverse selection,3,0.1,0.9,23277.564002900875,8571.47462433637,63698077.25447449,1.0,0.0,-1246877191.1278048,-1328396348.011835,31849.038627237245
20000,Strong adverse selection,3,0.1,0.95,24570.762003062035,8571.47462433637,66284473.25479682,1.0,0.0,-1174458103.1187792,-1255977260.0028095,33142.23662739841
20000,Strong adverse selection,3,0.1,1.0,25863.960003223194,8571.47462433637,68870869.25511912,1.0,0.0,-1102039015.1097546,-1183558171.993785,34435.43462755956
20000,Strong adverse selection,3,0.1,1.05,27157.158003384353,8571.47462433637,71457265.25544146,1.0,0.0,-1029619927.1007293,-1111139083.9847598,35728.632627720726
20000,Strong adverse selection,3,0.1,1.1,28450.356003545516,8571.47462433637,74043661.25576377,1.0,0.0,-957200839.0917047,-1038719995.9757351,37021.830627881885
20000,Strong adverse selection,3,0.1,1.15,29743.55400370667,8571.47462433637,76630057.2560861,1.0,0.0,-884781751.0826796,-966300907.9667102,38315.028628043045
20000,Strong adverse selection,3,0.1,1.2,31036.75200386783,8571.47462433637,79216453.2564084,1.0,0.0,-812362663.0736548,-893881819.9576854,39608.2266282042
20000,Strong adverse selection,3,0.1,1.25,32329.950004028993,8571.47462433637,81802849.25673072,1.0,0.0,-739943575.0646297,-821462731.9486603,40901.42462836536
20000,Strong adverse selection,3,0.1,1.3,33623.14800419015,8571.47462433637,84389245.25705305,1.0,0.0,-667524487.055605,-749043643.9396356,42194.62262852652
20000,Strong adverse selection,3,0.1,1.35,34916.34600435131,8571.47462433637,86975641.25737536,1.0,0.0,-595105399.04658,-676624555.9306105,43487.82062868768
20000,Strong adverse selection,3,0.1,1.4,36209.54400451247,8571.47462433637,89562037.25769769,1.0,0.0,-522686311.0375554,-604205467.9215859,44781.01862884884
20000,Strong adverse selection,3,0.1,1.45,37502.74200467363,8571.47462433637,92148433.25802,1.0,0.0,-450267223.02852976,-531786379.91256034,46074.21662901
20000,Strong adverse selection,3,0.1,1.5,38795.94000483479,8571.47462433637,94734829.25834231,1.0,0.0,-377848135.0195052,-459367291.9035357,47367.41462917116
20000,Strong adverse selection,3,0.1,1.55,40089.13800499595,8571.47462433637,97321225.25866464,1.0,0.0,-305429047.0104806,-386948203.8945111,48660.61262933232
20000,Strong adverse selection,3,0.1,1.6,41382.336005157114,8571.47462433637,99907621.25898696,1.0,0.0,-233010584.21321616,-314529115.88548553,49953.810629493484
20000,Strong adverse selection,3,0.1,1.65,42675.534005318266,8571.47462433637,102494017.25930928,0.9995,0.00022355088906106927,-160594727.1233563,-242110027.87646088,51247.008629654636
20000,Strong adverse selection,3,0.1,1.7,43968.732005479425,8571.47462433637,105080413.25963159,0.9636,0.0018728331479338993,-88232550.80862458,-169690939.86743578,52540.206629815795
20000,Strong adverse selection,3,0.1,1.75,45261.93000564059,8571.47462433637,107666809.25995392,0.6317,0.004823433528100081,-15978004.38931723,-97271851.85841021,53833.40462997696
20000,Strong adverse selection,3,0.1,1.8,46555.12800580175,8571.47462433637,110253205.26027624,0.1286,0.0033475668775993107,56516001.57340908,-25466537.60985095,55126.60263013812
20000,Strong adverse selection,3,0.1,1.85,47848.32600596291,8571.47462433637,112839601.26059856,0.0066,0.0008097184695929814,129072649.26162036,47566324.1596395,56419.80063029928
20000,Strong adverse selection,3,0.1,1.9,49141.52400612407,8571.47462433637,115425997.26092088,0.0,0.0,201504569.05269468,119985412.16866413,57712.99863046044
20000,Strong adverse selection,3,0.1,1.95,50434.72200628523,8571.47462433637,118012393.2612432,0.0,0.0,273923657.0617197,192404500.17768922,59006.1966306216
20000,Strong adverse selection,3,0.1,2.0,51727.92000644639,8571.47462433637,120598789.26156552,0.0,0.0,346342745.0707448,264823588.18671432,60299.39463078276
20000,Strong adverse selection,3,0.1,2.05,53021.11800660754,8571.47462433637,123185185.26188782,0.0,0.0,418761833.079769,337242676.19573843,61592.59263094391
20000,Strong adverse selection,3,0.1,2.1,54314.316006768706,8571.47462433637,125771581.26221015,0.0,0.0,491180921.0887945,409661764.204764,62885.790631105076
20000,Strong adverse selection,3,0.1,2.15,55607.514006929865,8571.47462433637,128357977.26253247,0.0,0.0,563600009.0978192,482080852.2137886,64178.988631266235
20000,Strong adverse selection,3,0.1,2.2,56900.71200709103,8571.47462433637,130944373.2628548,0.0,0.0,636019097.1068438,554499940.2228132,65472.1866314274
20000,Strong adverse selection,3,0.1,2.25,58193.91000725218,8571.47462433637,133530769.26317713,0.0,0.0,708438185.1158684,626919028.2318379,66765.38463158856
20000,Strong adverse selection,3,0.1,2.3,59487.10800741334,8571.47462433637,136117165.26349944,0.0,0.0,780857273.1248935,699338116.240863,68058.58263174971
20000,Strong adverse selection,3,0.1,2.35,60780.30600757451,8571.47462433637,138703561.26382175,0.0,0.0,853276361.1339191,771757204.2498885,69351.78063191088
20000,Strong adverse selection,3,0.1,2.4,62073.50400773566,8571.47462433637,141289957.26414406,0.0,0.0,925695449.1429441,844176292.2589136,70644.97863207203
20000,Strong adverse selection,3,0.1,2.45,63366.70200789683,8571.47462433637,143876353.2644664,0.0,0.0,998114537.1519697,916595380.2679392,71938.1766322332
20000,Strong adverse selection,3,0.1,2.5,64659.900008057986,8571.47462433637,146462749.2647887,0.0,0.0,1070533625.1609933,989014468.2769629,73231.37463239435
20000,Strong adverse selection,3,0.25,0.0,0.0,8571.47462433637,42857373.12168185,1.0,0.0,-2524706351.417244,-2606225508.301275,8571.47462433637
20000,Strong adverse selection,3,0.25,0.05,1293.1980001611598,8571.47462433637,49323363.12248764,1.0,0.0,-2448407669.407736,-2529926826.2917666,9864.672624497529
20000,Strong adverse selection,3,0.25,0.1,2586.3960003223197,8571.47462433637,55789353.12329345,1.0,0.0,-2372108987.398227,-2453628144.282258,11157.87062465869
20000,Strong adverse selection,3,0.25,0.15,3879.594000483479,8571.47462433637,62255343.12409925,1.0,0.0,-2295810305.3887186,-2377329462.2727494,12451.068624819849
20000,Strong adverse selection,3,0.25,0.2,5172.792000644639,8571.47462433637,68721333.12490505,1.0,0.0,-2219511623.37921,-2301030780.2632413,13744.26662498101
20000,Strong adverse selection,3,0.25,0.25,6465.990000805798,8571.47462433637,75187323.12571084,1.0,0.0,-2143212941.3697019,-2224732098.2537327,15037.46462514217
20000,Strong adverse selection,3,0.25,0.3,7759.188000966958,8571.47462433637,81653313.12651664,1.0,0.0,-2066914259.3601937,-2148433416.244224,16330.662625303328
20000,Strong adverse selection,3,0.25,0.35,9052.386001128118,8571.47462433637,88119303.12732244,1.0,0.0,-1990615577.3506851,-2072134734.2347157,17623.860625464487
20000,Strong adverse selection,3,0.25,0.4,10345.584001289279,8571.47462433637,94585293.12812825,1.0,0.0,-1914316895.3411765,-1995836052.225207,18917.05862562565
20000,Strong adverse selection,3,0.25,0.45,11638.782001450438,8571.47462433637,101051283.12893404,1.0,0.0,-1838018213.331668,-1919537370.2156987,20210.25662578681
20000,Strong adverse selection,3,0.25,0.5,12931.980001611597,8571.47462433637,107517273.12973984,1.0,0.0,-1761719531.3221602,-1843238688.2061903,21503.45462594797
20000,Strong adverse selection,3,0.25,0.55,14225.178001772758,8571.47462433637,113983263.13054563,1.0,0.0,-1685420849.3126516,-1766940006.196682,22796.652626109128
20000,Strong adverse selection,3,0.25,0.6,15518.376001933915,8571.47462433637,120449253.13135144,1.0,0.0,-1609122167.3031433,-1690641324.1871736,24089.850626270287
20000,Strong adverse selection,3,0.25,0.65,16811.574002095076,8571.47462433637,126915243.13215724,1.0,0.0,-1532823485.2936347,-1614342642.177665,25383.048626431446
20000,Strong adverse selection,3,0.25,0.7,18104.772002256235,8571.47462433637,133381233.13296303,1.0,0.0,-1456524803.2841265,-1538043960.1681569,26676.246626592605
20000,Strong adverse selection,3,0.25,0.75,19397.970002417394,8571.47462433637,139847223.13376883,1.0,0.0,-1380226121.274618,-1461745278.1586483,27969.444626753764
20000,Strong adverse selection,3,0.25,0.8,20691.168002578557,8571.47462433637,146313213.13457462,1.0,0.0,-1303927439.2651093,-1385446596.14914,29262.642626914927
20000,Strong adverse selection,3,0.25,0.85,21984.366002739713,8571.47462433637,152779203.13538042,1.0,0.0,-1227628757.2556012,-1309147914.1396315,30555.840627076082
20000,Strong adverse selection,3,0.25,0.9,23277.564002900875,8571.47462433637,159245193.1361862,1.0,0.0,-1151330075.246093,-1232849232.1301234,31849.038627237245
20000,Strong adverse selection,3,0.25,0.95,24570.762003062035,8571.47462433637,165711183.13699204,1.0,0.0,-1075031393.236584,-1156550550.1206143,33142.23662739841
20000,Strong adverse selection,3,0.25,1.0,25863.960003223194,8571.47462433637,172177173.1377978,1.0,0.0,-998732711.2270758,-1080251868.1111062,34435.43462755956
20000,Strong adverse selection,3,0.25,1.05,27157.158003384353,8571.47462433637,178643163.13860363,1.0,0.0,-922434029.2175672,-1003953186.1015977,35728.632627720726
20000,Strong adverse selection,3,0.25,1.1,28450.356003545516,8571.47462433637,185109153.13940942,1.0,0.0,-846135347.208059,-927654504.0920895,37021.830627881885
20000,Strong adverse selection,3,0.25,1.15,29743.55400370667,8571.47462433637,191575143.14021522,1.0,0.0,-769836665.1985503,-851355822.0825809,38315.028628043045
20000,Strong adverse selection,3,0.25,1.2,31036.75200386783,8571.47462433637,198041133.14102098,1.0,0.0,-693537983.1890422,-775057140.0730728,39608.2266282042
20000,Strong adverse selection,3,0.25,1.25,32329.950004028993,8571.47462433637,204507123.1418268,1.0,0.0,-617239301.1795336,-698758458.0635642,40901.42462836536
20000,Strong adverse selection,3,0.25,1.3,33623.14800419015,8571.47462433637,210973113.1426326,1.0,0.0,-540940619.1700253,-622459776.054056,42194.62262852652
20000,Strong adverse selection,3,0.25,1.35,34916.34600435131,8571.47462433637,217439103.1434384,1.0,0.0,-464641937.1605169,-546161094.0445474,43487.82062868768
20000,Strong adverse selection,3,0.25,1.4,36209.54400451247,8571.47462433637,223905093.1442442,1.0,0.0,-388343255.15100867,-469862412.0350393,44781.01862884884
20000,Strong adverse selection,3,0.25,1.45,37502.74200467363,8571.47462433637,230371083.14505,1.0,0.0,-312044573.14149964,-393563730.0255302,46074.21662901
20000,Strong adverse selection,3,0.25,1.5,38795.94000483479,8571.47462433637,236837073.14585578,1.0,0.0,-235745891.1319915,-317265048.0160221,47367.41462917116
20000,Strong adverse selection,3,0.25,1.55,40089.13800499595,8571.47462433637,243303063.14666158,0.9995,0.00022355088906106927,-159447209.12248337,-240966366.00651392,48660.61262933232
20000,Strong adverse selection,3,0.25,1.6,41382.336005157114,8571.47462433637,249769053.14746743,0.9536,0.0021034980389817337,-83149152.3247355,-164667683.99700484,49953.810629493484
20000,Strong adverse selection,3,0.25,1.65,42675.534005318266,8571.47462433637,256235043.14827317,0.5553,0.004969325004464892,-6849845.1034666365,-88369001.98749718,51247.008629654636
20000,Strong adverse selection,3,0.25,1.7,43968.732005479425,8571.47462433637,262701033.14907897,0.0812,0.002731420143441869,69448836.90604196,-12070319.977988577,52540.206629815795
20000,Strong adverse selection,3,0.25,1.75,45261.93000564059,8571.47462433637,269167023.1498848,0.0024,0.0004893097178679368,145747518.91555107,64228362.03152051,53833.40462997696
20000,Strong adverse selection,3,0.25,1.8,46555.12800580175,8571.47462433637,275633013.1506906,0.0,0.0,222046200.92505917,140527044.04102865,55126.60263013812
20000,Strong adverse selection,3,0.25,1.85,47848.32600596291,8571.47462433637,282099003.1514964,0.0,0.0,298344882.93456775,216825726.05053726,56419.80063029928
20000,Strong adverse selection,3,0.25,1.9,49141.52400612407,8571.47462433637,288564993.1523022,0.0,0.0,374643564.94407594,293124408.06004536,57712.99863046044
20000,Strong adverse selection,3,0.25,1.95,50434.72200628523,8571.47462433637,295030983.153108,0.0,0.0,450942246.95358455,369423090.069554,59006.1966306216
20000,Strong adverse selection,3,0.25,2.0,51727.92000644639,8571.47462433637,301496973.1539138,0.0,0.0,527240928.96309304,445721772.0790626,60299.39463078276
20000,Strong adverse selection,3,0.25,2.05,53021.11800660754,8571.47462433637,307962963.15471953,0.0,0.0,603539610.9726003,522020454.08856976,61592.59263094391
20000,Strong adverse selection,3,0.25,2.1,54314.316006768706,8571.47462433637,314428953.1555254,0.0,0.0,679838292.9821094,598319136.0980788,62885.790631105076
20000,Strong adverse selection,3,0.25,2.15,55607.514006929865,8571.47462433637,320894943.1563312,0.0,0.0,756136974.991618,674617818.1075875,64178.988631266235
20000,Strong adverse selection,3,0.25,2.2,56900.71200709103,8571.47462433637,327360933.157137,0.0,0.0,832435657.0011262,750916500.1170956,65472.1866314274
20000,Strong adverse selection,3,0.25,2.25,58193.91000725218,8571.47462433637,333826923.1579428,0.0,0.0,908734339.0106344,827215182.1266037,66765.38463158856
20000,Strong adverse selection,3,0.25,2.3,59487.10800741334,8571.47462433637,340292913.15874857,0.0,0.0,985033021.0201429,903513864.1361123,68058.58263174971
20000,Strong adverse selection,3,0.25,2.35,60780.30600757451,8571.47462433637,346758903.1595544,0.0,0.0,1061331703.029652,979812546.1456214,69351.78063191088
20000,Strong adverse selection,3,0.25,2.4,62073.50400773566,8571.47462433637,353224893.16036016,0.0,0.0,1137630385.0391605,1056111228.15513,70644.97863207203
20000,Strong adverse selection,3,0.25,2.45,63366.70200789683,8571.47462433637,359690883.161166,0.0,0.0,1213929067.0486696,1132409910.1646392,71938.1766322332
20000,Strong adverse selection,3,0.25,2.5,64659.900008057986,8571.47462433637,366156873.16197175,0.0,0.0,1290227749.058177,1208708592.1741464,73231.37463239435
20000,Strong adverse selection,3,0.5,0.0,0.0,8571.47462433637,85714746.2433637,1.0,0.0,-2481848978.2955623,-2563368135.179593,8571.47462433637
20000,Strong adverse selection,3,0.5,0.05,1293.1980001611598,8571.47462433637,98646726.24497528,1.0,0.0,-2399084306.2852483,-2480603463.1692786,9864.672624497529
20000,Strong adverse selection,3,0.5,0.1,2586.3960003223197,8571.47462433637,111578706.2465869,1.0,0.0,-2316319634.274934,-2397838791.1589646,11157.87062465869
20000,Strong adverse selection,3,0.5,0.15,3879.594000483479,8571.47462433637,124510686.2481985,1.0,0.0,-2233554962.2646194,-2315074119.14865,12451.068624819849
20000,Strong adverse selection,3,0.5,0.2,5172.792000644639,8571.47462433637,137442666.2498101,1.0,0.0,-2150790290.2543054,-2232309447.138336,13744.26662498101
20000,Strong adverse selection,3,0.5,0.25,6465.990000805798,8571.47462433637,150374646.2514217,1.0,0.0,-2068025618.243991,-2149544775.1280217,15037.46462514217
20000,Strong adverse selection,3,0.5,0.3,7759.188000966958,8571.47462433637,163306626.25303328,1.0,0.0,-1985260946.233677,-2066780103.1177075,16330.662625303328
20000,Strong adverse selection,3,0.5,0.35,9052.386001128118,8571.47462433637,176238606.25464487,1.0,0.0,-1902496274.223363,-1984015431.1073933,17623.860625464487
20000,Strong adverse selection,3,0.5,0.4,10345.584001289279,8571.47462433637,189170586.2562565,1.0,0.0,-1819731602.2130485,-1901250759.0970788,18917.05862562565
20000,Strong adverse selection,3,0.5,0.45,11638.782001450438,8571.47462433637,202102566.25786808,1.0,0.0,-1736966930.2027345,-1818486087.0867648,20210.25662578681
20000,Strong adverse selection,3,0.5,0.5,12931.980001611597,8571.47462433637,215034546.25947967,1.0,0.0,-1654202258.19242,-1735721415.0764503,21503.45462594797
20000,Strong adverse selection,3,0.5,0.55,14225.178001772758,8571.47462433637,227966526.26109126,1.0,0.0,-1571437586.1821058,-1652956743.0661364,22796.652626109128
20000,Strong adverse selection,3,0.5,0.6,15518.376001933915,8571.47462433637,240898506.26270288,1.0,0.0,-1488672914.1717918,-1570192071.0558221,24089.850626270287
20000,Strong adverse selection,3,0.5,0.65,16811.574002095076,8571.47462433637,253830486.26431447,1.0,0.0,-1405908242.1614773,-1487427399.045508,25383.048626431446
20000,Strong adverse selection,3,0.5,0.7,18104.772002256235,8571.47462433637,266762466.26592606,1.0,0.0,-1323143570.1511633,-1404662727.0351937,26676.246626592605
20000,Strong adverse selection,3,0.5,0.75,19397.970002417394,8571.47462433637,279694446.26753765,1.0,0.0,-1240378898.1408489,-1321898055.0248795,27969.444626753764
20000,Strong adverse selection,3,0.5,0.8,20691.168002578557,8571.47462433637,292626426.26914924,1.0,0.0,-1157614226.1305346,-1239133383.0145652,29262.642626914927
20000,Strong adverse selection,3,0.5,0.85,21984.366002739713,8571.47462433637,305558406.27076083,1.0,0.0,-1074849554.1202207,-1156368711.0042512,30555.840627076082
20000,Strong adverse selection,3,0.5,0.9,23277.564002900875,8571.47462433637,318490386.2723724,1.0,0.0,-992084882.1099067,-1073604038.9939371,31849.038627237245
20000,Strong adverse selection,3,0.5,0.95,24570.762003062035,8571.47462433637,331422366.2739841,1.0,0.0,-909320210.0995919,-990839366.9836224,33142.23662739841
20000,Strong adverse selection,3,0.5,1.0,25863.960003223194,8571.47462433637,344354346.2755956,1.0,0.0,-826555538.089278,-908074694.9733084,34435.43462755956
20000,Strong adverse selection,3,0.5,1.05,27157.158003384353,8571.47462433637,357286326.27720726,1.0,0.0,-743790866.0789634,-825310022.962994,35728.632627720726
20000,Strong adverse selection,3,0.5,1.1,28450.356003545516,8571.47462433637,370218306.27881885,1.0,0.0,-661026194.0686494,-742545350.95268,37021.830627881885
20000,Strong adverse selection,3,0.5,1.15,29743.55400370667,8571.47462433637,383150286.28043044,1.0,0.0,-578261522.0583353,-659780678.942366,38315.028628043045
20000,Strong adverse selection,3,0.5,1.2,31036.75200386783,8571.47462433637,396082266.28204197,1.0,0.0,-495496850.0480215,-577016006.932052,39608.2266282042
20000,Strong adverse selection,3,0.5,1.25,32329.950004028993,8571.47462433637,409014246.2836536,1.0,0.0,-412732178.03770655,-494251334.9217371,40901.42462836536
20000,Strong adverse selection,3,0.5,1.3,33623.14800419015,8571.47462433637,421946226.2852652,1.0,0.0,-329967506.0273925,-411486662.9114231,42194.62262852652
20000,Strong adverse selection,3,0.5,1.35,34916.34600435131,8571.47462433637,434878206.2868768,1.0,0.0,-247202834.01707852,-328721990.9011091,43487.82062868768
20000,Strong adverse selection,3,0.5,1.4,36209.54400451247,8571.47462433637,447810186.2884884,0.9996,0.0001999599959991888,-164438162.00676453,-245957318.89079508,44781.01862884884
20000,Strong adverse selection,3,0.5,1.45,37502.74200467363,8571.47462433637,460742166.2901,0.9514,0.0021503032344299716,-81673489.99644959,-163192646.88048014,46074.21662901
20000,Strong adverse selection,3,0.5,1.5,38795.94000483479,8571.47462433637,473674146.29171157,0.4918,0.004999327554781743,1091182.013864391,-80427974.87016615,47367.41462917116
20000,Strong adverse selection,3,0.5,1.55,40089.13800499595,8571.47462433637,486606126.29332316,0.0464,0.0021034980389817337,83855854.02417791,2336697.1401473535,48660.61262933232
20000,Strong adverse selection,3,0.5,1.6,41382.336005157114,8571.47462433637,499538106.29493487,0.0002,0.00014140721339450828,166620526.03449285,85101369.1504623,49953.810629493484
20000,Strong adverse selection,3,0.5,1.65,42675.534005318266,8571.47462433637,512470086.29654634,0.0,0.0,249385198.04480684,167866041.1607763,51247.008629654636
20000,Strong adverse selection,3,0.5,1.7,43968.732005479425,8571.47462433637,525402066.29815793,0.0,0.0,332149870.0551213,250630713.17109075,52540.206629815795
20000,Strong adverse selection,3,0.5,1.75,45261.93000564059,8571.47462433637,538334046.2997696,0.0,0.0,414914542.06543624,333395385.18140566,53833.40462997696
20000,Strong adverse selection,3,0.5,1.8,46555.12800580175,8571.47462433637,551266026.3013812,0.0,0.0,497679214.0757497,416160057.1917192,55126.60263013812
20000,Strong adverse selection,3,0.5,1.85,47848.32600596291,8571.47462433637,564198006.3029928,0.0,0.0,580443886.0860642,498924729.20203364,56419.80063029928
20000,Strong adverse selection,3,0.5,1.9,49141.52400612407,8571.47462433637,577129986.3046044,0.0,0.0,663208558.0963781,581689401.2123476,57712.99863046044
20000,Strong adverse selection,3,0.5,1.95,50434.72200628523,8571.47462433637,590061966.306216,0.0,0.0,745973230.1066922,664454073.2226616,59006.1966306216
20000,Strong adverse selection,3,0.5,2.0,51727.92000644639,8571.47462433637,602993946.3078276,0.0,0.0,828737902.1170067,747218745.2329761,60299.39463078276
20000,Strong adverse selection,3,0.5,2.05,53021.11800660754,8571.47462433637,615925926.3094391,0.0,0.0,911502574.1273203,829983417.2432896,61592.59263094391
20000,Strong adverse selection,3,0.5,2.1,54314.316006768706,8571.47462433637,628857906.3110508,0.0,0.0,994267246.1376351,912748089.2536045,62885.790631105076
20000,Strong adverse selection,3,0.5,2.15,55607.514006929865,8571.47462433637,641789886.3126624,0.0,0.0,1077031918.147949,995512761.2639185,64178.988631266235
20000,Strong adverse selection,3,0.5,2.2,56900.71200709103,8571.47462433637,654721866.314274,0.0,0.0,1159796590.158263,1078277433.2742326,65472.1866314274
20000,Strong adverse selection,3,0.5,2.25,58193.91000725218,8571.47462433637,667653846.3158855,0.0,0.0,1242561262.168577,1161042105.2845466,66765.38463158856
20000,Strong adverse selection,3,0.5,2.3,59487.10800741334,8571.47462433637,680585826.3174971,0.0,0.0,1325325934.178891,1243806777.2948606,68058.58263174971
20000,Strong adverse selection,3,0.5,2.35,60780.30600757451,8571.47462433637,693517806.3191088,0.0,0.0,1408090606.1892061,1326571449.3051755,69351.78063191088
20000,Strong adverse selection,3,0.5,2.4,62073.50400773566,8571.47462433637,706449786.3207203,0.0,0.0,1490855278.1995206,1409336121.3154905,70644.97863207203
20000,Strong adverse selection,3,0.5,2.45,63366.70200789683,8571.47462433637,719381766.322332,0.0,0.0,1573619950.209836,1492100793.3258054,71938.1766322332
20000,Strong adverse selection,3,0.5,2.5,64659.900008057986,8571.47462433637,732313746.3239435,0.0,0.0,1656384622.220148,1574865465.3361175,73231.37463239435
100000,Strong adverse selection,1,0.0,0.0,0.0,8571.47462433637,0.0,1.0,0.0,-4278253096.8228726,-4382070109.2415495,8571.47462433637
100000,Strong adverse selection,1,0.0,0.05,1293.1980001611598,8571.47462433637,0.0,1.0,0.0,-4161865276.808368,-4265682289.2270446,9864.672624497529
100000,Strong adverse selection,1,0.0,0.1,2586.3960003223197,8571.47462433637,0.0,1.0,0.0,-4045477456.7938643,-4149294469.21254,11157.87062465869
100000,Strong adverse selection,1,0.0,0.15,3879.594000483479,8571.47462433637,0.0,1.0,0.0,-3929089636.7793593,-4032906649.1980357,12451.068624819849
100000,Strong adverse selection,1,0.0,0.2,5172.792000644639,8571.47462433637,0.0,1.0,0.0,-3812701816.764855,-3916518829.1835313,13744.26662498101
100000,Strong adverse selection,1,0.0,0.25,6465.990000805798,8571.47462433637,0.0,1.0,0.0,-3696313996.750351,-3800131009.169027,15037.46462514217
100000,Strong adverse selection,1,0.0,0.3,7759.188000966958,8571.47462433637,0.0,1.0,0.0,-3579926176.735846,-3683743189.1545224,16330.662625303328
100000,Strong adverse selection,1,0.0,0.35,9052.386001128118,8571.47462433637,0.0,1.0,0.0,-3463538356.721342,-3567355369.1400185,17623.860625464487
100000,Strong adverse selection,1,0.0,0.4,10345.584001289279,8571.47462433637,0.0,1.0,0.0,-3347150536.7068377,-3450967549.1255136,18917.05862562565
100000,Strong adverse selection,1,0.0,0.45,11638.782001450438,8571.47462433637,0.0,1.0,0.0,-3230762716.6923327,-3334579729.111009,20210.25662578681
100000,Strong adverse selection,1,0.0,0.5,12931.980001611597,8571.47462433637,0.0,1.0,0.0,-3114374896.677829,-3218191909.096505,21503.45462594797
100000,Strong adverse selection,1,0.0,0.55,14225.178001772758,8571.47462433637,0.0,1.0,0.0,-2997987076.6633244,-3101804089.0820007,22796.652626109128
100000,Strong adverse selection,1,0.0,0.6,15518.376001933915,8571.47462433637,0.0,1.0,0.0,-2881599256.648821,-2985416269.067497,24089.850626270287
100000,Strong adverse selection,1,0.0,0.65,16811.574002095076,8571.47462433637,0.0,1.0,0.0,-2765211436.6343155,-2869028449.052992,25383.048626431446
100000,Strong adverse selection,1,0.0,0.7,18104.772002256235,8571.47462433637,0.0,1.0,0.0,-2648823616.6198115,-2752640629.038488,26676.246626592605
100000,Strong adverse selection,1,0.0,0.75,19397.970002417394,8571.47462433637,0.0,1.0,0.0,-2532435796.605307,-2636252809.0239835,27969.444626753764
100000,Strong adverse selection,1,0.0,0.8,20691.168002578557,8571.47462433637,0.0,1.0,0.0,-2416047976.590803,-2519864989.009479,29262.642626914927
100000,Strong adverse selection,1,0.0,0.85,21984.366002739713,8571.47462433637,0.0,1.0,0.0,-2299660156.576298,-2403477168.9949746,30555.840627076082
100000,Strong adverse selection,1,0.0,0.9,23277.564002900875,8571.47462433637,0.0,1.0,0.0,-2183272336.561794,-2287089348.98047,31849.038627237245
100000,Strong adverse selection,1,0.0,0.95,24570.762003062035,8571.47462433637,0.0,1.0,0.0,-2066884516.5472891,-2170701528.9659653,33142.23662739841
100000,Strong adverse selection,1,0.0,1.0,25863.960003223194,8571.47462433637,0.0,1.0,0.0,-1950496696.532786,-2054313708.9514618,34435.43462755956
100000,Strong adverse selection,1,0.0,1.05,27157.158003384353,8571.47462433637,0.0,1.0,0.0,-1834108876.5182805,-1937925888.936957,35728.632627720726
100000,Strong adverse selection,1,0.0,1.1,28450.356003545516,8571.47462433637,0.0,1.0,0.0,-1717721056.503776,-1821538068.9224524,37021.830627881885
100000,Strong adverse selection,1,0.0,1.15,29743.55400370667,8571.47462433637,0.0,1.0,0.0,-1601333236.4892719,-1705150248.907948,38315.028628043045
100000,Strong adverse selection,1,0.0,1.2,31036.75200386783,8571.47462433637,0.0,1.0,0.0,-1484945416.4747684,-1588762428.8934445,39608.2266282042
100000,Strong adverse selection,1,0.0,1.25,32329.950004028993,8571.47462433637,0.0,1.0,0.0,-1368557596.4602633,-1472374608.8789396,40901.42462836536
100000,Strong adverse selection,1,0.0,1.3,33623.14800419015,8571.47462433637,0.0,1.0,0.0,-1252169776.445759,-1355986788.8644352,42194.62262852652
100000,Strong adverse selection,1,0.0,1.35,34916.34600435131,8571.47462433637,0.0,1.0,0.0,-1135781956.431255,-1239598968.8499312,43487.82062868768
100000,Strong adverse selection,1,0.0,1.4,36209.54400451247,8571.47462433637,0.0,1.0,0.0,-1019394136.4167508,-1123211148.8354268,44781.01862884884
100000,Strong adverse selection,1,0.0,1.45,37502.74200467363,8571.47462433637,0.0,1.0,0.0,-903006316.4022461,-1006823328.8209225,46074.21662901
100000,Strong adverse selection,1,0.0,1.5,38795.94000483479,8571.47462433637,0.0,1.0,0.0,-786618496.3877413,-890435508.8064176,47367.41462917116
100000,Strong adverse selection,1,0.0,1.55,40089.13800499595,8571.47462433637,0.0,1.0,0.0,-670230676.3732373,-774047688.7919136,48660.61262933232
100000,Strong adverse selection,1,0.0,1.6,41382.336005157114,8571.47462433637,0.0,1.0,0.0,-553842856.358732,-657659868.7774082,49953.810629493484
100000,Strong adverse selection,1,0.0,1.65,42675.534005318266,8571.47462433637,0.0,1.0,0.0,-437455036.34422845,-541272048.7629048,51247.008629654636
100000,Strong adverse selection,1,0.0,1.7,43968.732005479425,8571.47462433637,0.0,1.0,0.0,-321067216.32972395,-424884228.74840033,52540.206629815795
100000,Strong adverse selection,1,0.0,1.75,45261.93000564059,8571.47462433637,0.0,0.9995,0.00022355088906106927,-204679396.31521958,-308496408.7338959,53833.40462997696
100000,Strong adverse selection,1,0.0,1.8,46555.12800580175,8571.47462433637,0.0,0.9172,0.002755796799475607,-88291576.30071513,-192108588.71939144,55126.60263013812
100000,Strong adverse selection,1,0.0,1.85,47848.32600596291,8571.47462433637,0.0,0.3269,0.004690803662486845,28096243.713789295,-75720768.704887,56419.80063029928
100000,Strong adverse selection,1,0.0,1.9,49141.52400612407,8571.47462433637,0.0,0.0101,0.0009998994949493674,144484063.72829375,40667051.30961742,57712.99863046044
100000,Strong adverse selection,1,0.0,1.95,50434.72200628523,8571.47462433637,0.0,0.0001,9.999499987499375e-05,260871883.74279723,157054871.3241209,59006.1966306216
100000,Strong adverse selection,1,0.0,2.0,51727.92000644639,8571.47462433637,0.0,0.0,0.0,377259703.7573026,273442691.33862627,60299.39463078276
100000,Strong adverse selection,1,0.0,2.05,53021.11800660754,8571.47462433637,0.0,0.0,0.0,493647523.77180606,389830511.35312974,61592.59263094391
100000,Strong adverse selection,1,0.0,2.1,54314.316006768706,8571.47462433637,0.0,0.0,0.0,610035343.7863114,506218331.36763513,62885.790631105076
100000,Strong adverse selection,1,0.0,2.15,55607.514006929865,8571.47462433637,0.0,0.0,0.0,726423163.800815,622606151.3821386,64178.988631266235
100000,Strong adverse selection,1,0.0,2.2,56900.71200709103,8571.47462433637,0.0,0.0,0.0,842810983.8153203,738993971.396644,65472.1866314274
100000,Strong adverse selection,1,0.0,2.25,58193.91000725218,8571.47462433637,0.0,0.0,0.0,959198803.8298246,855381791.4111484,66765.38463158856
100000,Strong adverse selection,1,0.0,2.3,59487.10800741334,8571.47462433637,0.0,0.0,0.0,1075586623.8443282,971769611.4256519,68058.58263174971
100000,Strong adverse selection,1,0.0,2.35,60780.30600757451,8571.47462433637,0.0,0.0,0.0,1191974443.8588328,1088157431.4401565,69351.78063191088
100000,Strong adverse selection,1,0.0,2.4,62073.50400773566,8571.47462433637,0.0,0.0,0.0,1308362263.873337,1204545251.454661,70644.97863207203
100000,Strong adverse selection,1,0.0,2.45,63366.70200789683,8571.47462433637,0.0,0.0,0.0,1424750083.8878427,1320933071.4691663,71938.1766322332
100000,Strong adverse selection,1,0.0,2.5,64659.900008057986,8571.47462433637,0.0,0.0,0.0,1541137903.9023461,1437320891.4836698,73231.37463239435
100000,Strong adverse selection,1,0.1,0.0,0.0,8571.47462433637,85714746.2433637,1.0,0.0,-4192538350.579509,-4296355362.998186,8571.47462433637
100000,Strong adverse selection,1,0.1,0.05,1293.1980001611598,8571.47462433637,98646726.24497528,1.0,0.0,-4063218550.5633936,-4167035562.9820695,9864.672624497529
100000,Strong adverse selection,1,0.1,0.1,2586.3960003223197,8571.47462433637,111578706.2465869,1.0,0.0,-3933898750.5472775,-4037715762.9659534,11157.87062465869
100000,Strong adverse selection,1,0.1,0.15,3879.594000483479,8571.47462433637,124510686.2481985,1.0,0.0,-3804578950.531161,-3908395962.949837,12451.068624819849
100000,Strong adverse selection,1,0.1,0.2,5172.792000644639,8571.47462433637,137442666.2498101,1.0,0.0,-3675259150.5150447,-3779076162.933721,13744.26662498101
100000,Strong adverse selection,1,0.1,0.25,6465.990000805798,8571.47462433637,150374646.2514217,1.0,0.0,-3545939350.4989295,-3649756362.9176054,15037.46462514217
100000,Strong adverse selection,1,0.1,0.3,7759.188000966958,8571.47462433637,163306626.25303328,1.0,0.0,-3416619550.4828134,-3520436562.9014893,16330.662625303328
100000,Strong adverse selection,1,0.1,0.35,9052.386001128118,8571.47462433637,176238606.25464487,1.0,0.0,-3287299750.466697,-3391116762.8853736,17623.860625464487
100000,Strong adverse selection,1,0.1,0.4,10345.584001289279,8571.47462433637,189170586.2562565,1.0,0.0,-3157979950.450581,-3261796962.8692575,18917.05862562565
100000,Strong adverse selection,1,0.1,0.45,11638.782001450438,8571.47462433637,202102566.25786808,1.0,0.0,-3028660150.4344654,-3132477162.8531413,20210.25662578681
100000,Strong adverse selection,1,0.1,0.5,12931.980001611597,8571.47462433637,215034546.25947967,1.0,0.0,-2899340350.4183493,-3003157362.8370256,21503.45462594797
100000,Strong adverse selection,1,0.1,0.55,14225.178001772758,8571.47462433637,227966526.26109126,1.0,0.0,-2770020550.402233,-2873837562.8209095,22796.652626109128
100000,Strong adverse selection,1,0.1,0.6,15518.376001933915,8571.47462433637,240898506.26270288,1.0,0.0,-2640700750.3861175,-2744517762.804794,24089.850626270287
100000,Strong adverse selection,1,0.1,0.65,16811.574002095076,8571.47462433637,253830486.26431447,1.0,0.0,-2511380950.370001,-2615197962.788677,25383.048626431446
100000,Strong adverse selection,1,0.1,0.7,18104.772002256235,8571.47462433637,266762466.26592606,1.0,0.0,-2382061150.353886,-2485878162.772562,26676.246626592605
100000,Strong adverse selection,1,0.1,0.75,19397.970002417394,8571.47462433637,279694446.26753765,1.0,0.0,-2252741350.3377695,-2356558362.756446,27969.444626753764
100000,Strong adverse selection,1,0.1,0.8,20691.168002578557,8571.47462433637,292626426.26914924,1.0,0.0,-2123421550.3216536,-2227238562.7403297,29262.642626914927
100000,Strong adverse selection,1,0.1,0.85,21984.366002739713,8571.47462433637,305558406.27076083,1.0,0.0,-1994101750.3055375,-2097918762.7242136,30555.840627076082
100000,Strong adverse selection,1,0.1,0.9,23277.564002900875,8571.47462433637,318490386.2723724,1.0,0.0,-1864781950.2894218,-1968598962.708098,31849.038627237245
100000,Strong adverse selection,1,0.1,0.95,24570.762003062035,8571.47462433637,331422366.2739841,1.0,0.0,-1735462150.2733052,-1839279162.6919813,33142.23662739841
100000,Strong adverse selection,1,0.1,1.0,25863.960003223194,8571.47462433637,344354346.2755956,1.0,0.0,-1606142350.2571898,-1709959362.6758661,34435.43462755956
100000,Strong adverse selection,1,0.1,1.05,27157.158003384353,8571.47462433637,357286326.27720726,1.0,0.0,-1476822550.2410731,-1580639562.6597495,35728.632627720726
100000,Strong adverse selection,1,0.1,1.1,28450.356003545516,8571.47462433637,370218306.27881885,1.0,0.0,-1347502750.224957,-1451319762.6436334,37021.830627881885
100000,Strong adverse selection,1,0.1,1.15,29743.55400370667,8571.47462433637,383150286.28043044,1.0,0.0,-1218182950.2088416,-1321999962.6275177,38315.028628043045
100000,Strong adverse selection,1,0.1,1.2,31036.75200386783,8571.47462433637,396082266.28204197,1.0,0.0,-1088863150.1927266,-1192680162.6114025,39608.2266282042
100000,Strong adverse selection,1,0.1,1.25,32329.950004028993,8571.47462433637,409014246.2836536,1.0,0.0,-959543350.1766098,-1063360362.595286,40901.42462836536
100000,Strong adverse selection,1,0.1,1.3,33623.14800419015,8571.47462433637,421946226.2852652,1.0,0.0,-830223550.1604936,-934040562.5791699,42194.62262852652
100000,Strong adverse selection,1,0.1,1.35,34916.34600435131,8571.47462433637,434878206.2868768,1.0,0.0,-700903750.1443783,-804720762.5630547,43487.82062868768
100000,Strong adverse selection,1,0.1,1.4,36209.54400451247,8571.47462433637,447810186.2884884,1.0,0.0,-571583950.1282622,-675400962.5469385,44781.01862884884
100000,Strong adverse selection,1,0.1,1.45,37502.74200467363,8571.47462433637,460742166.2901,1.0,0.0,-442264150.1121461,-546081162.5308224,46074.21662901
100000,Strong adverse selection,1,0.1,1.5,38795.94000483479,8571.47462433637,473674146.29171157,1.0,0.0,-312944350.09602994,-416761362.51470625,47367.41462917116
100000,Strong adverse selection,1,0.1,1.55,40089.13800499595,8571.47462433637,486606126.29332316,0.9987,0.00036032069049666963,-183624550.07991377,-287441562.4985901,48660.61262933232
100000,Strong adverse selection,1,0.1,1.6,41382.336005157114,8571.47462433637,499538106.29493487,0.807,0.003946530121511807,-54304750.06379668,-158121762.482473,49953.810629493484
100000,Strong adverse selection,1,0.1,1.65,42675.534005318266,8571.47462433637,512470086.29654634,0.117,0.003214202856074893,75015049.95231755,-28801962.466358755,51247.008629654636
100000,Strong adverse selection,1,0.1,1.7,43968.732005479425,8571.47462433637,525402066.29815793,0.0005,0.0002235508890610816,204334849.96843368,100517837.54975739,52540.206629815795
100000,Strong adverse selection,1,0.1,1.75,45261.93000564059,8571.47462433637,538334046.2997696,0.0,0.0,333654649.9845499,229837637.56587353,53833.40462997696
100000,Strong adverse selection,1,0.1,1.8,46555.12800580175,8571.47462433637,551266026.3013812,0.0,0.0,462974450.000666,359157437.58198965,55126.60263013812
100000,Strong adverse selection,1,0.1,1.85,47848.32600596291,8571.47462433637,564198006.3029928,0.0,0.0,592294250.016782,488477237.5981058,56419.80063029928
100000,Strong adverse selection,1,0.1,1.9,49141.52400612407,8571.47462433637,577129986.3046044,0.0,0.0,721614050.0328982,617797037.6142219,57712.99863046044
100000,Strong adverse selection,1,0.1,1.95,50434.72200628523,8571.47462433637,590061966.306216,0.0,0.0,850933850.0490135,747116837.6303371,59006.1966306216
100000,Strong adverse selection,1,0.1,2.0,51727.92000644639,8571.47462433637,602993946.3078276,0.0,0.0,980253650.0651305,876436637.6464542,60299.39463078276
100000,Strong adverse selection,1,0.1,2.05,53021.11800660754,8571.47462433637,615925926.3094391,0.0,0.0,1109573450.0812447,1005756437.6625684,61592.59263094391
100000,Strong adverse selection,1,0.1,2.1,54314.316006768706,8571.47462433637,628857906.3110508,0.0,0.0,1238893250.0973618,1135076237.6786857,62885.790631105076
100000,Strong adverse selection,1,0.1,2.15,55607.514006929865,8571.47462433637,641789886.3126624,0.0,0.0,1368213050.113477,1264396037.6948009,64178.988631266235
100000,Strong adverse selection,1,0.1,2.2,56900.71200709103,8571.47462433637,654721866.314274,0.0,0.0,1497532850.129594,1393715837.710918,65472.1866314274
100000,Strong adverse selection,1,0.1,2.25,58193.91000725218,8571.47462433637,667653846.3158855,0.0,0.0,1626852650.1457102,1523035637.727034,66765.38463158856
100000,Strong adverse selection,1,0.1,2.3,59487.10800741334,8571.47462433637,680585826.3174971,0.0,0.0,1756172450.1618254,1652355437.7431493,68058.58263174971
100000,Strong adverse selection,1,0.1,2.35,60780.30600757451,8571.47462433637,693517806.3191088,0.0,0.0,1885492250.1779413,1781675237.7592654,69351.78063191088
100000,Strong adverse selection,1,0.1,2.4,62073.50400773566,8571.47462433637,706449786.3207203,0.0,0.0,2014812050.1940577,1910995037.7753816,70644.97863207203
100000,Strong adverse selection,1,0.1,2.45,63366.70200789683,8571.47462433637,719381766.322332,0.0,0.0,2144131850.210175,2040314837.7914987,71938.1766322332
100000,Strong adverse selection,1,0.1,2.5,64659.900008057986,8571.47462433637,732313746.3239435,0.0,0.0,2273451650.2262893,2169634637.807613,73231.37463239435
100000,Strong adverse selection,1,0.25,0.0,0.0,8571.47462433637,214286865.60840926,1.0,0.0,-4063966231.214463,-4167783243.6331396,8571.47462433637
100000,Strong adverse selection,1,0.25,0.05,1293.1980001611598,8571.47462433637,246616815.61243823,1.0,0.0,-3915248461.1959305,-4019065473.6146064,9864.672624497529
100000,Strong adverse selection,1,0.25,0.1,2586.3960003223197,8571.47462433637,278946765.61646724,1.0,0.0,-3766530691.177397,-3870347703.596073,11157.87062465869
100000,Strong adverse selection,1,0.25,0.15,3879.594000483479,8571.47462433637,311276715.6204962,1.0,0.0,-3617812921.158863,-3721629933.57754,12451.068624819849
100000,Strong adverse selection,1,0.25,0.2,5172.792000644639,8571.47462433637,343606665.62452525,1.0,0.0,-3469095151.14033,-3572912163.559006,13744.26662498101
100000,Strong adverse selection,1,0.25,0.25,6465.990000805798,8571.47462433637,375936615.6285542,1.0,0.0,-3320377381.121797,-3424194393.540473,15037.46462514217
100000,Strong adverse selection,1,0.25,0.3,7759.188000966958,8571.47462433637,408266565.6325832,1.0,0.0,-3171659611.1032634,-3275476623.5219398,16330.662625303328
100000,Strong adverse selection,1,0.25,0.35,9052.386001128118,8571.47462433637,440596515.6366122,1.0,0.0,-3022941841.0847297,-3126758853.503406,17623.860625464487
100000,Strong adverse selection,1,0.25,0.4,10345.584001289279,8571.47462433637,472926465.6406413,1.0,0.0,-2874224071.066196,-2978041083.4848723,18917.05862562565
100000,Strong adverse selection,1,0.25,0.45,11638.782001450438,8571.47462433637,505256415.64467025,1.0,0.0,-2725506301.0476627,-2829323313.466339,20210.25662578681
100000,Strong adverse selection,1,0.25,0.5,12931.980001611597,8571.47462433637,537586365.6486992,1.0,0.0,-2576788531.0291295,-2680605543.447806,21503.45462594797
100000,Strong adverse selection,1,0.25,0.55,14225.178001772758,8571.47462433637,569916315.6527282,1.0,0.0,-2428070761.0105963,-2531887773.4292727,22796.652626109128
100000,Strong adverse selection,1,0.25,0.6,15518.376001933915,8571.47462433637,602246265.6567571,1.0,0.0,-2279352990.992063,-2383170003.4107394,24089.850626270287
100000,Strong adverse selection,1,0.25,0.65,16811.574002095076,8571.47462433637,634576215.6607862,1.0,0.0,-2130635220.9735296,-2234452233.3922057,25383.048626431446
100000,Strong adverse selection,1,0.25,0.7,18104.772002256235,8571.47462433637,666906165.6648151,1.0,0.0,-1981917450.9549968,-2085734463.373673,26676.246626592605
100000,Strong adverse selection,1,0.25,0.75,19397.970002417394,8571.47462433637,699236115.6688441,1.0,0.0,-1833199680.9364634,-1937016693.3551393,27969.444626753764
100000,Strong adverse selection,1,0.25,0.8,20691.168002578557,8571.47462433637,731566065.6728731,1.0,0.0,-1684481910.9179296,-1788298923.336606,29262.642626914927
100000,Strong adverse selection,1,0.25,0.85,21984.366002739713,8571.47462433637,763896015.676902,1.0,0.0,-1535764140.8993964,-1639581153.3180728,30555.840627076082
100000,Strong adverse selection,1,0.25,0.9,23277.564002900875,8571.47462433637,796225965.6809311,1.0,0.0,-1387046370.880863,-1490863383.299539,31849.038627237245
100000,Strong adverse selection,1,0.25,0.95,24570.762003062035,8571.47462433637,828555915.6849602,1.0,0.0,-1238328600.8623288,-1342145613.281005,33142.23662739841
100000,Strong adverse selection,1,0.25,1.0,25863.960003223194,8571.47462433637,860885865.688989,1.0,0.0,-1089610830.8437965,-1193427843.2624726,34435.43462755956
100000,Strong adverse selection,1,0.25,1.05,27157.158003384353,8571.47462433637,893215815.6930182,1.0,0.0,-940893060.8252627,-1044710073.243939,35728.632627720726
100000,Strong adverse selection,1,0.25,1.1,28450.356003545516,8571.47462433637,925545765.6970471,1.0,0.0,-792175290.806729,-895992303.2254053,37021.830627881885
100000,Strong adverse selection,1,0.25,1.15,29743.55400370667,8571.47462433637,957875715.7010761,1.0,0.0,-643457520.7881954,-747274533.2068716,38315.028628043045
100000,Strong adverse selection,1,0.25,1.2,31036.75200386783,8571.47462433637,990205665.705105,1.0,0.0,-494739750.76966345,-598556763.1883398,39608.2266282042
100000,Strong adverse selection,1,0.25,1.25,32329.950004028993,8571.47462433637,1022535615.7091341,1.0,0.0,-346021980.7511298,-449838993.1698061,40901.42462836536
100000,Strong adverse selection,1,0.25,1.3,33623.14800419015,8571.47462433637,1054865565.713163,0.9993,0.00026448251359967713,-197304210.7325961,-301121223.1512724,42194.62262852652
100000,Strong adverse selection,1,0.25,1.35,34916.34600435131,8571.47462433637,1087195515.717192,0.7811,0.0041350065296199955,-48586440.71406333,-152403453.13273963,43487.82062868768
100000,Strong adverse selection,1,0.25,1.4,36209.54400451247,8571.47462433637,1119525465.721221,0.0574,0.0023260533097932213,100131329.30447038,-3685683.114205931,44781.01862884884
100000,Strong adverse selection,1,0.25,1.45,37502.74200467363,8571.47462433637,1151855415.72525,0.0001,9.999499987499375e-05,248849099.32300407,145032086.90432778,46074.21662901
100000,Strong adverse selection,1,0.25,1.5,38795.94000483479,8571.47462433637,1184185365.729279,0.0,0.0,397566869.3415378,293749856.92286146,47367.41462917116
100000,Strong adverse selection,1,0.25,1.55,40089.13800499595,8571.47462433637,1216515315.7333078,0.0,0.0,546284639.3600705,442467626.9413942,48660.61262933232
100000,Strong adverse selection,1,0.25,1.6,41382.336005157114,8571.47462433637,1248845265.737337,0.0,0.0,695002409.3786051,591185396.9599289,49953.810629493484
100000,Strong adverse selection,1,0.25,1.65,42675.534005318266,8571.47462433637,1281175215.741366,0.0,0.0,843720179.3971379,739903166.9784616,51247.008629654636
100000,Strong adverse selection,1,0.25,1.7,43968.732005479425,8571.47462433637,1313505165.745395,0.0,0.0,992437949.4156708,888620936.9969944,52540.206629815795
100000,Strong adverse selection,1,0.25,1.75,45261.93000564059,8571.47462433637,1345835115.749424,0.0,0.0,1141155719.4342046,1037338707.0155281,53833.40462997696
100000,Strong adverse selection,1,0.25,1.8,46555.12800580175,8571.47462433637,1378165065.753453,0.0,0.0,1289873489.4527383,1186056477.034062,55126.60263013812
100000,Strong adverse selection,1,0.25,1.85,47848.32600596291,8571.47462433637,1410495015.757482,0.0,0.0,1438591259.4712708,1334774247.0525947,56419.80063029928
100000,Strong adverse selection,1,0.25,1.9,49141.52400612407,8571.47462433637,1442824965.761511,0.0,0.0,1587309029.4898047,1483492017.0711284,57712.99863046044
100000,Strong adverse selection,1,0.25,1.95,50434.72200628523,8571.47462433637,1475154915.76554,0.0,0.0,1736026799.5083375,1632209787.0896611,59006.1966306216
100000,Strong adverse selection,1,0.25,2.0,51727.92000644639,8571.47462433637,1507484865.769569,0.0,0.0,1884744569.526872,1780927557.1081958,60299.39463078276
100000,Strong adverse selection,1,0.25,2.05,53021.11800660754,8571.47462433637,1539814815.7735977,0.0,0.0,2033462339.545404,1929645327.1267276,61592.59263094391
100000,Strong adverse selection,1,0.25,2.1,54314.316006768706,8571.47462433637,1572144765.777627,0.0,0.0,2182180109.563938,2078363097.1452622,62885.790631105076
100000,Strong adverse selection,1,0.25,2.15,55607.514006929865,8571.47462433637,1604474715.7816558,0.0,0.0,2330897879.582471,2227080867.163795,64178.988631266235
100000,Strong adverse selection,1,0.25,2.2,56900.71200709103,8571.47462433637,1636804665.785685,0.0,0.0,2479615649.6010046,2375798637.1823287,65472.1866314274
100000,Strong adverse selection,1,0.25,2.25,58193.91000725218,8571.47462433637,1669134615.789714,0.0,0.0,2628333419.6195383,2524516407.2008624,66765.38463158856
100000,Strong adverse selection,1,0.25,2.3,59487.10800741334,8571.47462433637,1701464565.793743,0.0,0.0,2777051189.638071,2673234177.219395,68058.58263174971
100000,Strong adverse selection,1,0.25,2.35,60780.30600757451,8571.47462433637,1733794515.797772,0.0,0.0,2925768959.656604,2821951947.237928,69351.78063191088
100000,Strong adverse selection,1,0.25,2.4,62073.50400773566,8571.47462433637,1766124465.8018007,0.0,0.0,3074486729.6751375,2970669717.2564616,70644.97863207203
100000,Strong adverse selection,1,0.25,2.45,63366.70200789683,8571.47462433637,1798454415.80583,0.0,0.0,3223204499.6936727,3119387487.2749963,71938.1766322332
100000,Strong adverse selection,1,0.25,2.5,64659.900008057986,8571.47462433637,1830784365.8098588,0.0,0.0,3371922269.7122054,3268105257.293529,73231.37463239435
100000,Strong adverse selection,1,0.5,0.0,0.0,8571.47462433637,428573731.2168185,1.0,0.0,-3849679365.606054,-3953496378.02473,8571.47462433637
100000,Strong adverse selection,1,0.5,0.05,1293.1980001611598,8571.47462433637,493233631.22487646,1.0,0.0,-3668631645.5834923,-3772448658.002168,9864.672624497529
100000,Strong adverse selection,1,0.5,0.1,2586.3960003223197,8571.47462433637,557893531.2329345,1.0,0.0,-3487583925.56093,-3591400937.9796057,11157.87062465869
100000,Strong adverse selection,1,0.5,0.15,3879.594000483479,8571.47462433637,622553431.2409924,1.0,0.0,-3306536205.5383673,-3410353217.9570436,12451.068624819849
100000,Strong adverse selection,1,0.5,0.2,5172.792000644639,8571.47462433637,687213331.2490505,1.0,0.0,-3125488485.515805,-3229305497.9344807,13744.26662498101
100000,Strong adverse selection,1,0.5,0.25,6465.990000805798,8571.47462433637,751873231.2571084,1.0,0.0,-2944440765.4932423,-3048257777.9119186,15037.46462514217
100000,Strong adverse selection,1,0.5,0.3,7759.188000966958,8571.47462433637,816533131.2651664,1.0,0.0,-2763393045.4706798,-2867210057.889356,16330.662625303328
100000,Strong adverse selection,1,0.5,0.35,9052.386001128118,8571.47462433637,881193031.2732244,1.0,0.0,-2582345325.4481177,-2686162337.866794,17623.860625464487
100000,Strong adverse selection,1,0.5,0.4,10345.584001289279,8571.47462433637,945852931.2812825,1.0,0.0,-2401297605.4255548,-2505114617.844231,18917.05862562565
100000,Strong adverse selection,1,0.5,0.45,11638.782001450438,8571.47462433637,1010512831.2893405,1.0,0.0,-2220249885.402993,-2324066897.821669,20210.25662578681
100000,Strong adverse selection,1,0.5,0.5,12931.980001611597,8571.47462433637,1075172731.2973983,1.0,0.0,-2039202165.3804312,-2143019177.799107,21503.45462594797
100000,Strong adverse selection,1,0.5,0.55,14225.178001772758,8571.47462433637,1139832631.3054564,1.0,0.0,-1858154445.357868,-1961971457.776544,22796.652626109128
100000,Strong adverse selection,1,0.5,0.6,15518.376001933915,8571.47462433637,1204492531.3135142,1.0,0.0,-1677106725.3353064,-1780923737.7539825,24089.850626270287
100000,Strong adverse selection,1,0.5,0.65,16811.574002095076,8571.47462433637,1269152431.3215723,1.0,0.0,-1496059005.3127434,-1599876017.7314196,25383.048626431446
100000,Strong adverse selection,1,0.5,0.7,18104.772002256235,8571.47462433637,1333812331.3296301,1.0,0.0,-1315011285.2901816,-1418828297.708858,26676.246626592605
100000,Strong adverse selection,1,0.5,0.75,19397.970002417394,8571.47462433637,1398472231.3376882,1.0,0.0,-1133963565.2676187,-1237780577.686295,27969.444626753764
100000,Strong adverse selection,1,0.5,0.8,20691.168002578557,8571.47462433637,1463132131.3457463,1.0,0.0,-952915845.2450566,-1056732857.6637331,29262.642626914927
100000,Strong adverse selection,1,0.5,0.85,21984.366002739713,8571.47462433637,1527792031.353804,1.0,0.0,-771868125.2224944,-875685137.6411706,30555.840627076082
100000,Strong adverse selection,1,0.5,0.9,23277.564002900875,8571.47462433637,1592451931.3618622,1.0,0.0,-590820405.1999319,-694637417.6186081,31849.038627237245
100000,Strong adverse selection,1,0.5,0.95,24570.762003062035,8571.47462433637,1657111831.3699205,1.0,0.0,-409772685.1773688,-513589697.59604514,33142.23662739841
100000,Strong adverse selection,1,0.5,1.0,25863.960003223194,8571.47462433637,1721771731.377978,0.9999,9.999499987498824e-05,-228724965.15480778,-332541977.57348406,34435.43462755956
100000,Strong adverse selection,1,0.5,1.05,27157.158003384353,8571.47462433637,1786431631.3860364,0.7779,0.004156580204928085,-47677245.13224475,-151494257.55092105,35728.632627720726
100000,Strong adverse selection,1,0.5,1.1,28450.356003545516,8571.47462433637,1851091531.3940942,0.0167,0.0012814487894566838,133370474.89031821,29553462.471641924,37021.830627881885
100000,Strong adverse selection,1,0.5,1.15,29743.55400370667,8571.47462433637,1915751431.4021523,0.0,0.0,314418194.91288024,210601182.49420395,38315.028628043045
100000,Strong adverse selection,1,0.5,1.2,31036.75200386783,8571.47462433637,1980411331.41021,0.0,0.0,495465914.9354413,391648902.516765,39608.2266282042
100000,Strong adverse selection,1,0.5,1.25,32329.950004028993,8571.47462433637,2045071231.4182682,0.0,0.0,676513634.9580053,572696622.5393289,40901.42462836536
100000,Strong adverse selection,1,0.5,1.3,33623.14800419015,8571.47462433637,2109731131.426326,0.0,0.0,857561354.9805673,753744342.561891,42194.62262852652
100000,Strong adverse selection,1,0.5,1.35,34916.34600435131,8571.47462433637,2174391031.434384,0.0,0.0,1038609075.0031292,934792062.584453,43487.82062868768
100000,Strong adverse selection,1,0.5,1.4,36209.54400451247,8571.47462433637,2239050931.442442,0.0,0.0,1219656795.0256915,1115839782.6070151,44781.01862884884
100000,Strong adverse selection,1,0.5,1.45,37502.74200467363,8571.47462433637,2303710831.4505,0.0,0.0,1400704515.0482533,1296887502.6295772,46074.21662901
100000,Strong adverse selection,1,0.5,1.5,38795.94000483479,8571.47462433637,2368370731.458558,0.0,0.0,1581752235.0708172,1477935222.652141,47367.41462917116
100000,Strong adverse selection,1,0.5,1.55,40089.13800499595,8571.47462433637,2433030631.4666157,0.0,0.0,1762799955.0933785,1658982942.6747022,48660.61262933232
100000,Strong adverse selection,1,0.5,1.6,41382.336005157114,8571.47462433637,2497690531.474674,0.0,0.0,1943847675.1159422,1840030662.697266,49953.810629493484
100000,Strong adverse selection,1,0.5,1.65,42675.534005318266,8571.47462433637,2562350431.482732,0.0,0.0,2124895395.138503,2021078382.7198272,51247.008629654636
100000,Strong adverse selection,1,0.5,1.7,43968.732005479425,8571.47462433637,2627010331.49079,0.0,0.0,2305943115.1610656,2202126102.742389,52540.206629815795
100000,Strong adverse selection,1,0.5,1.75,45261.93000564059,8571.47462433637,2691670231.498848,0.0,0.0,2486990835.183628,2383173822.764952,53833.40462997696
100000,Strong adverse selection,1,0.5,1.8,46555.12800580175,8571.47462433637,2756330131.506906,0.0,0.0,2668038555.2061915,2564221542.787515,55126.60263013812
100000,Strong adverse selection,1,0.5,1.85,47848.32600596291,8571.47462433637,2820990031.514964,0.0,0.0,2849086275.228753,2745269262.810077,56419.80063029928
100000,Strong adverse selection,1,0.5,1.9,49141.52400612407,8571.47462433637,2885649931.523022,0.0,0.0,3030133995.2513156,2926316982.832639,57712.99863046044
100000,Strong adverse selection,1,0.5,1.95,50434.72200628523,8571.47462433637,2950309831.53108,0.0,0.0,3211181715.273877,3107364702.8552012,59006.1966306216
100000,Strong adverse selection,1,0.5,2.0,51727.92000644639,8571.47462433637,3014969731.539138,0.0,0.0,3392229435.2964406,3288412422.877764,60299.39463078276
100000,Strong adverse selection,1,0.5,2.05,53021.11800660754,8571.47462433637,3079629631.5471954,0.0,0.0,3573277155.3190017,3469460142.9003253,61592.59263094391
100000,Strong adverse selection,1,0.5,2.1,54314.316006768706,8571.47462433637,3144289531.555254,0.0,0.0,3754324875.3415656,3650507862.922889,62885.790631105076
100000,Strong adverse selection,1,0.5,2.15,55607.514006929865,8571.47462433637,3208949431.5633116,0.0,0.0,3935372595.364127,3831555582.9454513,64178.988631266235
100000,Strong adverse selection,1,0.5,2.2,56900.71200709103,8571.47462433637,3273609331.57137,0.0,0.0,4116420315.3866916,4012603302.968015,65472.1866314274
100000,Strong adverse selection,1,0.5,2.25,58193.91000725218,8571.47462433637,3338269231.579428,0.0,0.0,4297468035.409253,4193651022.990577,66765.38463158856
100000,Strong adverse selection,1,0.5,2.3,59487.10800741334,8571.47462433637,3402929131.587486,0.0,0.0,4478515755.431813,4374698743.013137,68058.58263174971
100000,Strong adverse selection,1,0.5,2.35,60780.30600757451,8571.47462433637,3467589031.595544,0.0,0.0,4659563475.454376,4555746463.035699,69351.78063191088
100000,Strong adverse selection,1,0.5,2.4,62073.50400773566,8571.47462433637,3532248931.6036015,0.0,0.0,4840611195.47694,4736794183.058263,70644.97863207203
100000,Strong adverse selection,1,0.5,2.45,63366.70200789683,8571.47462433637,3596908831.61166,0.0,0.0,5021658915.499503,4917841903.080827,71938.1766322332
100000,Strong adverse selection,1,0.5,2.5,64659.900008057986,8571.47462433637,3661568731.6197176,0.0,0.0,5202706635.522063,5098889623.103387,73231.37463239435
100000,Strong adverse selection,3,0.0,0.0,0.0,8571.47462433637,0.0,1.0,0.0,-12835351437.641891,-13016405090.204533,8571.47462433637
100000,Strong adverse selection,3,0.0,0.05,1293.1980001611598,8571.47462433637,0.0,1.0,0.0,-12486187977.59838,-12667241630.16102,9864.672624497529
100000,Strong adverse selection,3,0.0,0.1,2586.3960003223197,8571.47462433637,0.0,1.0,0.0,-12137024517.554865,-12318078170.117506,11157.87062465869
100000,Strong adverse selection,3,0.0,0.15,3879.594000483479,8571.47462433637,0.0,1.0,0.0,-11787861057.51135,-11968914710.073994,12451.068624819849
100000,Strong adverse selection,3,0.0,0.2,5172.792000644639,8571.47462433637,0.0,1.0,0.0,-11438697597.467838,-11619751250.03048,13744.26662498101
100000,Strong adverse selection,3,0.0,0.25,6465.990000805798,8571.47462433637,0.0,1.0,0.0,-11089534137.424326,-11270587789.986967,15037.46462514217
100000,Strong adverse selection,3,0.0,0.3,7759.188000966958,8571.47462433637,0.0,1.0,0.0,-10740370677.380812,-10921424329.943453,16330.662625303328
100000,Strong adverse selection,3,0.0,0.35,9052.386001128118,8571.47462433637,0.0,1.0,0.0,-10391207217.3373,-10572260869.89994,17623.860625464487
100000,Strong adverse selection,3,0.0,0.4,10345.584001289279,8571.47462433637,0.0,1.0,0.0,-10042043757.293785,-10223097409.856428,18917.05862562565
100000,Strong adverse selection,3,0.0,0.45,11638.782001450438,8571.47462433637,0.0,1.0,0.0,-9692880297.250273,-9873933949.812914,20210.25662578681
100000,Strong adverse selection,3,0.0,0.5,12931.980001611597,8571.47462433637,0.0,1.0,0.0,-9343716837.20676,-9524770489.769402,21503.45462594797
100000,Strong adverse selection,3,0.0,0.55,14225.178001772758,8571.47462433637,0.0,1.0,0.0,-8994553377.163246,-9175607029.725887,22796.652626109128
100000,Strong adverse selection,3,0.0,0.6,15518.376001933915,8571.47462433637,0.0,1.0,0.0,-8645389917.119736,-8826443569.682375,24089.850626270287
100000,Strong adverse selection,3,0.0,0.65,16811.574002095076,8571.47462433637,0.0,1.0,0.0,-8296226457.076219,-8477280109.638861,25383.048626431446
100000,Strong adverse selection,3,0.0,0.7,18104.772002256235,8571.47462433637,0.0,1.0,0.0,-7947062997.032708,-8128116649.595349,26676.246626592605
100000,Strong adverse selection,3,0.0,0.75,19397.970002417394,8571.47462433637,0.0,1.0,0.0,-7597899536.989195,-7778953189.551836,27969.444626753764
100000,Strong adverse selection,3,0.0,0.8,20691.168002578557,8571.47462433637,0.0,1.0,0.0,-7248736076.945682,-7429789729.508323,29262.642626914927
100000,Strong adverse selection,3,0.0,0.85,21984.366002739713,8571.47462433637,0.0,1.0,0.0,-6899572616.902168,-7080626269.464809,30555.840627076082
100000,Strong adverse selection,3,0.0,0.9,23277.564002900875,8571.47462433637,0.0,1.0,0.0,-6550409156.858654,-6731462809.421295,31849.038627237245
100000,Strong adverse selection,3,0.0,0.95,24570.762003062035,8571.47462433637,0.0,1.0,0.0,-6201245696.815139,-6382299349.377781,33142.23662739841
100000,Strong adverse selection,3,0.0,1.0,25863.960003223194,8571.47462433637,0.0,1.0,0.0,-5852082236.771629,-6033135889.3342705,34435.43462755956
100000,Strong adverse selection,3,0.0,1.05,27157.158003384353,8571.47462433637,0.0,1.0,0.0,-5502918776.728115,-5683972429.290756,35728.632627720726
100000,Strong adverse selection,3,0.0,1.1,28450.356003545516,8571.47462433637,0.0,1.0,0.0,-5153755316.684601,-5334808969.247242,37021.830627881885
100000,Strong adverse selection,3,0.0,1.15,29743.55400370667,8571.47462433637,0.0,1.0,0.0,-4804591856.641089,-4985645509.20373,38315.028628043045
100000,Strong adverse selection,3,0.0,1.2,31036.75200386783,8571.47462433637,0.0,1.0,0.0,-4455428396.597578,-4636482049.160219,39608.2266282042
100000,Strong adverse selection,3,0.0,1.25,32329.950004028993,8571.47462433637,0.0,1.0,0.0,-4106264936.5540643,-4287318589.1167054,40901.42462836536
100000,Strong adverse selection,3,0.0,1.3,33623.14800419015,8571.47462433637,0.0,1.0,0.0,-3757101476.5105486,-3938155129.073191,42194.62262852652
100000,Strong adverse selection,3,0.0,1.35,34916.34600435131,8571.47462433637,0.0,1.0,0.0,-3407938016.4670367,-3588991669.029679,43487.82062868768
100000,Strong adverse selection,3,0.0,1.4,36209.54400451247,8571.47462433637,0.0,1.0,0.0,-3058774556.423525,-3239828208.9861665,44781.01862884884
100000,Strong adverse selection,3,0.0,1.45,37502.74200467363,8571.47462433637,0.0,1.0,0.0,-2709611096.380012,-2890664748.942654,46074.21662901
100000,Strong adverse selection,3,0.0,1.5,38795.94000483479,8571.47462433637,0.0,1.0,0.0,-2360447636.336496,-2541501288.899138,47367.41462917116
100000,Strong adverse selection,3,0.0,1.55,40089.13800499595,8571.47462433637,0.0,1.0,0.0,-2011284176.2929835,-2192337828.8556256,48660.61262933232
100000,Strong adverse selection,3,0.0,1.6,41382.336005157114,8571.47462433637,0.0,1.0,0.0,-1662120716.2494695,-1843174368.8121111,49953.810629493484
100000,Strong adverse selection,3,0.0,1.65,42675.534005318266,8571.47462433637,0.0,1.0,0.0,-1312957256.205959,-1494010908.7686007,51247.008629654636
100000,Strong adverse selection,3,0.0,1.7,43968.732005479425,8571.47462433637,0.0,1.0,0.0,-963793796.162445,-1144847448.7250865,52540.206629815795
100000,Strong adverse selection,3,0.0,1.75,45261.93000564059,8571.47462433637,0.0,1.0,0.0,-614635436.9446642,-795683988.6815722,53833.40462997696
100000,Strong adverse selection,3,0.0,1.8,46555.12800580175,8571.47462433637,0.0,0.9954,0.0006766712643522,-268095209.25333858,-446937335.41031086,55126.60263013812
100000,Strong adverse selection,3,0.0,1.85,47848.32600596291,8571.47462433637,0.0,0.4441,0.004968653640575081,55289151.169510216,-118878420.54435992,56419.80063029928
100000,Strong adverse selection,3,0.0,1.9,49141.52400612407,8571.47462433637,0.0,0.0105,0.0010193012312363799,429733789.62169397,245384055.46138325,57712.99863046044
100000,Strong adverse selection,3,0.0,1.95,50434.72200628523,8571.47462433637,0.0,0.0001,9.999499987499375e-05,781970715.0043316,600969851.4924772,59006.1966306216
100000,Strong adverse selection,3,0.0,2.0,51727.92000644639,8571.47462433637,0.0,0.0,0.0,1131186964.098635,950133311.5359933,60299.39463078276
100000,Strong adverse selection,3,0.0,2.05,53021.11800660754,8571.47462433637,0.0,0.0,0.0,1480350424.1421454,1299296771.5795038,61592.59263094391
100000,Strong adverse selection,3,0.0,2.1,54314.316006768706,8571.47462433637,0.0,0.0,0.0,1829513884.1856618,1648460231.62302,62885.790631105076
100000,Strong adverse selection,3,0.0,2.15,55607.514006929865,8571.47462433637,0.0,0.0,0.0,2178677344.2291718,1997623691.6665304,64178.988631266235
100000,Strong adverse selection,3,0.0,2.2,56900.71200709103,8571.47462433637,0.0,0.0,0.0,2527840804.2726865,2346787151.7100444,65472.1866314274
100000,Strong adverse selection,3,0.0,2.25,58193.91000725218,8571.47462433637,0.0,0.0,0.0,2877004264.3162003,2695950611.7535586,66765.38463158856
100000,Strong adverse selection,3,0.0,2.3,59487.10800741334,8571.47462433637,0.0,0.0,0.0,3226167724.359711,3045114071.797069,68058.58263174971
100000,Strong adverse selection,3,0.0,2.35,60780.30600757451,8571.47462433637,0.0,0.0,0.0,3575331184.403225,3394277531.8405833,69351.78063191088
100000,Strong adverse selection,3,0.0,2.4,62073.50400773566,8571.47462433637,0.0,0.0,0.0,3924494644.446739,3743440991.8840976,70644.97863207203
100000,Strong adverse selection,3,0.0,2.45,63366.70200789683,8571.47462433637,0.0,0.0,0.0,4273658104.490253,4092604451.927612,71938.1766322332
100000,Strong adverse selection,3,0.0,2.5,64659.900008057986,8571.47462433637,0.0,0.0,0.0,4622821564.533764,4441767911.971123,73231.37463239435
100000,Strong adverse selection,3,0.1,0.0,0.0,8571.47462433637,85714746.2433637,1.0,0.0,-12749636691.398527,-12930690343.961168,8571.47462433637
100000,Strong adverse selection,3,0.1,0.05,1293.1980001611598,8571.47462433637,98646726.24497528,1.0,0.0,-12387541251.353403,-12568594903.916044,9864.672624497529
100000,Strong adverse selection,3,0.1,0.1,2586.3960003223197,8571.47462433637,111578706.2465869,1.0,0.0,-12025445811.308279,-12206499463.87092,11157.87062465869
100000,Strong adverse selection,3,0.1,0.15,3879.594000483479,8571.47462433637,124510686.2481985,1.0,0.0,-11663350371.263155,-11844404023.825796,12451.068624819849
100000,Strong adverse selection,3,0.1,0.2,5172.792000644639,8571.47462433637,137442666.2498101,1.0,0.0,-11301254931.218029,-11482308583.780668,13744.26662498101
100000,Strong adverse selection,3,0.1,0.25,6465.990000805798,8571.47462433637,150374646.2514217,1.0,0.0,-10939159491.172905,-11120213143.735544,15037.46462514217
100000,Strong adverse selection,3,0.1,0.3,7759.188000966958,8571.47462433637,163306626.25303328,1.0,0.0,-10577064051.127779,-10758117703.69042,16330.662625303328
100000,Strong adverse selection,3,0.1,0.35,9052.386001128118,8571.47462433637,176238606.25464487,1.0,0.0,-10214968611.082655,-10396022263.645296,17623.860625464487
100000,Strong adverse selection,3,0.1,0.4,10345.584001289279,8571.47462433637,189170586.2562565,1.0,0.0,-9852873171.037529,-10033926823.600172,18917.05862562565
100000,Strong adverse selection,3,0.1,0.45,11638.782001450438,8571.47462433637,202102566.25786808,1.0,0.0,-9490777730.992405,-9671831383.555046,20210.25662578681
100000,Strong adverse selection,3,0.1,0.5,12931.980001611597,8571.47462433637,215034546.25947967,1.0,0.0,-9128682290.94728,-9309735943.509922,21503.45462594797
100000,Strong adverse selection,3,0.1,0.55,14225.178001772758,8571.47462433637,227966526.26109126,1.0,0.0,-8766586850.902155,-8947640503.464796,22796.652626109128
100000,Strong adverse selection,3,0.1,0.6,15518.376001933915,8571.47462433637,240898506.26270288,1.0,0.0,-8404491410.857031,-8585545063.419673,24089.850626270287
100000,Strong adverse selection,3,0.1,0.65,16811.574002095076,8571.47462433637,253830486.26431447,1.0,0.0,-8042395970.811905,-8223449623.374546,25383.048626431446
100000,Strong adverse selection,3,0.1,0.7,18104.772002256235,8571.47462433637,266762466.26592606,1.0,0.0,-7680300530.766783,-7861354183.329423,26676.246626592605
100000,Strong adverse selection,3,0.1,0.75,19397.970002417394,8571.47462433637,279694446.26753765,1.0,0.0,-7318205090.721658,-7499258743.284298,27969.444626753764
100000,Strong adverse selection,3,0.1,0.8,20691.168002578557,8571.47462433637,292626426.26914924,1.0,0.0,-6956109650.676533,-7137163303.239174,29262.642626914927
100000,Strong adverse selection,3,0.1,0.85,21984.366002739713,8571.47462433637,305558406.27076083,1.0,0.0,-6594014210.631408,-6775067863.194049,30555.840627076082
100000,Strong adverse selection,3,0.1,0.9,23277.564002900875,8571.47462433637,318490386.2723724,1.0,0.0,-6231918770.586281,-6412972423.148922,31849.038627237245
100000,Strong adverse selection,3,0.1,0.95,24570.762003062035,8571.47462433637,331422366.2739841,1.0,0.0,-5869823330.541155,-6050876983.103796,33142.23662739841
100000,Strong adverse selection,3,0.1,1.0,25863.960003223194,8571.47462433637,344354346.2755956,1.0,0.0,-5507727890.496035,-5688781543.058676,34435.43462755956
100000,Strong adverse selection,3,0.1,1.05,27157.158003384353,8571.47462433637,357286326.27720726,1.0,0.0,-5145632450.450908,-5326686103.01355,35728.632627720726
100000,Strong adverse selection,3,0.1,1.1,28450.356003545516,8571.47462433637,370218306.27881885,1.0,0.0,-4783537010.405783,-4964590662.968424,37021.830627881885
100000,Strong adverse selection,3,0.1,1.15,29743.55400370667,8571.47462433637,383150286.28043044,1.0,0.0,-4421441570.36066,-4602495222.9233,38315.028628043045
100000,Strong adverse selection,3,0.1,1.2,31036.75200386783,8571.47462433637,396082266.28204197,1.0,0.0,-4059346130.315536,-4240399782.878178,39608.2266282042
100000,Strong adverse selection,3,0.1,1.25,32329.950004028993,8571.47462433637,409014246.2836536,1.0,0.0,-3697250690.270411,-3878304342.833052,40901.42462836536
100000,Strong adverse selection,3,0.1,1.3,33623.14800419015,8571.47462433637,421946226.2852652,1.0,0.0,-3335155250.2252846,-3516208902.787926,42194.62262852652
100000,Strong adverse selection,3,0.1,1.35,34916.34600435131,8571.47462433637,434878206.2868768,1.0,0.0,-2973059810.18016,-3154113462.742802,43487.82062868768
100000,Strong adverse selection,3,0.1,1.4,36209.54400451247,8571.47462433637,447810186.2884884,1.0,0.0,-2610964370.135036,-2792018022.697678,44781.01862884884
100000,Strong adverse selection,3,0.1,1.45,37502.74200467363,8571.47462433637,460742166.2901,1.0,0.0,-2248868930.0899124,-2429922582.652554,46074.21662901
100000,Strong adverse selection,3,0.1,1.5,38795.94000483479,8571.47462433637,473674146.29171157,1.0,0.0,-1886773490.0447843,-2067827142.607426,47367.41462917116
100000,Strong adverse selection,3,0.1,1.55,40089.13800499595,8571.47462433637,486606126.29332316,1.0,0.0,-1524678049.9996603,-1705731702.5623019,48660.61262933232
100000,Strong adverse selection,3,0.1,1.6,41382.336005157114,8571.47462433637,499538106.29493487,1.0,0.0,-1162582609.9545343,-1343636262.517176,49953.810629493484
100000,Strong adverse selection,3,0.1,1.65,42675.534005318266,8571.47462433637,512470086.29654634,1.0,0.0,-800487169.9094121,-981540822.4720538,51247.008629654636
100000,Strong adverse selection,3,0.1,1.7,43968.732005479425,8571.47462433637,525402066.29815793,1.0,0.0,-438391729.86428624,-619445382.4269278,52540.206629815795
100000,Strong adverse selection,3,0.1,1.75,45261.93000564059,8571.47462433637,538334046.2997696,0.7583,0.0042811343123055606,-76297827.61805779,-257349942.38180187,53833.40462997696
100000,Strong adverse selection,3,0.1,1.8,46555.12800580175,8571.47462433637,551266026.3013812,0.0051,0.0007123194508084137,285799150.2259638,104745497.66332218,55126.60263013812
100000,Strong adverse selection,3,0.1,1.85,47848.32600596291,8571.47462433637,564198006.3029928,0.0,0.0,647894590.2710879,466840937.7084462,56419.80063029928
100000,Strong adverse selection,3,0.1,1.9,49141.52400612407,8571.47462433637,577129986.3046044,0.0,0.0,1009990030.3162119,828936377.7535703,57712.99863046044
100000,Strong adverse selection,3,0.1,1.95,50434.72200628523,8571.47462433637,590061966.306216,0.0,0.0,1372085470.361334,1191031817.7986925,59006.1966306216
100000,Strong adverse selection,3,0.1,2.0,51727.92000644639,8571.47462433637,602993946.3078276,0.0,0.0,1734180910.4064617,1553127257.8438203,60299.39463078276
100000,Strong adverse selection,3,0.1,2.05,53021.11800660754,8571.47462433637,615925926.3094391,0.0,0.0,2096276350.4515843,1915222697.8889425,61592.59263094391
100000,Strong adverse selection,3,0.1,2.1,54314.316006768706,8571.47462433637,628857906.3110508,0.0,0.0,2458371790.4967117,2277318137.93407,62885.790631105076
100000,Strong adverse selection,3,0.1,2.15,55607.514006929865,8571.47462433637,641789886.3126624,0.0,0.0,2820467230.541836,2639413577.979194,64178.988631266235
100000,Strong adverse selection,3,0.1,2.2,56900.71200709103,8571.47462433637,654721866.314274,0.0,0.0,3182562670.5869603,3001509018.024318,65472.1866314274
100000,Strong adverse selection,3,0.1,2.25,58193.91000725218,8571.47462433637,667653846.3158855,0.0,0.0,3544658110.6320844,3363604458.0694423,66765.38463158856
100000,Strong adverse selection,3,0.1,2.3,59487.10800741334,8571.47462433637,680585826.3174971,0.0,0.0,3906753550.677208,3725699898.1145663,68058.58263174971
100000,Strong adverse selection,3,0.1,2.35,60780.30600757451,8571.47462433637,693517806.3191088,0.0,0.0,4268848990.722332,4087795338.1596904,69351.78063191088
100000,Strong adverse selection,3,0.1,2.4,62073.50400773566,8571.47462433637,706449786.3207203,0.0,0.0,4630944430.76746,4449890778.204819,70644.97863207203
100000,Strong adverse selection,3,0.1,2.45,63366.70200789683,8571.47462433637,719381766.322332,0.0,0.0,4993039870.812584,4811986218.249943,71938.1766322332
100000,Strong adverse selection,3,0.1,2.5,64659.900008057986,8571.47462433637,732313746.3239435,0.0,0.0,5355135310.857708,5174081658.295067,73231.37463239435
100000,Strong adverse selection,3,0.25,0.0,0.0,8571.47462433637,214286865.60840926,1.0,0.0,-12621064572.033482,-12802118224.596123,8571.47462433637
100000,Strong adverse selection,3,0.25,0.05,1293.1980001611598,8571.47462433637,246616815.61243823,1.0,0.0,-12239571161.98594,-12420624814.548582,9864.672624497529
100000,Strong adverse selection,3,0.25,0.1,2586.3960003223197,8571.47462433637,278946765.61646724,1.0,0.0,-11858077751.938398,-12039131404.50104,11157.87062465869
100000,Strong adverse selection,3,0.25,0.15,3879.594000483479,8571.47462433637,311276715.6204962,1.0,0.0,-11476584341.890854,-11657637994.453497,12451.068624819849
100000,Strong adverse selection,3,0.25,0.2,5172.792000644639,8571.47462433637,343606665.62452525,1.0,0.0,-11095090931.843313,-11276144584.405954,13744.26662498101
100000,Strong adverse selection,3,0.25,0.25,6465.990000805798,8571.47462433637,375936615.6285542,1.0,0.0,-10713597521.795773,-10894651174.358412,15037.46462514217
100000,Strong adverse selection,3,0.25,0.3,7759.188000966958,8571.47462433637,408266565.6325832,1.0,0.0,-10332104111.74823,-10513157764.31087,16330.662625303328
100000,Strong adverse selection,3,0.25,0.35,9052.386001128118,8571.47462433637,440596515.6366122,1.0,0.0,-9950610701.700687,-10131664354.263329,17623.860625464487
100000,Strong adverse selection,3,0.25,0.4,10345.584001289279,8571.47462433637,472926465.6406413,1.0,0.0,-9569117291.653145,-9750170944.215786,18917.05862562565
100000,Strong adverse selection,3,0.25,0.45,11638.782001450438,8571.47462433637,505256415.64467025,1.0,0.0,-9187623881.605602,-9368677534.168243,20210.25662578681
100000,Strong adverse selection,3,0.25,0.5,12931.980001611597,8571.47462433637,537586365.6486992,1.0,0.0,-8806130471.558062,-8987184124.120703,21503.45462594797
100000,Strong adverse selection,3,0.25,0.55,14225.178001772758,8571.47462433637,569916315.6527282,1.0,0.0,-8424637061.510517,-8605690714.07316,22796.652626109128
100000,Strong adverse selection,3,0.25,0.6,15518.376001933915,8571.47462433637,602246265.6567571,1.0,0.0,-8043143651.462978,-8224197304.025619,24089.850626270287
100000,Strong adverse selection,3,0.25,0.65,16811.574002095076,8571.47462433637,634576215.6607862,1.0,0.0,-7661650241.415433,-7842703893.978075,25383.048626431446
100000,Strong adverse selection,3,0.25,0.7,18104.772002256235,8571.47462433637,666906165.6648151,1.0,0.0,-7280156831.367892,-7461210483.930534,26676.246626592605
100000,Strong adverse selection,3,0.25,0.75,19397.970002417394,8571.47462433637,699236115.6688441,1.0,0.0,-6898663421.32035,-7079717073.882992,27969.444626753764
100000,Strong adverse selection,3,0.25,0.8,20691.168002578557,8571.47462433637,731566065.6728731,1.0,0.0,-6517170011.272808,-6698223663.835449,29262.642626914927
100000,Strong adverse selection,3,0.25,0.85,21984.366002739713,8571.47462433637,763896015.676902,1.0,0.0,-6135676601.2252655,-6316730253.787907,30555.840627076082
100000,Strong adverse selection,3,0.25,0.9,23277.564002900875,8571.47462433637,796225965.6809311,1.0,0.0,-5754183191.177724,-5935236843.740364,31849.038627237245
100000,Strong adverse selection,3,0.25,0.95,24570.762003062035,8571.47462433637,828555915.6849602,1.0,0.0,-5372689781.13018,-5553743433.6928215,33142.23662739841
100000,Strong adverse selection,3,0.25,1.0,25863.960003223194,8571.47462433637,860885865.688989,1.0,0.0,-4991196371.082639,-5172250023.645281,34435.43462755956
100000,Strong adverse selection,3,0.25,1.05,27157.158003384353,8571.47462433637,893215815.6930182,1.0,0.0,-4609702961.035097,-4790756613.597738,35728.632627720726
100000,Strong adverse selection,3,0.25,1.1,28450.356003545516,8571.47462433637,925545765.6970471,1.0,0.0,-4228209550.9875546,-4409263203.550196,37021.830627881885
100000,Strong adverse selection,3,0.25,1.15,29743.55400370667,8571.47462433637,957875715.7010761,1.0,0.0,-3846716140.9400115,-4027769793.5026536,38315.028628043045
100000,Strong adverse selection,3,0.25,1.2,31036.75200386783,8571.47462433637,990205665.705105,1.0,0.0,-3465222730.892473,-3646276383.455115,39608.2266282042
100000,Strong adverse selection,3,0.25,1.25,32329.950004028993,8571.47462433637,1022535615.7091341,1.0,0.0,-3083729320.8449287,-3264782973.4075704,40901.42462836536
100000,Strong adverse selection,3,0.25,1.3,33623.14800419015,8571.47462433637,1054865565.713163,1.0,0.0,-2702235910.797386,-2883289563.360028,42194.62262852652
100000,Strong adverse selection,3,0.25,1.35,34916.34600435131,8571.47462433637,1087195515.717192,1.0,0.0,-2320742500.7498455,-2501796153.312487,43487.82062868768
100000,Strong adverse selection,3,0.25,1.4,36209.54400451247,8571.47462433637,1119525465.721221,1.0,0.0,-1939249090.7023046,-2120302743.2649462,44781.01862884884
100000,Strong adverse selection,3,0.25,1.45,37502.74200467363,8571.47462433637,1151855415.72525,1.0,0.0,-1557755680.654762,-1738809333.2174037,46074.21662901
100000,Strong adverse selection,3,0.25,1.5,38795.94000483479,8571.47462433637,1184185365.729279,1.0,0.0,-1176262270.6072176,-1357315923.1698592,47367.41462917116
100000,Strong adverse selection,3,0.25,1.55,40089.13800499595,8571.47462433637,1216515315.7333078,1.0,0.0,-794768860.559677,-975822513.1223185,48660.61262933232
100000,Strong adverse selection,3,0.25,1.6,41382.336005157114,8571.47462433637,1248845265.737337,1.0,0.0,-413275450.51213247,-594329103.074774,49953.810629493484
100000,Strong adverse selection,3,0.25,1.65,42675.534005318266,8571.47462433637,1281175215.741366,0.616,0.004863578929142612,-31782040.464593694,-212835693.0272353,51247.008629654636
100000,Strong adverse selection,3,0.25,1.7,43968.732005479425,8571.47462433637,1313505165.745395,0.0008,0.0002827295527531567,349711369.5829508,168657717.02030918,52540.206629815795
100000,Strong adverse selection,3,0.25,1.75,45261.93000564059,8571.47462433637,1345835115.749424,0.0,0.0,731204779.6304934,550151127.0678518,53833.40462997696
100000,Strong adverse selection,3,0.25,1.8,46555.12800580175,8571.47462433637,1378165065.753453,0.0,0.0,1112698189.678034,931644537.1153924,55126.60263013812
100000,Strong adverse selection,3,0.25,1.85,47848.32600596291,8571.47462433637,1410495015.757482,0.0,0.0,1494191599.7255766,1313137947.162935,56419.80063029928
100000,Strong adverse selection,3,0.25,1.9,49141.52400612407,8571.47462433637,1442824965.761511,0.0,0.0,1875685009.7731194,1694631357.2104776,57712.99863046044
100000,Strong adverse selection,3,0.25,1.95,50434.72200628523,8571.47462433637,1475154915.76554,0.0,0.0,2257178419.8206596,2076124767.2580183,59006.1966306216
100000,Strong adverse selection,3,0.25,2.0,51727.92000644639,8571.47462433637,1507484865.769569,0.0,0.0,2638671829.868202,2457618177.3055606,60299.39463078276
100000,Strong adverse selection,3,0.25,2.05,53021.11800660754,8571.47462433637,1539814815.7735977,0.0,0.0,3020165239.9157453,2839111587.353103,61592.59263094391
100000,Strong adverse selection,3,0.25,2.1,54314.316006768706,8571.47462433637,1572144765.777627,0.0,0.0,3401658649.9632874,3220604997.4006457,62885.790631105076
100000,Strong adverse selection,3,0.25,2.15,55607.514006929865,8571.47462433637,1604474715.7816558,0.0,0.0,3783152060.0108266,3602098407.4481845,64178.988631266235
100000,Strong adverse selection,3,0.25,2.2,56900.71200709103,8571.47462433637,1636804665.785685,0.0,0.0,4164645470.058372,3983591817.495731,65472.1866314274
100000,Strong adverse selection,3,0.25,2.25,58193.91000725218,8571.47462433637,1669134615.789714,0.0,0.0,4546138880.105916,4365085227.543274,66765.38463158856
100000,Strong adverse selection,3,0.25,2.3,59487.10800741334,8571.47462433637,1701464565.793743,0.0,0.0,4927632290.153454,4746578637.590813,68058.58263174971
100000,Strong adverse selection,3,0.25,2.35,60780.30600757451,8571.47462433637,1733794515.797772,0.0,0.0,5309125700.200996,5128072047.638355,69351.78063191088
100000,Strong adverse selection,3,0.25,2.4,62073.50400773566,8571.47462433637,1766124465.8018007,0.0,0.0,5690619110.248539,5509565457.685898,70644.97863207203
100000,Strong adverse selection,3,0.25,2.45,63366.70200789683,8571.47462433637,1798454415.80583,0.0,0.0,6072112520.296086,5891058867.733444,71938.1766322332
100000,Strong adverse selection,3,0.25,2.5,64659.900008057986,8571.47462433637,1830784365.8098588,0.0,0.0,6453605930.343624,6272552277.780983,73231.37463239435
100000,Strong adverse selection,3,0.5,0.0,0.0,8571.47462433637,428573731.2168185,1.0,0.0,-12406777706.425074,-12587831358.987715,8571.47462433637
100000,Strong adverse selection,3,0.5,0.05,1293.1980001611598,8571.47462433637,493233631.22487646,1.0,0.0,-11992954346.373503,-12174007998.936144,9864.672624497529
100000,Strong adverse selection,3,0.5,0.1,2586.3960003223197,8571.47462433637,557893531.2329345,1.0,0.0,-11579130986.32193,-11760184638.884573,11157.87062465869
100000,Strong adverse selection,3,0.5,0.15,3879.594000483479,8571.47462433637,622553431.2409924,1.0,0.0,-11165307626.270359,-11346361278.833002,12451.068624819849
100000,Strong adverse selection,3,0.5,0.2,5172.792000644639,8571.47462433637,687213331.2490505,1.0,0.0,-10751484266.218788,-10932537918.78143,13744.26662498101
100000,Strong adverse selection,3,0.5,0.25,6465.990000805798,8571.47462433637,751873231.2571084,1.0,0.0,-10337660906.167217,-10518714558.729858,15037.46462514217
100000,Strong adverse selection,3,0.5,0.3,7759.188000966958,8571.47462433637,816533131.2651664,1.0,0.0,-9923837546.115644,-10104891198.678288,16330.662625303328
100000,Strong adverse selection,3,0.5,0.35,9052.386001128118,8571.47462433637,881193031.2732244,1.0,0.0,-9510014186.064075,-9691067838.626717,17623.860625464487
100000,Strong adverse selection,3,0.5,0.4,10345.584001289279,8571.47462433637,945852931.2812825,1.0,0.0,-9096190826.012505,-9277244478.575144,18917.05862562565
100000,Strong adverse selection,3,0.5,0.45,11638.782001450438,8571.47462433637,1010512831.2893405,1.0,0.0,-8682367465.960932,-8863421118.523573,20210.25662578681
100000,Strong adverse selection,3,0.5,0.5,12931.980001611597,8571.47462433637,1075172731.2973983,1.0,0.0,-8268544105.909361,-8449597758.472003,21503.45462594797
100000,Strong adverse selection,3,0.5,0.55,14225.178001772758,8571.47462433637,1139832631.3054564,1.0,0.0,-7854720745.857789,-8035774398.420431,22796.652626109128
100000,Strong adverse selection,3,0.5,0.6,15518.376001933915,8571.47462433637,1204492531.3135142,1.0,0.0,-7440897385.80622,-7621951038.368862,24089.850626270287
100000,Strong adverse selection,3,0.5,0.65,16811.574002095076,8571.47462433637,1269152431.3215723,1.0,0.0,-7027074025.754647,-7208127678.317288,25383.048626431446
100000,Strong adverse selection,3,0.5,0.7,18104.772002256235,8571.47462433637,1333812331.3296301,1.0,0.0,-6613250665.703078,-6794304318.265719,26676.246626592605
100000,Strong adverse selection,3,0.5,0.75,19397.970002417394,8571.47462433637,1398472231.3376882,1.0,0.0,-6199427305.651506,-6380480958.214148,27969.444626753764
100000,Strong adverse selection,3,0.5,0.8,20691.168002578557,8571.47462433637,1463132131.3457463,1.0,0.0,-5785603945.599936,-5966657598.162577,29262.642626914927
100000,Strong adverse selection,3,0.5,0.85,21984.366002739713,8571.47462433637,1527792031.353804,1.0,0.0,-5371780585.548364,-5552834238.111006,30555.840627076082
100000,Strong adverse selection,3,0.5,0.9,23277.564002900875,8571.47462433637,1592451931.3618622,1.0,0.0,-4957957225.496792,-5139010878.059433,31849.038627237245
100000,Strong adverse selection,3,0.5,0.95,24570.762003062035,8571.47462433637,1657111831.3699205,1.0,0.0,-4544133865.445219,-4725187518.00786,33142.23662739841
100000,Strong adverse selection,3,0.5,1.0,25863.960003223194,8571.47462433637,1721771731.377978,1.0,0.0,-4130310505.3936515,-4311364157.956293,34435.43462755956
100000,Strong adverse selection,3,0.5,1.05,27157.158003384353,8571.47462433637,1786431631.3860364,1.0,0.0,-3716487145.3420796,-3897540797.904721,35728.632627720726
100000,Strong adverse selection,3,0.5,1.1,28450.356003545516,8571.47462433637,1851091531.3940942,1.0,0.0,-3302663785.2905064,-3483717437.853148,37021.830627881885
100000,Strong adverse selection,3,0.5,1.15,29743.55400370667,8571.47462433637,1915751431.4021523,1.0,0.0,-2888840425.238935,-3069894077.801577,38315.028628043045
100000,Strong adverse selection,3,0.5,1.2,31036.75200386783,8571.47462433637,1980411331.41021,1.0,0.0,-2475017065.187368,-2656070717.75001,39608.2266282042
100000,Strong adverse selection,3,0.5,1.25,32329.950004028993,8571.47462433637,2045071231.4182682,1.0,0.0,-2061193705.1357954,-2242247357.698437,40901.42462836536
100000,Strong adverse selection,3,0.5,1.3,33623.14800419015,8571.47462433637,2109731131.426326,1.0,0.0,-1647370345.0842226,-1828423997.6468642,42194.62262852652
100000,Strong adverse selection,3,0.5,1.35,34916.34600435131,8571.47462433637,2174391031.434384,1.0,0.0,-1233546985.0326536,-1414600637.5952952,43487.82062868768
100000,Strong adverse selection,3,0.5,1.4,36209.54400451247,8571.47462433637,2239050931.442442,1.0,0.0,-819723624.9810828,-1000777277.5437243,44781.01862884884
100000,Strong adverse selection,3,0.5,1.45,37502.74200467363,8571.47462433637,2303710831.4505,1.0,0.0,-405900264.92951185,-586953917.4921534,46074.21662901
100000,Strong adverse selection,3,0.5,1.5,38795.94000483479,8571.47462433637,2368370731.458558,0.4751,0.004993796051101807,7923095.122062875,-173130557.44057873,47367.41462917116
100000,Strong adverse selection,3,0.5,1.55,40089.13800499595,8571.47462433637,2433030631.4666157,0.0,0.0,421746455.17363185,240692802.61099026,48660.61262933232
100000,Strong adverse selection,3,0.5,1.6,41382.336005157114,8571.47462433637,2497690531.474674,0.0,0.0,835569815.2252047,654516162.6625631,49953.810629493484
100000,Strong adverse selection,3,0.5,1.65,42675.534005318266,8571.47462433637,2562350431.482732,0.0,0.0,1249393175.2767718,1068339522.7141302,51247.008629654636
100000,Strong adverse selection,3,0.5,1.7,43968.732005479425,8571.47462433637,2627010331.49079,0.0,0.0,1663216535.3283446,1482162882.765703,52540.206629815795
100000,Strong adverse selection,3,0.5,1.75,45261.93000564059,8571.47462433637,2691670231.498848,0.0,0.0,2077039895.3799171,1895986242.8172758,53833.40462997696
100000,Strong adverse selection,3,0.5,1.8,46555.12800580175,8571.47462433637,2756330131.506906,0.0,0.0,2490863255.4314885,2309809602.8688464,55126.60263013812
100000,Strong adverse selection,3,0.5,1.85,47848.32600596291,8571.47462433637,2820990031.514964,0.0,0.0,2904686615.4830594,2723632962.9204173,56419.80063029928
100000,Strong adverse selection,3,0.5,1.9,49141.52400612407,8571.47462433637,2885649931.523022,0.0,0.0,3318509975.5346303,3137456322.971988,57712.99863046044
100000,Strong adverse selection,3,0.5,1.95,50434.72200628523,8571.47462433637,2950309831.53108,0.0,0.0,3732333335.586197,3551279683.0235553,59006.1966306216
100000,Strong adverse selection,3,0.5,2.0,51727.92000644639,8571.47462433637,3014969731.539138,0.0,0.0,4146156695.637772,3965103043.07513,60299.39463078276
100000,Strong adverse selection,3,0.5,2.05,53021.11800660754,8571.47462433637,3079629631.5471954,0.0,0.0,4559980055.6893425,4378926403.126701,61592.59263094391
100000,Strong adverse selection,3,0.5,2.1,54314.316006768706,8571.47462433637,3144289531.555254,0.0,0.0,4973803415.740917,4792749763.178276,62885.790631105076
100000,Strong adverse selection,3,0.5,2.15,55607.514006929865,8571.47462433637,3208949431.5633116,0.0,0.0,5387626775.792484,5206573123.229843,64178.988631266235
100000,Strong adverse selection,3,0.5,2.2,56900.71200709103,8571.47462433637,3273609331.57137,0.0,0.0,5801450135.844055,5620396483.281414,65472.1866314274
100000,Strong adverse selection,3,0.5,2.25,58193.91000725218,8571.47462433637,3338269231.579428,0.0,0.0,6215273495.89563,6034219843.332989,66765.38463158856
100000,Strong adverse selection,3,0.5,2.3,59487.10800741334,8571.47462433637,3402929131.587486,0.0,0.0,6629096855.947197,6448043203.384556,68058.58263174971
100000,Strong adverse selection,3,0.5,2.35,60780.30600757451,8571.47462433637,3467589031.595544,0.0,0.0,7042920215.998767,6861866563.436127,69351.78063191088
100000,Strong adverse selection,3,0.5,2.4,62073.50400773566,8571.47462433637,3532248931.6036015,0.0,0.0,7456743576.050343,7275689923.487701,70644.97863207203
100000,Strong adverse selection,3,0.5,2.45,63366.70200789683,8571.47462433637,3596908831.61166,0.0,0.0,7870566936.1019125,7689513283.539272,71938.1766322332
100000,Strong adverse selection,3,0.5,2.5,64659.900008057986,8571.47462433637,3661568731.6197176,0.0,0.0,8284390296.15348,8103336643.590839,73231.37463239435
